data_source,dataset_name,doi,license,condition_folder,run_id,repetition_idx,speed_rpm,pretension_n,unbalance_load_g,belt_condition,unbalance_state,fault_code,sampling_rate_hz,sample_count,unit,driver_rms,driver_peak,driver_peak_to_peak,driver_crest_factor,driver_kurtosis,driver_skewness,driver_dominant_freq_hz,driver_dominant_freq_amp,driver_spectral_centroid_hz,driver_spectral_energy,driven_rms,driven_peak,driven_peak_to_peak,driven_crest_factor,driven_kurtosis,driven_skewness,driven_dominant_freq_hz,driven_dominant_freq_amp,driven_spectral_centroid_hz,driven_spectral_energy,scientific_claim_disclaimer
research,mendeley_belt_drive,10.17632/jf8v2ndydr.1,CC BY 4.0,Data 70-H-0,1,1,400.0,70.0,0.0,healthy,normal_balanced,NORMAL,1000.0,10000,g (acceleration),0.030673132236981454,0.19793020700000002,0.314375,6.4528853939919095,0.6834713991547372,-0.14653978166176385,246.70000000000002,0.0068498852294950185,254.68340673306727,0.001881696005253152,0.028297326212139477,0.198852742,0.31328100000000003,7.0272625939723135,0.818684563982945,-0.1853725234513944,409.5,0.00601584760693804,257.34239701964566,0.0016015310580989222,"Mendeley belt-drive experimental dataset (DOI: 10.17632/jf8v2ndydr.1). Validated for vibration DSP, operating-condition baselining, and general anomaly detection. DOMAIN LIMITATION: Does NOT contain conveyor belt joint rupture labels."
research,mendeley_belt_drive,10.17632/jf8v2ndydr.1,CC BY 4.0,Data 70-H-0,2,2,400.0,70.0,0.0,healthy,normal_balanced,NORMAL,1000.0,10000,g (acceleration),0.030618222103492534,0.25101939900000003,0.374375,8.198366258874547,1.096386634581651,-0.20500937472856595,246.4,0.005231803763997966,257.0462328466647,0.001874995005682598,0.028308339811569477,0.2332156916,0.410782,8.238409357538018,1.2594742777876338,-0.21152088081443546,409.5,0.005774381647145315,257.29248709910826,0.001602732583390261,"Mendeley belt-drive experimental dataset (DOI: 10.17632/jf8v2ndydr.1). Validated for vibration DSP, operating-condition baselining, and general anomaly detection. DOMAIN LIMITATION: Does NOT contain conveyor belt joint rupture labels."
research,mendeley_belt_drive,10.17632/jf8v2ndydr.1,CC BY 4.0,Data 70-H-0,3,3,400.0,70.0,0.0,healthy,normal_balanced,NORMAL,1000.0,10000,g (acceleration),0.030508642028998913,0.168880699,0.28406200000000004,5.535503639902307,0.2578866536805928,-0.08355784174732277,246.0,0.005114196214353089,257.82743595068877,0.0018615599240818861,0.02847495810140358,0.1871591916,0.302969,6.572764424569059,0.993930599330549,-0.24314987039870378,409.5,0.005496872487177595,256.91342041745145,0.0016216478400689809,"Mendeley belt-drive experimental dataset (DOI: 10.17632/jf8v2ndydr.1). Validated for vibration DSP, operating-condition baselining, and general anomaly detection. DOMAIN LIMITATION: Does NOT contain conveyor belt joint rupture labels."
research,mendeley_belt_drive,10.17632/jf8v2ndydr.1,CC BY 4.0,Data 70-H-0,4,1,500.0,70.0,0.0,healthy,normal_balanced,NORMAL,1000.0,10000,g (acceleration),0.035994831930006195,0.21009557750000002,0.416875,5.8368261840628035,1.2113289052683003,-0.015925241178140218,304.5,0.009842605891059432,255.32590821378088,0.0025917997906494883,0.03368925654178662,0.2184342973,0.364063,6.483796905077559,0.7199333481632135,-0.07716798616209145,168.3,0.008551408513851765,251.42847742820024,0.002271743123299595,"Mendeley belt-drive experimental dataset (DOI: 10.17632/jf8v2ndydr.1). Validated for vibration DSP, operating-condition baselining, and general anomaly detection. DOMAIN LIMITATION: Does NOT contain conveyor belt joint rupture labels."
research,mendeley_belt_drive,10.17632/jf8v2ndydr.1,CC BY 4.0,Data 70-H-0,5,2,500.0,70.0,0.0,healthy,normal_balanced,NORMAL,1000.0,10000,g (acceleration),0.03559346939443969,0.2690715478,0.43875,7.559576303680966,0.8982569444708086,-0.18066119871953915,168.3,0.009866355796031841,257.1359374875423,0.002535707871466006,0.034691044124531625,0.19067878,0.337188,5.496484317840474,0.6871109730812859,-0.06646359767112739,168.3,0.008141714330128955,250.86676781655615,0.00240693830642445,"Mendeley belt-drive experimental dataset (DOI: 10.17632/jf8v2ndydr.1). Validated for vibration DSP, operating-condition baselining, and general anomaly detection. DOMAIN LIMITATION: Does NOT contain conveyor belt joint rupture labels."
research,mendeley_belt_drive,10.17632/jf8v2ndydr.1,CC BY 4.0,Data 70-H-0,6,3,500.0,70.0,0.0,healthy,normal_balanced,NORMAL,1000.0,10000,g (acceleration),0.03611018569590476,0.34368132889999997,0.5568759999999999,9.517573013726615,1.8568407994862852,-0.26303037476775853,168.3,0.0108677758059404,255.94969221095047,0.002608222107240015,0.033877691510995143,0.17674668559999998,0.347657,5.217199806623073,0.6590588089710074,-0.06943298530638536,168.3,0.008561300688618215,249.28915665258936,0.0022957030984540596,"Mendeley belt-drive experimental dataset (DOI: 10.17632/jf8v2ndydr.1). Validated for vibration DSP, operating-condition baselining, and general anomaly detection. DOMAIN LIMITATION: Does NOT contain conveyor belt joint rupture labels."
research,mendeley_belt_drive,10.17632/jf8v2ndydr.1,CC BY 4.0,Data 70-H-0,7,1,600.0,70.0,0.0,healthy,normal_balanced,NORMAL,1000.0,10000,g (acceleration),0.057159476299347395,0.3688417656,0.656249,6.452854180614862,1.2845696161572278,-0.135439201100391,344.40000000000003,0.02553779843553342,259.34911141946196,0.0065350595563995195,0.04882968107053182,0.2925466129,0.528906,5.991163703843003,0.9670327367372353,-0.17988433466633297,344.40000000000003,0.01506170255020659,251.59736540471235,0.004768845292511063,"Mendeley belt-drive experimental dataset (DOI: 10.17632/jf8v2ndydr.1). Validated for vibration DSP, operating-condition baselining, and general anomaly detection. DOMAIN LIMITATION: Does NOT contain conveyor belt joint rupture labels."
research,mendeley_belt_drive,10.17632/jf8v2ndydr.1,CC BY 4.0,Data 70-H-0,8,2,600.0,70.0,0.0,healthy,normal_balanced,NORMAL,1000.0,10000,g (acceleration),0.057614822600636474,0.31353095010000004,0.597188,5.441845274318982,1.1382651430484456,-0.15019223774399276,344.40000000000003,0.02544681813141055,258.10437593302964,0.006639652422445685,0.04908813395020947,0.2293333928,0.451094,4.6718702534631875,0.6613271989487606,-0.2452048745024911,344.40000000000003,0.014394377109737067,251.53471614675215,0.004819290921507877,"Mendeley belt-drive experimental dataset (DOI: 10.17632/jf8v2ndydr.1). Validated for vibration DSP, operating-condition baselining, and general anomaly detection. DOMAIN LIMITATION: Does NOT contain conveyor belt joint rupture labels."
research,mendeley_belt_drive,10.17632/jf8v2ndydr.1,CC BY 4.0,Data 70-H-0,9,3,600.0,70.0,0.0,healthy,normal_balanced,NORMAL,1000.0,10000,g (acceleration),0.05868240598804714,0.377023603,0.640938,6.424815013153941,1.2424693425775777,-0.17092987801550635,344.40000000000003,0.021980703643430723,256.4129967963207,0.006887338294127755,0.048610232904987706,0.4281257503,0.647031,8.80731740448155,1.2083879456676128,-0.23315245410614518,344.40000000000003,0.011777494099372244,252.86981195533437,0.004726153308353239,"Mendeley belt-drive experimental dataset (DOI: 10.17632/jf8v2ndydr.1). Validated for vibration DSP, operating-condition baselining, and general anomaly detection. DOMAIN LIMITATION: Does NOT contain conveyor belt joint rupture labels."
research,mendeley_belt_drive,10.17632/jf8v2ndydr.1,CC BY 4.0,Data 70-H-0,10,1,700.0,70.0,0.0,healthy,normal_balanced,NORMAL,1000.0,10000,g (acceleration),0.06512590469022411,0.3472376981,0.675,5.331790778978967,0.9886677722433466,-0.060395015812126564,235.70000000000002,0.015210923226975544,264.0677331217239,0.008483709825453921,0.06298194010124805,0.3907097832,0.714375,6.20352092317108,0.8287615877549106,-0.14800998406091123,235.70000000000002,0.015687985785911032,256.39997652038767,0.007934938130811548,"Mendeley belt-drive experimental dataset (DOI: 10.17632/jf8v2ndydr.1). Validated for vibration DSP, operating-condition baselining, and general anomaly detection. DOMAIN LIMITATION: Does NOT contain conveyor belt joint rupture labels."
research,mendeley_belt_drive,10.17632/jf8v2ndydr.1,CC BY 4.0,Data 70-H-0,11,2,700.0,70.0,0.0,healthy,normal_balanced,NORMAL,1000.0,10000,g (acceleration),0.06833659456296852,0.5047002578,0.8640620000000001,7.385504955693186,1.8087332244251213,-0.24392526380269794,384.70000000000005,0.01815837136094884,262.73174396843706,0.009340787628745018,0.06559424610624204,0.5410394515,0.880469,8.248276085431126,1.3523446352272979,-0.020217340028961136,235.70000000000002,0.01565406254571927,258.06306226886284,0.008605429385426105,"Mendeley belt-drive experimental dataset (DOI: 10.17632/jf8v2ndydr.1). Validated for vibration DSP, operating-condition baselining, and general anomaly detection. DOMAIN LIMITATION: Does NOT contain conveyor belt joint rupture labels."
research,mendeley_belt_drive,10.17632/jf8v2ndydr.1,CC BY 4.0,Data 70-H-0,12,3,700.0,70.0,0.0,healthy,normal_balanced,NORMAL,1000.0,10000,g (acceleration),0.06895709648639683,0.4443021654,0.8740619999999999,6.443168115230134,1.820128926056567,-0.2946748917961953,384.70000000000005,0.016533983672249133,261.60089728381746,0.009510725636557834,0.06452994785660221,0.6917112990000001,0.9393750000000001,10.719229163753763,2.7865963919392422,-0.368919037596549,282.2,0.015142647662614788,257.08368305417184,0.008329339561604181,"Mendeley belt-drive experimental dataset (DOI: 10.17632/jf8v2ndydr.1). Validated for vibration DSP, operating-condition baselining, and general anomaly detection. DOMAIN LIMITATION: Does NOT contain conveyor belt joint rupture labels."
research,mendeley_belt_drive,10.17632/jf8v2ndydr.1,CC BY 4.0,Data 70-H-0,13,1,800.0,70.0,0.0,healthy,normal_balanced,NORMAL,1000.0,10000,g (acceleration),0.0849602182401068,0.5612331653,0.933751,6.605834788628887,1.3133691474759566,-0.18508158165226066,301.6,0.01942784688318822,262.7594807249297,0.014436992041129379,0.0770737826276127,0.8982733186,1.297344,11.6547195164933,3.4804076961559653,-0.304681735350657,267.5,0.028396805102280855,249.840669562923,0.011882223651578601,"Mendeley belt-drive experimental dataset (DOI: 10.17632/jf8v2ndydr.1). Validated for vibration DSP, operating-condition baselining, and general anomaly detection. DOMAIN LIMITATION: Does NOT contain conveyor belt joint rupture labels."
research,mendeley_belt_drive,10.17632/jf8v2ndydr.1,CC BY 4.0,Data 70-H-0,14,2,800.0,70.0,0.0,healthy,normal_balanced,NORMAL,1000.0,10000,g (acceleration),0.08748900499058183,0.4785062918,0.8784369999999999,5.469330595901862,1.317951207730344,-0.10397789630761137,301.6,0.020841004158631025,261.7980524583579,0.01531023920737696,0.07922314394784247,0.8040853123,1.4456250000000002,10.149626387326657,2.2163713592855103,0.17960414989049356,267.5,0.03202023606032818,251.33808875625778,0.012552613883823347,"Mendeley belt-drive experimental dataset (DOI: 10.17632/jf8v2ndydr.1). Validated for vibration DSP, operating-condition baselining, and general anomaly detection. DOMAIN LIMITATION: Does NOT contain conveyor belt joint rupture labels."
research,mendeley_belt_drive,10.17632/jf8v2ndydr.1,CC BY 4.0,Data 70-H-0,15,3,800.0,70.0,0.0,healthy,normal_balanced,NORMAL,1000.0,10000,g (acceleration),0.09296233633325013,0.4494849482,0.894063,4.835129644210881,1.2146020953954348,-0.20411376783813975,133.3,0.019045368159587253,259.3697573447958,0.017284541489546307,0.08112840409506089,0.5737771418,0.988906,7.072456905816684,0.8486887032800903,-0.10614283775769796,267.5,0.028530607626769084,248.43359241120322,0.013163637531200348,"Mendeley belt-drive experimental dataset (DOI: 10.17632/jf8v2ndydr.1). Validated for vibration DSP, operating-condition baselining, and general anomaly detection. DOMAIN LIMITATION: Does NOT contain conveyor belt joint rupture labels."
research,mendeley_belt_drive,10.17632/jf8v2ndydr.1,CC BY 4.0,Data 70-H-0,16,1,900.0,70.0,0.0,healthy,normal_balanced,NORMAL,1000.0,10000,g (acceleration),0.12053513440451076,0.6041714180000001,1.1868750000000001,5.012409211511945,1.0712116974140926,-0.10027585302879778,150.20000000000002,0.03130155621254189,258.2802648202924,0.02906231362769958,0.10221875493524754,0.6922054151,1.347187,6.771804406524918,0.8608632878434337,-0.04131937888966635,150.20000000000002,0.02558623614526418,249.3275631247355,0.020904217850025213,"Mendeley belt-drive experimental dataset (DOI: 10.17632/jf8v2ndydr.1). Validated for vibration DSP, operating-condition baselining, and general anomaly detection. DOMAIN LIMITATION: Does NOT contain conveyor belt joint rupture labels."
research,mendeley_belt_drive,10.17632/jf8v2ndydr.1,CC BY 4.0,Data 70-H-0,17,2,900.0,70.0,0.0,healthy,normal_balanced,NORMAL,1000.0,10000,g (acceleration),0.12216251656718265,0.6515854713,1.1881249999999999,5.333759401900205,1.103584280744692,-0.14435581227847225,150.20000000000002,0.0322245061583825,257.8113938440763,0.02985036537576634,0.10436932359067755,0.6897103469,1.316875,6.608362717813054,1.0146204521498055,-0.09630292495649335,150.20000000000002,0.025600087501574928,249.16436776309905,0.021785942961005608,"Mendeley belt-drive experimental dataset (DOI: 10.17632/jf8v2ndydr.1). Validated for vibration DSP, operating-condition baselining, and general anomaly detection. DOMAIN LIMITATION: Does NOT contain conveyor belt joint rupture labels."
research,mendeley_belt_drive,10.17632/jf8v2ndydr.1,CC BY 4.0,Data 70-H-0,18,3,900.0,70.0,0.0,healthy,normal_balanced,NORMAL,1000.0,10000,g (acceleration),0.1222508786292924,0.6183238590702427,1.198417292148593,5.057827526501611,1.028874650570974,-0.11131047633154814,150.20000000000002,0.03136358108852586,258.3180560468333,0.02989329281754704,0.10418822207446565,0.7038975574630861,1.367276537842141,6.756018515797254,0.8034029878182332,-0.03851082723479205,150.20000000000002,0.02588019223588196,249.48442986782393,0.021717841684171266,"Mendeley belt-drive experimental dataset (DOI: 10.17632/jf8v2ndydr.1). Validated for vibration DSP, operating-condition baselining, and general anomaly detection. DOMAIN LIMITATION: Does NOT contain conveyor belt joint rupture labels."
research,mendeley_belt_drive,10.17632/jf8v2ndydr.1,CC BY 4.0,Data 70-H-0,19,1,1000.0,70.0,0.0,healthy,normal_balanced,NORMAL,1000.0,10000,g (acceleration),0.14389280889927336,0.7370791822,1.410937,5.122418471349489,0.9481892517736981,-0.3079045693604294,166.8,0.04477046296846917,257.2551925035523,0.04142528652395076,0.12499669369518185,0.9626957211,1.735157,7.701769483980425,2.625692241591686,-0.2520695848951445,166.8,0.03438024996351707,247.60442174575195,0.031248358669713094,"Mendeley belt-drive experimental dataset (DOI: 10.17632/jf8v2ndydr.1). Validated for vibration DSP, operating-condition baselining, and general anomaly detection. DOMAIN LIMITATION: Does NOT contain conveyor belt joint rupture labels."
research,mendeley_belt_drive,10.17632/jf8v2ndydr.1,CC BY 4.0,Data 70-H-0,20,2,1000.0,70.0,0.0,healthy,normal_balanced,NORMAL,1000.0,10000,g (acceleration),0.14391024058872068,0.7315500059,1.3475000000000001,5.08337699184791,0.9036572086287848,-0.3632714609559091,166.8,0.04466287470982439,257.91398446966224,0.041420554383346395,0.12452194243303345,1.4992311264999998,2.5965619999999996,12.039895115724443,3.9628373811129585,-0.04433711322049716,166.8,0.033412110209856,249.63950838422318,0.031016945087553663,"Mendeley belt-drive experimental dataset (DOI: 10.17632/jf8v2ndydr.1). Validated for vibration DSP, operating-condition baselining, and general anomaly detection. DOMAIN LIMITATION: Does NOT contain conveyor belt joint rupture labels."
research,mendeley_belt_drive,10.17632/jf8v2ndydr.1,CC BY 4.0,Data 70-H-0,21,3,1000.0,70.0,0.0,healthy,normal_balanced,NORMAL,1000.0,10000,g (acceleration),0.15448247057604106,0.7886448053,1.5350000000000001,5.105076338818679,0.8736230373107223,-0.27360032728732764,166.8,0.048834946355138215,257.90617515506784,0.047730854368271555,0.1293946790522236,1.0759582216999999,2.015469,8.315320456614325,2.0925990726384374,-0.05724985878648656,166.8,0.035384502975798836,247.65517510014575,0.033486626904175525,"Mendeley belt-drive experimental dataset (DOI: 10.17632/jf8v2ndydr.1). Validated for vibration DSP, operating-condition baselining, and general anomaly detection. DOMAIN LIMITATION: Does NOT contain conveyor belt joint rupture labels."
research,mendeley_belt_drive,10.17632/jf8v2ndydr.1,CC BY 4.0,Data 70-H-0,22,1,1100.0,70.0,0.0,healthy,normal_balanced,NORMAL,1000.0,10000,g (acceleration),0.15370992267362102,0.782193029,1.393125,5.088760799527982,0.9713605886975061,-0.30531933228127095,78.10000000000001,0.01709538092647047,255.73721781679453,0.04725713191686676,0.14492637806982991,1.4235894065999999,2.81625,9.822845403022985,4.2282575218305425,-0.21615401505535917,78.10000000000001,0.02568668267540616,248.92449794835295,0.042007871659301005,"Mendeley belt-drive experimental dataset (DOI: 10.17632/jf8v2ndydr.1). Validated for vibration DSP, operating-condition baselining, and general anomaly detection. DOMAIN LIMITATION: Does NOT contain conveyor belt joint rupture labels."
research,mendeley_belt_drive,10.17632/jf8v2ndydr.1,CC BY 4.0,Data 70-H-0,23,2,1100.0,70.0,0.0,healthy,normal_balanced,NORMAL,1000.0,10000,g (acceleration),0.15379141033311425,0.8628795434,1.600626,5.610713508192632,1.0701825794386277,-0.2001710447544571,78.10000000000001,0.01747784582107556,254.5171404369361,0.04730762381357251,0.14420855031326468,1.2057371229,2.218438,8.361065417277779,2.421059699388369,-0.09834026214517314,78.10000000000001,0.02621860526607888,247.94705958672247,0.041592263324788326,"Mendeley belt-drive experimental dataset (DOI: 10.17632/jf8v2ndydr.1). Validated for vibration DSP, operating-condition baselining, and general anomaly detection. DOMAIN LIMITATION: Does NOT contain conveyor belt joint rupture labels."
research,mendeley_belt_drive,10.17632/jf8v2ndydr.1,CC BY 4.0,Data 70-H-0,24,3,1100.0,70.0,0.0,healthy,normal_balanced,NORMAL,1000.0,10000,g (acceleration),0.16240855597270493,0.8196007240000001,1.55125,5.046536613118743,0.9424611206666067,-0.14881734930482113,160.20000000000002,0.017647452054597536,255.7725093427699,0.05276068629993367,0.15511914720590242,1.6543516399,3.217813,10.665038260583284,5.951512632147129,-0.1904959344310672,367.90000000000003,0.024897585809569054,247.37094104281033,0.04813122345934807,"Mendeley belt-drive experimental dataset (DOI: 10.17632/jf8v2ndydr.1). Validated for vibration DSP, operating-condition baselining, and general anomaly detection. DOMAIN LIMITATION: Does NOT contain conveyor belt joint rupture labels."
research,mendeley_belt_drive,10.17632/jf8v2ndydr.1,CC BY 4.0,Data 70-H-0,25,1,1200.0,70.0,0.0,healthy,normal_balanced,NORMAL,1000.0,10000,g (acceleration),0.21542495110796794,1.2021915348999999,2.3865629999999998,5.580558466959932,0.9326763653111634,-0.09583468599394246,389.1,0.04642947226129043,259.865729836555,0.09281999534834467,0.19323402366269837,1.8728825955,3.114688,9.692302421695826,2.2807581608036163,0.07608689971185226,349.1,0.02704300795554982,248.38091283546515,0.07468984168995912,"Mendeley belt-drive experimental dataset (DOI: 10.17632/jf8v2ndydr.1). Validated for vibration DSP, operating-condition baselining, and general anomaly detection. DOMAIN LIMITATION: Does NOT contain conveyor belt joint rupture labels."
research,mendeley_belt_drive,10.17632/jf8v2ndydr.1,CC BY 4.0,Data 70-H-0,26,2,1200.0,70.0,0.0,healthy,normal_balanced,NORMAL,1000.0,10000,g (acceleration),0.2131945128318083,1.1660883371,2.24625,5.469598263159526,0.9806710419938942,-0.08760189552655873,389.1,0.04414487774988349,257.45869527206156,0.09090701230992693,0.19379005296283938,1.4812323409,2.8621879999999997,7.6434900463339925,2.051384580423739,-0.08007727833012293,349.1,0.029565972161555043,246.6464840784664,0.07511950886996135,"Mendeley belt-drive experimental dataset (DOI: 10.17632/jf8v2ndydr.1). Validated for vibration DSP, operating-condition baselining, and general anomaly detection. DOMAIN LIMITATION: Does NOT contain conveyor belt joint rupture labels."
research,mendeley_belt_drive,10.17632/jf8v2ndydr.1,CC BY 4.0,Data 70-H-0,27,3,1200.0,70.0,0.0,healthy,normal_balanced,NORMAL,1000.0,10000,g (acceleration),0.18742851112324346,1.0165885346,1.8678120000000002,5.423873499862266,1.1238998997141296,-0.13183484144615545,349.1,0.034505867468527025,256.81618118810525,0.0702600958965155,0.17757040997224202,1.7586433919000002,2.955938,9.903921448257696,3.5966760115766085,-0.3851242165014693,349.1,0.03569480698934847,248.74232228580925,0.06307675831802823,"Mendeley belt-drive experimental dataset (DOI: 10.17632/jf8v2ndydr.1). Validated for vibration DSP, operating-condition baselining, and general anomaly detection. DOMAIN LIMITATION: Does NOT contain conveyor belt joint rupture labels."
research,mendeley_belt_drive,10.17632/jf8v2ndydr.1,CC BY 4.0,Data 70-H-0,28,1,1300.0,70.0,0.0,healthy,normal_balanced,NORMAL,1000.0,10000,g (acceleration),0.25026351508909944,1.3581265558000002,2.623437,5.426786063148184,1.2063523415868946,-0.08761581656520238,217.5,0.03083300937313582,259.1430172211329,0.12526900083153172,0.2235689454576668,1.8753779490000002,3.4309380000000003,8.38836514239902,1.5580804051687949,-0.12424430485214544,217.5,0.03298339628597392,253.31081512530457,0.09998718351382871,"Mendeley belt-drive experimental dataset (DOI: 10.17632/jf8v2ndydr.1). Validated for vibration DSP, operating-condition baselining, and general anomaly detection. DOMAIN LIMITATION: Does NOT contain conveyor belt joint rupture labels."
research,mendeley_belt_drive,10.17632/jf8v2ndydr.1,CC BY 4.0,Data 70-H-0,29,2,1300.0,70.0,0.0,healthy,normal_balanced,NORMAL,1000.0,10000,g (acceleration),0.24839823254523577,1.4455911577,2.626875,5.819651544568634,1.2671205965568664,-0.10161031690075017,217.5,0.03502638776395841,259.20636718899925,0.12340546269611956,0.22410791436450217,1.6279629261000002,2.962187,7.26419203318356,1.7581698224347582,-0.16929054911979113,217.5,0.036874190270856665,251.4591486710631,0.10045677276389028,"Mendeley belt-drive experimental dataset (DOI: 10.17632/jf8v2ndydr.1). Validated for vibration DSP, operating-condition baselining, and general anomaly detection. DOMAIN LIMITATION: Does NOT contain conveyor belt joint rupture labels."
research,mendeley_belt_drive,10.17632/jf8v2ndydr.1,CC BY 4.0,Data 70-H-0,30,3,1300.0,70.0,0.0,healthy,normal_balanced,NORMAL,1000.0,10000,g (acceleration),0.2440831400064762,1.1228913371,2.178438,4.600446131060943,0.915750083566854,-0.07013598554643634,217.5,0.03364604009912339,259.8690514416205,0.11915369699875362,0.22834547729972135,2.4235749517,3.658281,10.613632380022434,2.8924551023985883,-0.34051289217021424,217.5,0.03625109663575769,253.5120229974088,0.10429021820738853,"Mendeley belt-drive experimental dataset (DOI: 10.17632/jf8v2ndydr.1). Validated for vibration DSP, operating-condition baselining, and general anomaly detection. DOMAIN LIMITATION: Does NOT contain conveyor belt joint rupture labels."
research,mendeley_belt_drive,10.17632/jf8v2ndydr.1,CC BY 4.0,Data 70-H-0,31,1,1400.0,70.0,0.0,healthy,normal_balanced,NORMAL,1000.0,10000,g (acceleration),0.30362581556394286,1.3206527253,2.599375,4.349606184991453,0.5254497325272367,-0.11228056341875083,232.9,0.07477168871215854,260.8176198624137,0.18440135491816223,0.27056237305446734,1.985466721,3.624531,7.338295782171834,1.7491944047900203,-0.10872456206279466,232.9,0.07629029139713737,251.3336511734183,0.14640848925091235,"Mendeley belt-drive experimental dataset (DOI: 10.17632/jf8v2ndydr.1). Validated for vibration DSP, operating-condition baselining, and general anomaly detection. DOMAIN LIMITATION: Does NOT contain conveyor belt joint rupture labels."
research,mendeley_belt_drive,10.17632/jf8v2ndydr.1,CC BY 4.0,Data 70-H-0,32,2,1400.0,70.0,0.0,healthy,normal_balanced,NORMAL,1000.0,10000,g (acceleration),0.30055305275160643,1.4503206268,2.617501,4.825506224349099,0.6180691413429336,-0.08131093467948725,232.9,0.07591747171353384,259.6329214469728,0.18066762003498704,0.2685948215229216,2.68798005,4.912656,10.007564683337021,2.8028361299385054,-0.05255175408546919,232.9,0.07267443328121599,248.97950453147885,0.14429273599273423,"Mendeley belt-drive experimental dataset (DOI: 10.17632/jf8v2ndydr.1). Validated for vibration DSP, operating-condition baselining, and general anomaly detection. DOMAIN LIMITATION: Does NOT contain conveyor belt joint rupture labels."
research,mendeley_belt_drive,10.17632/jf8v2ndydr.1,CC BY 4.0,Data 70-H-0,33,3,1400.0,70.0,0.0,healthy,normal_balanced,NORMAL,1000.0,10000,g (acceleration),0.2945710631471247,1.3136407861000001,2.477188,4.459503836070608,0.47335625562364303,-0.13173157854512832,232.9,0.07887250033981218,259.9045211271215,0.17354422605290262,0.27222441994708996,1.9238999682,3.2554689999999997,7.067330581782239,0.9570724463137439,-0.08585275581138886,232.9,0.08413212001800649,250.35550854080117,0.1482156381010689,"Mendeley belt-drive experimental dataset (DOI: 10.17632/jf8v2ndydr.1). Validated for vibration DSP, operating-condition baselining, and general anomaly detection. DOMAIN LIMITATION: Does NOT contain conveyor belt joint rupture labels."
research,mendeley_belt_drive,10.17632/jf8v2ndydr.1,CC BY 4.0,Data 70-H-0,34,1,1500.0,70.0,0.0,healthy,normal_balanced,NORMAL,1000.0,10000,g (acceleration),0.31213060827289546,1.5512601502999999,2.898125,4.969907177266431,0.4168595948381042,-0.03509108109792353,250.5,0.07911812351614095,255.93590138692312,0.19485257885519203,0.3252361398179974,2.5298547642,4.170469,7.778516758979214,0.755467199904992,-0.09693333389374914,250.5,0.10451844673823305,248.33439830248736,0.21156135620944452,"Mendeley belt-drive experimental dataset (DOI: 10.17632/jf8v2ndydr.1). Validated for vibration DSP, operating-condition baselining, and general anomaly detection. DOMAIN LIMITATION: Does NOT contain conveyor belt joint rupture labels."
research,mendeley_belt_drive,10.17632/jf8v2ndydr.1,CC BY 4.0,Data 70-H-0,35,2,1500.0,70.0,0.0,healthy,normal_balanced,NORMAL,1000.0,10000,g (acceleration),0.31450267044857677,1.5592743447,2.7840629999999997,4.957904943942126,0.4333449191020895,-0.08545733098907464,250.5,0.0923651918299768,256.62808828559895,0.19782454000104996,0.33612372828156256,2.2964672977,4.359844000000001,6.832208215232892,1.0620921781253614,-0.003118514285207249,250.5,0.09686554074505449,247.89895993479192,0.2259591949961628,"Mendeley belt-drive experimental dataset (DOI: 10.17632/jf8v2ndydr.1). Validated for vibration DSP, operating-condition baselining, and general anomaly detection. DOMAIN LIMITATION: Does NOT contain conveyor belt joint rupture labels."
research,mendeley_belt_drive,10.17632/jf8v2ndydr.1,CC BY 4.0,Data 70-H-0,36,3,1500.0,70.0,0.0,healthy,normal_balanced,NORMAL,1000.0,10000,g (acceleration),0.3116331633661037,1.3304478199,2.5025,4.2692754696874236,0.3252582680213214,-0.10846267161546626,250.5,0.09535243325603195,254.52401499909848,0.19440799353795962,0.3358283328741076,1.9129290464000002,3.467031,5.6961514534186195,0.7355416454750738,-0.00464833246987254,250.5,0.09551528286921918,245.0881785232307,0.22557614280210522,"Mendeley belt-drive experimental dataset (DOI: 10.17632/jf8v2ndydr.1). Validated for vibration DSP, operating-condition baselining, and general anomaly detection. DOMAIN LIMITATION: Does NOT contain conveyor belt joint rupture labels."
research,mendeley_belt_drive,10.17632/jf8v2ndydr.1,CC BY 4.0,Data 70-H-0,37,1,1600.0,70.0,0.0,healthy,normal_balanced,NORMAL,1000.0,10000,g (acceleration),0.3090198606923504,1.5491638171,2.774063,5.013152920427644,0.5719551823918829,-0.17143764993329022,266.8,0.06791616372311025,254.90989068711445,0.19098655687693752,0.38990411677240094,2.3924418399,4.761094,6.135974812742339,0.6725215572881389,-0.052552940149693333,266.8,0.09950625591759002,249.70354865024288,0.30405641919138304,"Mendeley belt-drive experimental dataset (DOI: 10.17632/jf8v2ndydr.1). Validated for vibration DSP, operating-condition baselining, and general anomaly detection. DOMAIN LIMITATION: Does NOT contain conveyor belt joint rupture labels."
research,mendeley_belt_drive,10.17632/jf8v2ndydr.1,CC BY 4.0,Data 70-H-0,38,2,1600.0,70.0,0.0,healthy,normal_balanced,NORMAL,1000.0,10000,g (acceleration),0.3060610697809551,1.2530996604,2.364376,4.094279815779351,0.4746439140909118,-0.05270779213531515,266.8,0.062253011363321925,254.62940107337903,0.1873613716892879,0.3904646929261715,2.1789091714,4.243125,5.580297555384822,0.5651904046564731,-0.11263689159603402,266.8,0.0833476163069312,248.98995553532103,0.30497535124787156,"Mendeley belt-drive experimental dataset (DOI: 10.17632/jf8v2ndydr.1). Validated for vibration DSP, operating-condition baselining, and general anomaly detection. DOMAIN LIMITATION: Does NOT contain conveyor belt joint rupture labels."
research,mendeley_belt_drive,10.17632/jf8v2ndydr.1,CC BY 4.0,Data 70-H-0,39,3,1600.0,70.0,0.0,healthy,normal_balanced,NORMAL,1000.0,10000,g (acceleration),0.31099830984260274,1.5070083693,2.9071870000000004,4.845712409378372,0.6826572177532433,-0.17591423498996311,266.8,0.059740862549378916,256.15007862767993,0.19344104467551268,0.4035538290969238,2.2181343814999996,4.157812999999999,5.496501882942753,0.6960602880681113,-0.09010805042526088,266.8,0.0892385965210578,247.9054262116292,0.3257114035124985,"Mendeley belt-drive experimental dataset (DOI: 10.17632/jf8v2ndydr.1). Validated for vibration DSP, operating-condition baselining, and general anomaly detection. DOMAIN LIMITATION: Does NOT contain conveyor belt joint rupture labels."
research,mendeley_belt_drive,10.17632/jf8v2ndydr.1,CC BY 4.0,Data 70-H-0,40,1,1700.0,70.0,0.0,healthy,normal_balanced,NORMAL,1000.0,10000,g (acceleration),0.3140776482824801,1.4235372824,2.794688,4.532437408980077,0.7132762520858362,-0.11237730775167344,266.2,0.06741764600703155,256.7349263621092,0.19730859388818717,0.44244788551465636,2.2660852515,3.973281,5.1216998107338325,0.49499926035015385,-0.07474607469906683,283.6,0.09523410015555456,249.67018314274003,0.39159382066822696,"Mendeley belt-drive experimental dataset (DOI: 10.17632/jf8v2ndydr.1). Validated for vibration DSP, operating-condition baselining, and general anomaly detection. DOMAIN LIMITATION: Does NOT contain conveyor belt joint rupture labels."
research,mendeley_belt_drive,10.17632/jf8v2ndydr.1,CC BY 4.0,Data 70-H-0,41,2,1700.0,70.0,0.0,healthy,normal_balanced,NORMAL,1000.0,10000,g (acceleration),0.3084823046010565,1.5217426318,2.872188,4.932998130210378,0.7938898562995487,-0.13175208031666907,283.6,0.0613078399749406,255.53146306370886,0.19035248008496067,0.4379307433983688,2.3433563003,4.357343999999999,5.350974636115781,0.43007277921648424,-0.05916623869479347,283.6,0.08145661008378208,250.02861795022224,0.3835920906579982,"Mendeley belt-drive experimental dataset (DOI: 10.17632/jf8v2ndydr.1). Validated for vibration DSP, operating-condition baselining, and general anomaly detection. DOMAIN LIMITATION: Does NOT contain conveyor belt joint rupture labels."
research,mendeley_belt_drive,10.17632/jf8v2ndydr.1,CC BY 4.0,Data 70-H-0,42,3,1700.0,70.0,0.0,healthy,normal_balanced,NORMAL,1000.0,10000,g (acceleration),0.2996177709583734,1.3160921871000002,2.533126,4.392570517063382,0.6876276484893751,-0.19709464452873182,142.4,0.07324960547337829,256.53555878887835,0.1795496033678417,0.44837959217066586,2.2635413608,4.383906,5.048270261012309,0.31737659576235133,-0.07722629924111887,283.6,0.08635160373355943,248.51228035190564,0.4021113680755538,"Mendeley belt-drive experimental dataset (DOI: 10.17632/jf8v2ndydr.1). Validated for vibration DSP, operating-condition baselining, and general anomaly detection. DOMAIN LIMITATION: Does NOT contain conveyor belt joint rupture labels."
research,mendeley_belt_drive,10.17632/jf8v2ndydr.1,CC BY 4.0,Data 70-H-0,43,1,1800.0,70.0,0.0,healthy,normal_balanced,NORMAL,1000.0,10000,g (acceleration),0.3054989080794211,1.492939494,2.853438,4.886889787546729,0.6299309977159182,-0.21315513610565406,34.0,0.05554201023493008,254.9467467959549,0.18666088617532317,0.48464317974716903,2.1034548134,4.18375,4.340213380279777,0.29846601330815936,0.01305884508965073,34.0,0.08984244183612762,248.66144020430878,0.4698170060359014,"Mendeley belt-drive experimental dataset (DOI: 10.17632/jf8v2ndydr.1). Validated for vibration DSP, operating-condition baselining, and general anomaly detection. DOMAIN LIMITATION: Does NOT contain conveyor belt joint rupture labels."
research,mendeley_belt_drive,10.17632/jf8v2ndydr.1,CC BY 4.0,Data 70-H-0,44,2,1800.0,70.0,0.0,healthy,normal_balanced,NORMAL,1000.0,10000,g (acceleration),0.29475949314744526,1.5266285914,2.675,5.179234687570678,0.7124420092133006,-0.12545005463351308,165.0,0.06810252068162632,256.6036058534458,0.17376651735024104,0.48951276502070507,2.4821563585999997,4.578282,5.070667275642978,0.47945690229935156,-0.008820729368894392,165.0,0.077989620898618,249.19978314936031,0.47929909468284043,"Mendeley belt-drive experimental dataset (DOI: 10.17632/jf8v2ndydr.1). Validated for vibration DSP, operating-condition baselining, and general anomaly detection. DOMAIN LIMITATION: Does NOT contain conveyor belt joint rupture labels."
research,mendeley_belt_drive,10.17632/jf8v2ndydr.1,CC BY 4.0,Data 70-H-0,45,3,1800.0,70.0,0.0,healthy,normal_balanced,NORMAL,1000.0,10000,g (acceleration),0.28970005535523563,1.6113436871,3.1025,5.562110387325056,0.7171149148964018,-0.12194535842237979,300.1,0.07031797763909155,257.2476729198763,0.1678757714143813,0.4907240751959026,2.4192382004999997,4.459063,4.929935829079127,0.40315771959041413,-0.06272806040306657,33.9,0.08902649070312986,248.63915544397156,0.4816563198373539,"Mendeley belt-drive experimental dataset (DOI: 10.17632/jf8v2ndydr.1). Validated for vibration DSP, operating-condition baselining, and general anomaly detection. DOMAIN LIMITATION: Does NOT contain conveyor belt joint rupture labels."
research,mendeley_belt_drive,10.17632/jf8v2ndydr.1,CC BY 4.0,Data 70-H-0,46,1,1900.0,70.0,0.0,healthy,normal_balanced,NORMAL,1000.0,10000,g (acceleration),0.31574231230480443,1.5917783737,2.8518749999999997,5.041384419087182,0.46866685523079044,0.015042982408879378,316.70000000000005,0.13133496148498147,257.43636138945305,0.19942349462002085,0.5330204159461713,3.8101558449999997,6.082188,7.148236223253369,0.5409220551575635,-0.08550820310776441,316.70000000000005,0.12617655058116378,249.13670977134151,0.5682722690955135,"Mendeley belt-drive experimental dataset (DOI: 10.17632/jf8v2ndydr.1). Validated for vibration DSP, operating-condition baselining, and general anomaly detection. DOMAIN LIMITATION: Does NOT contain conveyor belt joint rupture labels."
research,mendeley_belt_drive,10.17632/jf8v2ndydr.1,CC BY 4.0,Data 70-H-0,47,2,1900.0,70.0,0.0,healthy,normal_balanced,NORMAL,1000.0,10000,g (acceleration),0.32840477283242336,1.6550774983,3.00875,5.039748612741826,0.3229942875169436,0.10402657514480745,316.70000000000005,0.1462724860272645,256.00165934913093,0.2157102276245706,0.5386744705985549,3.1040619488999996,5.112188,5.762407758902853,0.3068167181049417,-0.0720525960425329,316.70000000000005,0.14538679196352064,247.13700213048293,0.5804163746744753,"Mendeley belt-drive experimental dataset (DOI: 10.17632/jf8v2ndydr.1). Validated for vibration DSP, operating-condition baselining, and general anomaly detection. DOMAIN LIMITATION: Does NOT contain conveyor belt joint rupture labels."
research,mendeley_belt_drive,10.17632/jf8v2ndydr.1,CC BY 4.0,Data 70-H-0,48,3,1900.0,70.0,0.0,healthy,normal_balanced,NORMAL,1000.0,10000,g (acceleration),0.33599790302405275,1.4579676177,2.8128130000000002,4.33921641944185,0.3128525863286713,0.09340962558527896,316.70000000000005,0.1610975292033715,255.45894916667137,0.22578935352292903,0.5496104123540839,2.3619088291,4.659688,4.297423731445523,0.2815192762353331,-0.006204222627564946,316.70000000000005,0.15839487256357426,246.54107484755315,0.6042160655534992,"Mendeley belt-drive experimental dataset (DOI: 10.17632/jf8v2ndydr.1). Validated for vibration DSP, operating-condition baselining, and general anomaly detection. DOMAIN LIMITATION: Does NOT contain conveyor belt joint rupture labels."
research,mendeley_belt_drive,10.17632/jf8v2ndydr.1,CC BY 4.0,Data 70-H-0,49,1,2000.0,70.0,0.0,healthy,normal_balanced,NORMAL,1000.0,10000,g (acceleration),0.3651002314736512,1.4230645302,2.736874,3.8977365871725027,-0.06043021074496835,0.1465446816180758,333.20000000000005,0.29995090854627143,258.1174527230843,0.26660165656842977,0.5768812127035146,4.8073879722,6.988281,8.333410529475389,0.5181180493159157,-0.09805873261942065,333.20000000000005,0.2919349071266269,251.74962361645362,0.6655887583516638,"Mendeley belt-drive experimental dataset (DOI: 10.17632/jf8v2ndydr.1). Validated for vibration DSP, operating-condition baselining, and general anomaly detection. DOMAIN LIMITATION: Does NOT contain conveyor belt joint rupture labels."
research,mendeley_belt_drive,10.17632/jf8v2ndydr.1,CC BY 4.0,Data 70-H-0,50,2,2000.0,70.0,0.0,healthy,normal_balanced,NORMAL,1000.0,10000,g (acceleration),0.33763567947545386,1.2787582832,2.45875,3.787390850358769,-0.015812133795942707,0.06918720016034723,333.20000000000005,0.26904874943486523,256.7340512484499,0.2279981482145509,0.5599429359540651,2.7711444705,5.446875,4.948976569868417,0.4101834582926851,-0.05454653407827165,333.20000000000005,0.24908658439573364,246.19505579646372,0.6271064669313882,"Mendeley belt-drive experimental dataset (DOI: 10.17632/jf8v2ndydr.1). Validated for vibration DSP, operating-condition baselining, and general anomaly detection. DOMAIN LIMITATION: Does NOT contain conveyor belt joint rupture labels."
research,mendeley_belt_drive,10.17632/jf8v2ndydr.1,CC BY 4.0,Data 70-H-0,51,3,2000.0,70.0,0.0,healthy,normal_balanced,NORMAL,1000.0,10000,g (acceleration),0.32724747609186794,1.3708606836000001,2.6675,4.189064190720174,0.18069282358598882,0.04139256539799238,333.20000000000005,0.21629655683413962,254.25104562161457,0.21418400604203616,0.5591609138541117,2.5892095148000003,5.112188,4.63052665279022,0.311909529559967,-0.06402911178621948,333.20000000000005,0.21445206114129223,248.81622255812388,0.6253339210503348,"Mendeley belt-drive experimental dataset (DOI: 10.17632/jf8v2ndydr.1). Validated for vibration DSP, operating-condition baselining, and general anomaly detection. DOMAIN LIMITATION: Does NOT contain conveyor belt joint rupture labels."
research,mendeley_belt_drive,10.17632/jf8v2ndydr.1,CC BY 4.0,Data 70-F-0,1,1,400.0,70.0,0.0,faulty_belt,normal_balanced,FAULTY_BELT,1000.0,10000,g (acceleration),0.06333381149600933,0.47629919491887973,0.865200876264822,7.520456825007151,1.7573908944744705,0.14354078009327623,337.6,0.005742071383161719,253.3570552056256,0.008027293316104172,0.060512608841636534,0.39779890200636714,0.675342017754093,6.57381840943959,0.6630036176882617,-0.05324015550734222,263.0,0.004789569968411929,239.42652996879096,0.007323649933870971,"Mendeley belt-drive experimental dataset (DOI: 10.17632/jf8v2ndydr.1). Validated for vibration DSP, operating-condition baselining, and general anomaly detection. DOMAIN LIMITATION: Does NOT contain conveyor belt joint rupture labels."
research,mendeley_belt_drive,10.17632/jf8v2ndydr.1,CC BY 4.0,Data 70-F-0,2,2,400.0,70.0,0.0,faulty_belt,normal_balanced,FAULTY_BELT,1000.0,10000,g (acceleration),0.063090525655282,0.437242447380663,0.7825459830868989,6.930397913780206,1.5567997382370384,0.10495168958429053,337.6,0.005527203367903878,253.73696866705134,0.007962280248167359,0.060603522170042695,0.3527585385569905,0.65907550742589,5.8207596840198965,0.6479594945955407,-0.03519345564680147,263.0,0.005298712706103766,237.97469626295054,0.007345789661772392,"Mendeley belt-drive experimental dataset (DOI: 10.17632/jf8v2ndydr.1). Validated for vibration DSP, operating-condition baselining, and general anomaly detection. DOMAIN LIMITATION: Does NOT contain conveyor belt joint rupture labels."
research,mendeley_belt_drive,10.17632/jf8v2ndydr.1,CC BY 4.0,Data 70-F-0,3,3,400.0,70.0,0.0,faulty_belt,normal_balanced,FAULTY_BELT,1000.0,10000,g (acceleration),0.05975815630064548,0.4277771408,0.803437,7.158472872687663,1.9650170125860376,0.14510286629386906,337.6,0.005350159175986113,254.39175322851284,0.007144867863238653,0.057183648107749965,0.3687146656,0.663438,6.4479038641472926,0.8389850721053116,-0.03932530481497612,263.0,0.004963035161881753,237.57467590236573,0.006540120364830756,"Mendeley belt-drive experimental dataset (DOI: 10.17632/jf8v2ndydr.1). Validated for vibration DSP, operating-condition baselining, and general anomaly detection. DOMAIN LIMITATION: Does NOT contain conveyor belt joint rupture labels."
research,mendeley_belt_drive,10.17632/jf8v2ndydr.1,CC BY 4.0,Data 70-F-0,4,1,500.0,70.0,0.0,faulty_belt,normal_balanced,FAULTY_BELT,1000.0,10000,g (acceleration),0.08338819851993391,0.4726077055525873,0.911663857221132,5.667561045099333,0.8944072810589594,0.061856890569765934,256.5,0.009486972008683595,259.4726330232425,0.013914767032231759,0.0710472494609973,0.4746659381657121,0.812705138243072,6.680989647970661,0.8327737713659977,-0.09732048540108523,256.5,0.013243439420821092,237.31857503499987,0.010095971905953316,"Mendeley belt-drive experimental dataset (DOI: 10.17632/jf8v2ndydr.1). Validated for vibration DSP, operating-condition baselining, and general anomaly detection. DOMAIN LIMITATION: Does NOT contain conveyor belt joint rupture labels."
research,mendeley_belt_drive,10.17632/jf8v2ndydr.1,CC BY 4.0,Data 70-F-0,5,2,500.0,70.0,0.0,faulty_belt,normal_balanced,FAULTY_BELT,1000.0,10000,g (acceleration),0.07675696282413007,0.4288016718,0.84375,5.586485655802912,1.0665109278615947,0.08854158542627463,256.5,0.01292660386437486,254.6712318758215,0.011783868926286866,0.06410021244887436,0.4115983861,0.814219,6.421170388916986,1.0610245582192972,-0.1286113175960048,256.5,0.014507914748151012,239.87512299169188,0.008218640040267719,"Mendeley belt-drive experimental dataset (DOI: 10.17632/jf8v2ndydr.1). Validated for vibration DSP, operating-condition baselining, and general anomaly detection. DOMAIN LIMITATION: Does NOT contain conveyor belt joint rupture labels."
research,mendeley_belt_drive,10.17632/jf8v2ndydr.1,CC BY 4.0,Data 70-F-0,6,3,500.0,70.0,0.0,faulty_belt,normal_balanced,FAULTY_BELT,1000.0,10000,g (acceleration),0.08094951507125395,0.4544214849,0.868124,5.6136406067412015,1.0421981288534043,0.055385903935547424,256.5,0.009894148811698446,260.16663140214797,0.013110489501334682,0.06810167653577646,0.4760277389,0.812031,6.989956240650318,0.9209776386297253,-0.09648782773549854,256.5,0.012790112927174834,236.4763338782985,0.009276071772505504,"Mendeley belt-drive experimental dataset (DOI: 10.17632/jf8v2ndydr.1). Validated for vibration DSP, operating-condition baselining, and general anomaly detection. DOMAIN LIMITATION: Does NOT contain conveyor belt joint rupture labels."
research,mendeley_belt_drive,10.17632/jf8v2ndydr.1,CC BY 4.0,Data 70-F-0,7,1,600.0,70.0,0.0,faulty_belt,normal_balanced,FAULTY_BELT,1000.0,10000,g (acceleration),0.10766085007348455,0.6369033385,1.1303130000000001,5.915830481231366,1.3880393407635303,0.20611930852729976,298.1,0.014133252703195095,258.7176255213783,0.02318178964202873,0.08660255598082703,0.4654197795,0.858906,5.374203731389169,0.6891129063496266,-0.008872076809672665,82.4,0.008936508990295642,235.36500211720806,0.015000139667024463,"Mendeley belt-drive experimental dataset (DOI: 10.17632/jf8v2ndydr.1). Validated for vibration DSP, operating-condition baselining, and general anomaly detection. DOMAIN LIMITATION: Does NOT contain conveyor belt joint rupture labels."
research,mendeley_belt_drive,10.17632/jf8v2ndydr.1,CC BY 4.0,Data 70-F-0,8,2,600.0,70.0,0.0,faulty_belt,normal_balanced,FAULTY_BELT,1000.0,10000,g (acceleration),0.09873998625152608,0.6246534936,1.13,6.326246511811172,1.4714581917148077,0.1659575175721921,495.8,0.009990414969202051,259.81557736429295,0.019508901514228585,0.08135500763464974,0.3866054361,0.730156,4.752079157022187,0.5249831680548471,-0.0104319793026296,103.10000000000001,0.008680382457796997,235.07920178984872,0.013249863463073643,"Mendeley belt-drive experimental dataset (DOI: 10.17632/jf8v2ndydr.1). Validated for vibration DSP, operating-condition baselining, and general anomaly detection. DOMAIN LIMITATION: Does NOT contain conveyor belt joint rupture labels."
research,mendeley_belt_drive,10.17632/jf8v2ndydr.1,CC BY 4.0,Data 70-F-0,9,3,600.0,70.0,0.0,faulty_belt,normal_balanced,FAULTY_BELT,1000.0,10000,g (acceleration),0.09599507662411001,0.6748302831,1.28875,7.029842642268494,1.2267039802495798,0.1602538622958109,303.90000000000003,0.009543066830945579,258.67181523021173,0.0184331861072329,0.08190286937064374,0.4443009836,0.849687,5.424730378973142,0.7424106466449407,-0.013966219025552794,113.2,0.007854268045795384,232.062981332949,0.013416536044718916,"Mendeley belt-drive experimental dataset (DOI: 10.17632/jf8v2ndydr.1). Validated for vibration DSP, operating-condition baselining, and general anomaly detection. DOMAIN LIMITATION: Does NOT contain conveyor belt joint rupture labels."
research,mendeley_belt_drive,10.17632/jf8v2ndydr.1,CC BY 4.0,Data 70-F-0,10,1,700.0,70.0,0.0,faulty_belt,normal_balanced,FAULTY_BELT,1000.0,10000,g (acceleration),0.12380080862269563,0.9268854036,1.5462500000000001,7.486909123710521,2.086179815666511,0.3839351884813576,476.70000000000005,0.016914394017519596,260.9292467351771,0.030653880825784796,0.09858274005919548,0.6299499073,1.0860940000000001,6.390062874309814,0.5995985191878801,-0.025156462870996963,358.8,0.016878628358554998,240.68236610907906,0.019437114229714416,"Mendeley belt-drive experimental dataset (DOI: 10.17632/jf8v2ndydr.1). Validated for vibration DSP, operating-condition baselining, and general anomaly detection. DOMAIN LIMITATION: Does NOT contain conveyor belt joint rupture labels."
research,mendeley_belt_drive,10.17632/jf8v2ndydr.1,CC BY 4.0,Data 70-F-0,11,2,700.0,70.0,0.0,faulty_belt,normal_balanced,FAULTY_BELT,1000.0,10000,g (acceleration),0.13380209119999276,0.9597255613089891,1.5629835459754071,7.172724676436455,1.5618300113446821,0.3042945938792352,476.70000000000005,0.01857788178436754,258.21436682726875,0.03580637001078726,0.10984920559717805,0.5570250153123423,0.991109842335739,5.070815144125647,0.2686595694099063,-0.012781315862030322,358.8,0.016171649515815074,242.52947720428992,0.024133758141307513,"Mendeley belt-drive experimental dataset (DOI: 10.17632/jf8v2ndydr.1). Validated for vibration DSP, operating-condition baselining, and general anomaly detection. DOMAIN LIMITATION: Does NOT contain conveyor belt joint rupture labels."
research,mendeley_belt_drive,10.17632/jf8v2ndydr.1,CC BY 4.0,Data 70-F-0,12,3,700.0,70.0,0.0,faulty_belt,normal_balanced,FAULTY_BELT,1000.0,10000,g (acceleration),0.1397521804845008,1.3448270038999999,2.3618759999999996,9.62294111789653,2.495166966432815,0.2867243091018419,297.0,0.021894443515425625,258.23197842516214,0.039062626502305936,0.11219005191551995,0.6851650603,1.2493750000000001,6.107181952424223,0.5188727073805426,0.042231392911082445,358.8,0.016860249925335167,236.63110446760973,0.025174655398380732,"Mendeley belt-drive experimental dataset (DOI: 10.17632/jf8v2ndydr.1). Validated for vibration DSP, operating-condition baselining, and general anomaly detection. DOMAIN LIMITATION: Does NOT contain conveyor belt joint rupture labels."
research,mendeley_belt_drive,10.17632/jf8v2ndydr.1,CC BY 4.0,Data 70-F-0,13,1,800.0,70.0,0.0,faulty_belt,normal_balanced,FAULTY_BELT,1000.0,10000,g (acceleration),0.1594130855462502,1.1980090609999998,2.319687,7.515123723343426,2.0389175271066087,0.2240491514712387,133.20000000000002,0.015288774555510656,256.6738513729789,0.05082835359372075,0.12913222564735902,0.7536717792000001,1.451093,5.836434518353041,0.9260409250479129,0.04100975083821026,266.90000000000003,0.018258943452946676,238.9200434709813,0.03335088291489562,"Mendeley belt-drive experimental dataset (DOI: 10.17632/jf8v2ndydr.1). Validated for vibration DSP, operating-condition baselining, and general anomaly detection. DOMAIN LIMITATION: Does NOT contain conveyor belt joint rupture labels."
research,mendeley_belt_drive,10.17632/jf8v2ndydr.1,CC BY 4.0,Data 70-F-0,14,2,800.0,70.0,0.0,faulty_belt,normal_balanced,FAULTY_BELT,1000.0,10000,g (acceleration),0.15591408650193803,1.3075240314,2.370937,8.386182805770712,1.9120788310455197,0.22425712350312033,334.20000000000005,0.02858796681060169,257.64285565773815,0.04863040333896097,0.13046458838838806,0.7435776431000001,1.367813,5.699459541361508,0.6952820179519197,0.12107357982007433,266.90000000000003,0.0211260440705178,234.8581318744554,0.03404202679788101,"Mendeley belt-drive experimental dataset (DOI: 10.17632/jf8v2ndydr.1). Validated for vibration DSP, operating-condition baselining, and general anomaly detection. DOMAIN LIMITATION: Does NOT contain conveyor belt joint rupture labels."
research,mendeley_belt_drive,10.17632/jf8v2ndydr.1,CC BY 4.0,Data 70-F-0,15,3,800.0,70.0,0.0,faulty_belt,normal_balanced,FAULTY_BELT,1000.0,10000,g (acceleration),0.18043041801771065,1.1967945013999999,2.3637509999999997,6.632997443272149,2.108777789439322,0.2090088911378882,198.5,0.02442096350029494,256.9804017954964,0.06511091916704784,0.14642411815514358,1.0440705308,1.812032,7.13045462697447,0.783459211543502,0.04918834996524186,136.20000000000002,0.031204177258244828,235.70178505476125,0.04288124425106362,"Mendeley belt-drive experimental dataset (DOI: 10.17632/jf8v2ndydr.1). Validated for vibration DSP, operating-condition baselining, and general anomaly detection. DOMAIN LIMITATION: Does NOT contain conveyor belt joint rupture labels."
research,mendeley_belt_drive,10.17632/jf8v2ndydr.1,CC BY 4.0,Data 70-F-0,16,1,900.0,70.0,0.0,faulty_belt,normal_balanced,FAULTY_BELT,1000.0,10000,g (acceleration),0.22586069575063172,1.7326217835,3.410313,7.6711965211200495,3.586632588823753,0.31226573675523694,496.6,0.039059596894668244,263.2952170702419,0.10202877999942038,0.15838528026833879,1.1267851264,1.9770309999999998,7.114203570502153,1.041474951416105,0.07509583803238641,353.1,0.0347778566306565,244.26599991004645,0.050179174745397806,"Mendeley belt-drive experimental dataset (DOI: 10.17632/jf8v2ndydr.1). Validated for vibration DSP, operating-condition baselining, and general anomaly detection. DOMAIN LIMITATION: Does NOT contain conveyor belt joint rupture labels."
research,mendeley_belt_drive,10.17632/jf8v2ndydr.1,CC BY 4.0,Data 70-F-0,17,2,900.0,70.0,0.0,faulty_belt,normal_balanced,FAULTY_BELT,1000.0,10000,g (acceleration),0.23164445024182778,1.7959534323651567,3.4251106587585,7.75306047906717,3.3572743935584697,0.2800141353010005,496.6,0.03968068452088118,263.32938272727955,0.10732741383849354,0.1662539219291852,1.1244018809996004,1.978970011773165,6.763160038284885,0.825251393680261,0.05551071552979019,353.1,0.03516247052565854,244.07907832784798,0.055289715405056616,"Mendeley belt-drive experimental dataset (DOI: 10.17632/jf8v2ndydr.1). Validated for vibration DSP, operating-condition baselining, and general anomaly detection. DOMAIN LIMITATION: Does NOT contain conveyor belt joint rupture labels."
research,mendeley_belt_drive,10.17632/jf8v2ndydr.1,CC BY 4.0,Data 70-F-0,18,3,900.0,70.0,0.0,faulty_belt,normal_balanced,FAULTY_BELT,1000.0,10000,g (acceleration),0.23265257904198058,1.7809330172016902,3.49178408823156,7.654903395162161,3.4149349021942594,0.2923774273965947,496.6,0.03908876879815969,263.0156597248284,0.1082546642739045,0.16675592247007143,1.1642144270896464,2.117356560142185,6.9815477006437,1.0110058348807751,0.06278432551755841,353.1,0.035570580733948684,245.13912066070975,0.05562193581140537,"Mendeley belt-drive experimental dataset (DOI: 10.17632/jf8v2ndydr.1). Validated for vibration DSP, operating-condition baselining, and general anomaly detection. DOMAIN LIMITATION: Does NOT contain conveyor belt joint rupture labels."
research,mendeley_belt_drive,10.17632/jf8v2ndydr.1,CC BY 4.0,Data 70-F-0,19,1,1000.0,70.0,0.0,faulty_belt,normal_balanced,FAULTY_BELT,1000.0,10000,g (acceleration),0.3045490995731177,2.0400571929243467,3.58619626723992,6.6986150863156935,1.7502047488728998,0.11255620574209738,499.20000000000005,0.06180671244677463,257.2373415269565,0.1856302374995879,0.192547867003506,0.9291196076950292,1.777070746717082,4.82539548297417,0.6584119671705646,0.15620992389437946,166.70000000000002,0.03831063097718444,240.63934735911153,0.07415740837634083,"Mendeley belt-drive experimental dataset (DOI: 10.17632/jf8v2ndydr.1). Validated for vibration DSP, operating-condition baselining, and general anomaly detection. DOMAIN LIMITATION: Does NOT contain conveyor belt joint rupture labels."
research,mendeley_belt_drive,10.17632/jf8v2ndydr.1,CC BY 4.0,Data 70-F-0,20,2,1000.0,70.0,0.0,faulty_belt,normal_balanced,FAULTY_BELT,1000.0,10000,g (acceleration),0.30175183569158737,2.0137575931000002,3.5871880000000003,6.6735554018574685,1.8305622672474522,0.10177476225020007,499.20000000000005,0.06203602768996205,257.28871873085905,0.18221425844333883,0.188561012571356,0.935379077,1.770781,4.960617596630853,0.7513970765447171,0.17700748420440618,166.70000000000002,0.038562336050559254,239.80974231232958,0.0711173352727496,"Mendeley belt-drive experimental dataset (DOI: 10.17632/jf8v2ndydr.1). Validated for vibration DSP, operating-condition baselining, and general anomaly detection. DOMAIN LIMITATION: Does NOT contain conveyor belt joint rupture labels."
research,mendeley_belt_drive,10.17632/jf8v2ndydr.1,CC BY 4.0,Data 70-F-0,21,3,1000.0,70.0,0.0,faulty_belt,normal_balanced,FAULTY_BELT,1000.0,10000,g (acceleration),0.3202839811757758,2.7606341566,4.493125,8.619332588740772,3.0584482071762418,0.3322398334142751,166.8,0.060490898476617885,258.0256844775917,0.2051890886067492,0.19578971301308987,1.2181265333000002,2.2048440000000005,6.221606409007608,0.9711109196891203,0.06475601606014544,166.8,0.04534172230568172,244.47536570311433,0.07666782749368926,"Mendeley belt-drive experimental dataset (DOI: 10.17632/jf8v2ndydr.1). Validated for vibration DSP, operating-condition baselining, and general anomaly detection. DOMAIN LIMITATION: Does NOT contain conveyor belt joint rupture labels."
research,mendeley_belt_drive,10.17632/jf8v2ndydr.1,CC BY 4.0,Data 70-F-0,22,1,1100.0,70.0,0.0,faulty_belt,normal_balanced,FAULTY_BELT,1000.0,10000,g (acceleration),0.49427099087133214,2.4438746571067167,4.53689436868671,4.944402366803886,1.036943813351269,-0.11382872905639753,466.40000000000003,0.06162767401905105,262.5981272073149,0.48864270842273605,0.2395055679284854,1.5862317035407796,3.01656824611121,6.622942912184892,0.6892496920017201,0.019604794052022444,99.80000000000001,0.02906659523719719,244.03977969287396,0.11472586686348923,"Mendeley belt-drive experimental dataset (DOI: 10.17632/jf8v2ndydr.1). Validated for vibration DSP, operating-condition baselining, and general anomaly detection. DOMAIN LIMITATION: Does NOT contain conveyor belt joint rupture labels."
research,mendeley_belt_drive,10.17632/jf8v2ndydr.1,CC BY 4.0,Data 70-F-0,23,2,1100.0,70.0,0.0,faulty_belt,normal_balanced,FAULTY_BELT,1000.0,10000,g (acceleration),0.4377365313525724,2.6566927163,5.128125,6.0691592453822,1.506305570632911,-0.026264464454851883,466.40000000000003,0.09766721786135431,259.8544782009824,0.38331768111762865,0.22605586618907902,1.2651664368000002,2.476718,5.596698100025336,0.6815202563848262,-0.03331506526015105,99.80000000000001,0.03527856585604074,245.20662321059146,0.10220344047239233,"Mendeley belt-drive experimental dataset (DOI: 10.17632/jf8v2ndydr.1). Validated for vibration DSP, operating-condition baselining, and general anomaly detection. DOMAIN LIMITATION: Does NOT contain conveyor belt joint rupture labels."
research,mendeley_belt_drive,10.17632/jf8v2ndydr.1,CC BY 4.0,Data 70-F-0,24,3,1100.0,70.0,0.0,faulty_belt,normal_balanced,FAULTY_BELT,1000.0,10000,g (acceleration),0.49150548290101564,2.4521029477000003,4.518438,4.988963568070368,1.0691302708538881,-0.11036735312253529,466.40000000000003,0.06166289492740208,262.65302739849676,0.48317588525149857,0.23376615181660065,1.5138115286,2.955782,6.475751586943385,0.7374052835988825,-0.0021745292568226887,99.80000000000001,0.02811469110921288,243.50183956185765,0.10929323734929056,"Mendeley belt-drive experimental dataset (DOI: 10.17632/jf8v2ndydr.1). Validated for vibration DSP, operating-condition baselining, and general anomaly detection. DOMAIN LIMITATION: Does NOT contain conveyor belt joint rupture labels."
research,mendeley_belt_drive,10.17632/jf8v2ndydr.1,CC BY 4.0,Data 70-F-0,25,1,1200.0,70.0,0.0,faulty_belt,normal_balanced,FAULTY_BELT,1000.0,10000,g (acceleration),0.5025744185209813,2.4935707173,4.521563,4.961594990525566,1.2041934516088508,-0.12267184318033415,199.10000000000002,0.04308824794872647,254.80297622210344,0.5051645273275714,0.2579442081626714,1.4925060162,2.964063,5.786158281401525,0.6112434397724607,-0.026403803799654794,398.90000000000003,0.02941720440557069,242.33928670263572,0.133070441865212,"Mendeley belt-drive experimental dataset (DOI: 10.17632/jf8v2ndydr.1). Validated for vibration DSP, operating-condition baselining, and general anomaly detection. DOMAIN LIMITATION: Does NOT contain conveyor belt joint rupture labels."
research,mendeley_belt_drive,10.17632/jf8v2ndydr.1,CC BY 4.0,Data 70-F-0,26,2,1200.0,70.0,0.0,faulty_belt,normal_balanced,FAULTY_BELT,1000.0,10000,g (acceleration),0.5070963932196321,2.4264810649,4.597187,4.785048951923919,1.1708637740415826,-0.12716390783407397,398.90000000000003,0.04261005333917413,252.03089746112005,0.5143475241806486,0.26350996221308637,1.2064555959,2.390469,4.578406014587046,0.4306190278039379,-0.0276462351453272,398.90000000000003,0.03753322008047335,239.06375330979725,0.13889905346053877,"Mendeley belt-drive experimental dataset (DOI: 10.17632/jf8v2ndydr.1). Validated for vibration DSP, operating-condition baselining, and general anomaly detection. DOMAIN LIMITATION: Does NOT contain conveyor belt joint rupture labels."
research,mendeley_belt_drive,10.17632/jf8v2ndydr.1,CC BY 4.0,Data 70-F-0,27,3,1200.0,70.0,0.0,faulty_belt,normal_balanced,FAULTY_BELT,1000.0,10000,g (acceleration),0.5140813230208433,2.6406360354999996,4.651562,5.1366114994863095,1.204981594965064,-0.20831960243904662,388.20000000000005,0.03761366438412921,254.8934054053126,0.5285674635161314,0.26224969966217937,1.3986401842,2.611094,5.333238459383092,0.4832585606590687,-0.09090068452783025,398.90000000000003,0.032262531410410085,239.18241844979497,0.13756310883601783,"Mendeley belt-drive experimental dataset (DOI: 10.17632/jf8v2ndydr.1). Validated for vibration DSP, operating-condition baselining, and general anomaly detection. DOMAIN LIMITATION: Does NOT contain conveyor belt joint rupture labels."
research,mendeley_belt_drive,10.17632/jf8v2ndydr.1,CC BY 4.0,Data 70-F-0,28,1,1300.0,70.0,0.0,faulty_belt,normal_balanced,FAULTY_BELT,1000.0,10000,g (acceleration),0.5960012441619991,2.7496821896,5.44375,4.613551089924586,0.9267275293600132,-0.1540787690097703,479.0,0.07542743274730875,253.15945983408014,0.7105695528901796,0.3050409679943767,2.3989224944000003,4.201406,7.864263315753127,0.7692772575290436,-0.08623958634057402,303.7,0.055588430409962176,240.84147631712474,0.18612447514355027,"Mendeley belt-drive experimental dataset (DOI: 10.17632/jf8v2ndydr.1). Validated for vibration DSP, operating-condition baselining, and general anomaly detection. DOMAIN LIMITATION: Does NOT contain conveyor belt joint rupture labels."
research,mendeley_belt_drive,10.17632/jf8v2ndydr.1,CC BY 4.0,Data 70-F-0,29,2,1300.0,70.0,0.0,faulty_belt,normal_balanced,FAULTY_BELT,1000.0,10000,g (acceleration),0.743764668375199,3.595144562,6.780938000000001,4.83371248308127,0.6279710668968543,-0.21415868460622647,477.8,0.06528686954300647,257.1852264160271,1.106538742850606,0.32639269438862567,2.1482304684,3.620937,6.581735759815042,0.5309389773227089,-0.022028161378106263,304.7,0.04104001936932427,240.29538215029302,0.21312802299915376,"Mendeley belt-drive experimental dataset (DOI: 10.17632/jf8v2ndydr.1). Validated for vibration DSP, operating-condition baselining, and general anomaly detection. DOMAIN LIMITATION: Does NOT contain conveyor belt joint rupture labels."
research,mendeley_belt_drive,10.17632/jf8v2ndydr.1,CC BY 4.0,Data 70-F-0,30,3,1300.0,70.0,0.0,faulty_belt,normal_balanced,FAULTY_BELT,1000.0,10000,g (acceleration),0.7147905077094251,3.4081485659000004,5.828125,4.768038368082908,0.5579350617749794,-0.29149987153165824,479.20000000000005,0.06815548732410578,253.24444993577384,1.0218830249659556,0.344785222755686,1.8784306120999998,3.4475,5.448118098237207,0.42887564888411855,-0.11186056280341193,334.3,0.03952186141447287,235.05174574005952,0.23775934602791676,"Mendeley belt-drive experimental dataset (DOI: 10.17632/jf8v2ndydr.1). Validated for vibration DSP, operating-condition baselining, and general anomaly detection. DOMAIN LIMITATION: Does NOT contain conveyor belt joint rupture labels."
research,mendeley_belt_drive,10.17632/jf8v2ndydr.1,CC BY 4.0,Data 70-F-0,31,1,1400.0,70.0,0.0,faulty_belt,normal_balanced,FAULTY_BELT,1000.0,10000,g (acceleration),0.7540807616508677,3.7021925375999998,6.571875,4.909543812648121,0.7503556744034574,-0.2925503868290346,402.0,0.06888448685148311,255.2398292790696,1.1374672282232274,0.405065546877256,1.6447333692000001,3.117031,4.060412893369062,0.1351649948510132,-0.13693743763797273,402.0,0.07553382775622429,235.67919627024511,0.32824097917684697,"Mendeley belt-drive experimental dataset (DOI: 10.17632/jf8v2ndydr.1). Validated for vibration DSP, operating-condition baselining, and general anomaly detection. DOMAIN LIMITATION: Does NOT contain conveyor belt joint rupture labels."
research,mendeley_belt_drive,10.17632/jf8v2ndydr.1,CC BY 4.0,Data 70-F-0,32,2,1400.0,70.0,0.0,faulty_belt,normal_balanced,FAULTY_BELT,1000.0,10000,g (acceleration),0.7944773140542266,3.3349594387,6.246562,4.1976773656149655,0.6667437793676938,-0.31035259321107994,233.70000000000002,0.08124030343632126,256.35252168753624,1.2623995608055911,0.41058513588278994,1.8032350203,3.3165630000000004,4.391866296920138,0.35792712090321466,-0.16448953467969887,233.70000000000002,0.07081424112167513,236.7455871538495,0.3371609823499583,"Mendeley belt-drive experimental dataset (DOI: 10.17632/jf8v2ndydr.1). Validated for vibration DSP, operating-condition baselining, and general anomaly detection. DOMAIN LIMITATION: Does NOT contain conveyor belt joint rupture labels."
research,mendeley_belt_drive,10.17632/jf8v2ndydr.1,CC BY 4.0,Data 70-F-0,33,3,1400.0,70.0,0.0,faulty_belt,normal_balanced,FAULTY_BELT,1000.0,10000,g (acceleration),0.8496390294652479,4.9844164691,8.575313000000001,5.866510713658163,0.6975599262945567,-0.24023560197550564,233.70000000000002,0.08256033096238885,259.8796605369899,1.4440486670996266,0.41964908210558716,2.3389829047,3.9704689999999996,5.573663816835164,0.421770995538413,-0.14658479900578716,233.70000000000002,0.08665269462977761,238.13722961891443,0.3522123587235884,"Mendeley belt-drive experimental dataset (DOI: 10.17632/jf8v2ndydr.1). Validated for vibration DSP, operating-condition baselining, and general anomaly detection. DOMAIN LIMITATION: Does NOT contain conveyor belt joint rupture labels."
research,mendeley_belt_drive,10.17632/jf8v2ndydr.1,CC BY 4.0,Data 70-F-0,34,1,1500.0,70.0,0.0,faulty_belt,normal_balanced,FAULTY_BELT,1000.0,10000,g (acceleration),0.8575912657551298,3.9395780971999996,7.493437,4.5937712457123805,0.4342682798042645,0.022201397785103407,252.70000000000002,0.1280044619274331,251.58124448229157,1.4709749680944393,0.43319010003232916,2.0141467001,3.8539060000000003,4.64956770699442,0.26952346955280415,-0.025160086539367042,250.5,0.09117775953663215,243.4391734873761,0.3753248330155963,"Mendeley belt-drive experimental dataset (DOI: 10.17632/jf8v2ndydr.1). Validated for vibration DSP, operating-condition baselining, and general anomaly detection. DOMAIN LIMITATION: Does NOT contain conveyor belt joint rupture labels."
research,mendeley_belt_drive,10.17632/jf8v2ndydr.1,CC BY 4.0,Data 70-F-0,35,2,1500.0,70.0,0.0,faulty_belt,normal_balanced,FAULTY_BELT,1000.0,10000,g (acceleration),0.906873099647157,4.6499916248,8.102499,5.127499786474208,0.5215727707838242,0.08261105971287863,496.70000000000005,0.16724948789124475,252.03964599077307,1.645536568849733,0.4429628765597123,2.588159261,4.331875,5.842835591779238,0.29211198184983544,0.002358567425133124,252.70000000000002,0.0925019043206254,240.5263185072882,0.3924322261775022,"Mendeley belt-drive experimental dataset (DOI: 10.17632/jf8v2ndydr.1). Validated for vibration DSP, operating-condition baselining, and general anomaly detection. DOMAIN LIMITATION: Does NOT contain conveyor belt joint rupture labels."
research,mendeley_belt_drive,10.17632/jf8v2ndydr.1,CC BY 4.0,Data 70-F-0,36,3,1500.0,70.0,0.0,faulty_belt,normal_balanced,FAULTY_BELT,1000.0,10000,g (acceleration),0.9006533554356625,4.1486840058,8.2375,4.606304946027993,0.6360605641097288,0.04531017256141199,496.70000000000005,0.14900408530510711,253.8312943562941,1.6235271612174609,0.44758330212859154,3.1271920531000004,4.938594,6.986838066183157,0.6439427263061472,-0.0738906095813618,250.5,0.1046512192510721,244.19989452352823,0.40086040836362136,"Mendeley belt-drive experimental dataset (DOI: 10.17632/jf8v2ndydr.1). Validated for vibration DSP, operating-condition baselining, and general anomaly detection. DOMAIN LIMITATION: Does NOT contain conveyor belt joint rupture labels."
research,mendeley_belt_drive,10.17632/jf8v2ndydr.1,CC BY 4.0,Data 70-F-0,37,1,1600.0,70.0,0.0,faulty_belt,normal_balanced,FAULTY_BELT,1000.0,10000,g (acceleration),0.947683776098161,4.0021168097,7.812187,4.223050885367759,0.3687974958657181,-0.1568461036645916,266.0,0.07224083677209615,255.4889018060468,1.7966467592906965,0.4754965886204771,2.4724187614999997,4.225467999999999,5.199656150369122,0.24753675208679704,0.03260671754391391,266.0,0.09594536932322348,238.5848656435999,0.4522340261660869,"Mendeley belt-drive experimental dataset (DOI: 10.17632/jf8v2ndydr.1). Validated for vibration DSP, operating-condition baselining, and general anomaly detection. DOMAIN LIMITATION: Does NOT contain conveyor belt joint rupture labels."
research,mendeley_belt_drive,10.17632/jf8v2ndydr.1,CC BY 4.0,Data 70-F-0,38,2,1600.0,70.0,0.0,faulty_belt,normal_balanced,FAULTY_BELT,1000.0,10000,g (acceleration),0.9904967449835363,5.0999511564,8.85875,5.1488822979269555,0.49011136343671113,-0.25431864786276637,266.0,0.0594125398893799,253.85512657690822,1.9622124802521306,0.4847893560930171,2.291236709,4.549219,4.726252093208865,0.25968635430222564,-0.018905841918115566,266.0,0.08360395909557276,239.66759313921335,0.47008295694688185,"Mendeley belt-drive experimental dataset (DOI: 10.17632/jf8v2ndydr.1). Validated for vibration DSP, operating-condition baselining, and general anomaly detection. DOMAIN LIMITATION: Does NOT contain conveyor belt joint rupture labels."
research,mendeley_belt_drive,10.17632/jf8v2ndydr.1,CC BY 4.0,Data 70-F-0,39,3,1600.0,70.0,0.0,faulty_belt,normal_balanced,FAULTY_BELT,1000.0,10000,g (acceleration),0.9921749295322502,5.035954864208807,8.8145407093681,5.0756723580820085,0.47971788187520925,-0.2501131271367776,232.60000000000002,0.0598773897339265,253.9270374565432,1.968887512891936,0.48764183933509475,2.3121701754254596,4.57529042053332,4.7415336193837065,0.24145577769419857,-0.02466341112516211,266.0,0.08292040708411863,239.82963109079154,0.4756271107673097,"Mendeley belt-drive experimental dataset (DOI: 10.17632/jf8v2ndydr.1). Validated for vibration DSP, operating-condition baselining, and general anomaly detection. DOMAIN LIMITATION: Does NOT contain conveyor belt joint rupture labels."
research,mendeley_belt_drive,10.17632/jf8v2ndydr.1,CC BY 4.0,Data 70-F-0,40,1,1700.0,70.0,0.0,faulty_belt,normal_balanced,FAULTY_BELT,1000.0,10000,g (acceleration),1.044235109491303,4.396838594,8.125,4.210582994228102,0.5299787356291303,-0.28486254949997925,418.0,0.11652715865052062,261.1355245939053,2.180854239006207,0.6025952323752435,2.9620237633,5.477969,4.915445068532357,0.24200954922971274,-0.008519892486964196,283.6,0.12171071324143422,245.76943026654266,0.7262514485243895,"Mendeley belt-drive experimental dataset (DOI: 10.17632/jf8v2ndydr.1). Validated for vibration DSP, operating-condition baselining, and general anomaly detection. DOMAIN LIMITATION: Does NOT contain conveyor belt joint rupture labels."
research,mendeley_belt_drive,10.17632/jf8v2ndydr.1,CC BY 4.0,Data 70-F-0,41,2,1700.0,70.0,0.0,faulty_belt,normal_balanced,FAULTY_BELT,1000.0,10000,g (acceleration),1.0371640470630792,4.2967096246,8.17375,4.1427483306685415,0.3423209186676166,-0.15513595950513226,418.0,0.10408749367088944,260.61525216008124,2.152090921142074,0.6046856573098889,2.8452153113,5.420625,4.705279969691569,0.2411254572081285,0.0012554660978173135,283.6,0.10308362830524513,246.0791971491293,0.7312960477582069,"Mendeley belt-drive experimental dataset (DOI: 10.17632/jf8v2ndydr.1). Validated for vibration DSP, operating-condition baselining, and general anomaly detection. DOMAIN LIMITATION: Does NOT contain conveyor belt joint rupture labels."
research,mendeley_belt_drive,10.17632/jf8v2ndydr.1,CC BY 4.0,Data 70-F-0,42,3,1700.0,70.0,0.0,faulty_belt,normal_balanced,FAULTY_BELT,1000.0,10000,g (acceleration),1.0377446290874983,4.339156512611617,8.2247408319061,4.181333625814177,0.3386092693797158,-0.15394605116602117,418.0,0.1034402353740277,260.6489238185005,2.1545739099514867,0.6064880085493959,2.8606626537961604,5.42307250032227,4.716767048104252,0.23761141067835423,0.005174989512729826,283.6,0.1030395697853266,246.19881894484826,0.735660611282325,"Mendeley belt-drive experimental dataset (DOI: 10.17632/jf8v2ndydr.1). Validated for vibration DSP, operating-condition baselining, and general anomaly detection. DOMAIN LIMITATION: Does NOT contain conveyor belt joint rupture labels."
research,mendeley_belt_drive,10.17632/jf8v2ndydr.1,CC BY 4.0,Data 70-F-0,43,1,1800.0,70.0,0.0,faulty_belt,normal_balanced,FAULTY_BELT,1000.0,10000,g (acceleration),1.0608272725428836,4.6094890653,8.628125,4.345183409784238,0.4726806424797467,-0.19747555474412132,499.40000000000003,0.11478341009668089,257.57413413857125,2.251287735620302,0.7094262331169557,4.4965609945,8.130938,6.338306626671781,0.39453812389168963,0.08404269065848097,300.1,0.1208094946199252,252.59711362710826,1.006745890935329,"Mendeley belt-drive experimental dataset (DOI: 10.17632/jf8v2ndydr.1). Validated for vibration DSP, operating-condition baselining, and general anomaly detection. DOMAIN LIMITATION: Does NOT contain conveyor belt joint rupture labels."
research,mendeley_belt_drive,10.17632/jf8v2ndydr.1,CC BY 4.0,Data 70-F-0,44,2,1800.0,70.0,0.0,faulty_belt,normal_balanced,FAULTY_BELT,1000.0,10000,g (acceleration),1.1007915116849398,5.0248016881,8.726563,4.5647169648035595,0.4811776846468869,-0.1643437503141277,499.1,0.09422165327877849,262.3398951678216,2.4257803008616476,0.7100547102418144,3.1447175963,6.143281999999999,4.428838441518179,0.2655630573472143,0.15926007826679395,300.1,0.112884972052863,249.40865364508642,1.0083676281255682,"Mendeley belt-drive experimental dataset (DOI: 10.17632/jf8v2ndydr.1). Validated for vibration DSP, operating-condition baselining, and general anomaly detection. DOMAIN LIMITATION: Does NOT contain conveyor belt joint rupture labels."
research,mendeley_belt_drive,10.17632/jf8v2ndydr.1,CC BY 4.0,Data 70-F-0,45,3,1800.0,70.0,0.0,faulty_belt,normal_balanced,FAULTY_BELT,1000.0,10000,g (acceleration),1.1014781152900044,5.0317397263680865,8.71239418414339,4.568170403497573,0.4793117443711834,-0.16375530857805395,499.1,0.0944186908219501,262.2972204148602,2.428939011545598,0.7121659554016654,3.1453937767200597,6.1571854616541195,4.4166584387567935,0.255347125678298,0.1536429337149291,300.1,0.11156113056923705,249.56278338764753,1.014374981363872,"Mendeley belt-drive experimental dataset (DOI: 10.17632/jf8v2ndydr.1). Validated for vibration DSP, operating-condition baselining, and general anomaly detection. DOMAIN LIMITATION: Does NOT contain conveyor belt joint rupture labels."
research,mendeley_belt_drive,10.17632/jf8v2ndydr.1,CC BY 4.0,Data 70-F-0,46,1,1900.0,70.0,0.0,faulty_belt,normal_balanced,FAULTY_BELT,1000.0,10000,g (acceleration),1.0914759022981262,4.2327166645,8.313437,3.877975368570138,0.20333864319418238,-0.07247150170039988,266.8,0.09469183714177011,248.37394911230274,2.382647636468309,0.7598862666283132,3.3001551445,6.185469,4.342959320929826,0.2360786958630503,0.05903515409835468,316.70000000000005,0.13039850946549528,252.87602752254443,1.1549016509167358,"Mendeley belt-drive experimental dataset (DOI: 10.17632/jf8v2ndydr.1). Validated for vibration DSP, operating-condition baselining, and general anomaly detection. DOMAIN LIMITATION: Does NOT contain conveyor belt joint rupture labels."
research,mendeley_belt_drive,10.17632/jf8v2ndydr.1,CC BY 4.0,Data 70-F-0,47,2,1900.0,70.0,0.0,faulty_belt,normal_balanced,FAULTY_BELT,1000.0,10000,g (acceleration),1.1108144815107395,4.4895122791,8.794374000000001,4.041640034251386,0.2883231398274626,-0.12417910006827138,316.70000000000005,0.09402760876125665,248.1370445542365,2.4678245464416815,0.7812546490705656,3.1985655648,6.253125000000001,4.094139559496042,0.31431726136746185,0.06444701780802473,316.70000000000005,0.1135149338794775,255.21533001330226,1.2207419547410483,"Mendeley belt-drive experimental dataset (DOI: 10.17632/jf8v2ndydr.1). Validated for vibration DSP, operating-condition baselining, and general anomaly detection. DOMAIN LIMITATION: Does NOT contain conveyor belt joint rupture labels."
research,mendeley_belt_drive,10.17632/jf8v2ndydr.1,CC BY 4.0,Data 70-F-0,48,3,1900.0,70.0,0.0,faulty_belt,normal_balanced,FAULTY_BELT,1000.0,10000,g (acceleration),1.1120164863235553,4.480438100327917,8.865735702648191,4.029111218612164,0.29168370739470184,-0.12357778414657651,316.70000000000005,0.09439047541577207,248.12052449602567,2.473162887089778,0.7822306875486449,3.2137912055952698,6.27040725533904,4.108495430761801,0.317960050881529,0.06051046919275372,316.70000000000005,0.11177527198174098,255.17210531131687,1.2237913134825706,"Mendeley belt-drive experimental dataset (DOI: 10.17632/jf8v2ndydr.1). Validated for vibration DSP, operating-condition baselining, and general anomaly detection. DOMAIN LIMITATION: Does NOT contain conveyor belt joint rupture labels."
research,mendeley_belt_drive,10.17632/jf8v2ndydr.1,CC BY 4.0,Data 70-F-0,49,1,2000.0,70.0,0.0,faulty_belt,normal_balanced,FAULTY_BELT,1000.0,10000,g (acceleration),1.1733760815881555,5.7430823451,10.752500000000001,4.894494131265044,0.500955642231991,-0.16765613667475265,333.20000000000005,0.22230357683266252,252.00456686068438,2.7537941366520644,0.9693933002386798,3.808759534,7.261406,3.9290136759375414,0.20008372171022337,0.16397549595238634,333.20000000000005,0.17956798238708227,263.71057263087505,1.8796383866524105,"Mendeley belt-drive experimental dataset (DOI: 10.17632/jf8v2ndydr.1). Validated for vibration DSP, operating-condition baselining, and general anomaly detection. DOMAIN LIMITATION: Does NOT contain conveyor belt joint rupture labels."
research,mendeley_belt_drive,10.17632/jf8v2ndydr.1,CC BY 4.0,Data 70-F-0,50,2,2000.0,70.0,0.0,faulty_belt,normal_balanced,FAULTY_BELT,1000.0,10000,g (acceleration),1.2171206894961093,5.189541284500001,9.402499,4.263785283814773,0.20102047449441907,-0.15588412254724757,333.20000000000005,0.20608407516150556,251.51737908219548,2.962950715142661,0.9574214434526817,3.8183896892,6.9715620000000005,3.9882015546152902,0.10675979650884715,0.1911033583804105,333.20000000000005,0.1467198973548792,259.483769307136,1.8336755908755829,"Mendeley belt-drive experimental dataset (DOI: 10.17632/jf8v2ndydr.1). Validated for vibration DSP, operating-condition baselining, and general anomaly detection. DOMAIN LIMITATION: Does NOT contain conveyor belt joint rupture labels."
research,mendeley_belt_drive,10.17632/jf8v2ndydr.1,CC BY 4.0,Data 70-F-0,51,3,2000.0,70.0,0.0,faulty_belt,normal_balanced,FAULTY_BELT,1000.0,10000,g (acceleration),1.2181784168479703,5.204368438258603,9.43556163876853,4.272254676556228,0.1996546176775542,-0.15685009559891483,333.20000000000005,0.20607341440308014,251.45761058173346,2.968073577528652,0.958686800020669,3.83438937529793,7.0764252801410805,3.9996267552815596,0.1061331774309533,0.1915522857471885,333.20000000000005,0.14715482917965375,259.4488481285245,1.8385333172185565,"Mendeley belt-drive experimental dataset (DOI: 10.17632/jf8v2ndydr.1). Validated for vibration DSP, operating-condition baselining, and general anomaly detection. DOMAIN LIMITATION: Does NOT contain conveyor belt joint rupture labels."
research,mendeley_belt_drive,10.17632/jf8v2ndydr.1,CC BY 4.0,Data 70-H-U,1,1,400.0,70.0,2.2,healthy,unbalanced_load,UNBALANCED,1000.0,10000,g (acceleration),0.050556744319697935,0.30149379680000005,0.561875,5.963473337869424,0.9802332720120801,0.09152092113601537,365.8,0.0063211753937094835,258.55563802031656,0.005112025075357855,0.06394523059211529,0.6041157518,0.980625,9.447393436634036,1.9818995057781121,0.07589044674543462,338.20000000000005,0.004152060019918274,250.27870032243766,0.008179123764617786,"Mendeley belt-drive experimental dataset (DOI: 10.17632/jf8v2ndydr.1). Validated for vibration DSP, operating-condition baselining, and general anomaly detection. DOMAIN LIMITATION: Does NOT contain conveyor belt joint rupture labels."
research,mendeley_belt_drive,10.17632/jf8v2ndydr.1,CC BY 4.0,Data 70-H-U,2,2,400.0,70.0,2.2,healthy,unbalanced_load,UNBALANCED,1000.0,10000,g (acceleration),0.0650024075516956,0.33579149875025144,0.638616930694046,5.165831719128259,0.3721236334590845,0.050355808712074804,365.8,0.0064578036117776665,255.52875708175466,0.00845243301725852,0.07482626666978746,0.6476952946875808,1.019921412747417,8.655988378331056,1.1150742219579532,0.05446111549380296,432.40000000000003,0.00456864496053599,250.21751310421254,0.011198650809897837,"Mendeley belt-drive experimental dataset (DOI: 10.17632/jf8v2ndydr.1). Validated for vibration DSP, operating-condition baselining, and general anomaly detection. DOMAIN LIMITATION: Does NOT contain conveyor belt joint rupture labels."
research,mendeley_belt_drive,10.17632/jf8v2ndydr.1,CC BY 4.0,Data 70-H-U,3,3,400.0,70.0,2.2,healthy,unbalanced_load,UNBALANCED,1000.0,10000,g (acceleration),0.06431836644842653,0.326912052135121,0.6420416038498951,5.0827169623042945,0.41818988911493715,0.03128913479225357,365.8,0.006568033056485448,254.6566368814253,0.00827418888862222,0.07574346824720031,0.6307660685418469,1.023445930851163,8.327662874945812,0.9686138931311539,0.07998345027661202,68.8,0.004908705865390179,249.78447003930887,0.011475457258837411,"Mendeley belt-drive experimental dataset (DOI: 10.17632/jf8v2ndydr.1). Validated for vibration DSP, operating-condition baselining, and general anomaly detection. DOMAIN LIMITATION: Does NOT contain conveyor belt joint rupture labels."
research,mendeley_belt_drive,10.17632/jf8v2ndydr.1,CC BY 4.0,Data 70-H-U,4,1,500.0,70.0,2.2,healthy,unbalanced_load,UNBALANCED,1000.0,10000,g (acceleration),0.0781924500886252,0.5023940828000001,0.9640620000000001,6.42509708073573,2.07347077600613,0.27607708482257187,365.40000000000003,0.014481714887421452,259.69635471787564,0.012228689947648962,0.07961789128972234,0.6278259675000001,1.135,7.885488516838482,3.411303765521186,-0.13198735427805283,63.7,0.012408051981334376,245.2040311404923,0.012678273868977873,"Mendeley belt-drive experimental dataset (DOI: 10.17632/jf8v2ndydr.1). Validated for vibration DSP, operating-condition baselining, and general anomaly detection. DOMAIN LIMITATION: Does NOT contain conveyor belt joint rupture labels."
research,mendeley_belt_drive,10.17632/jf8v2ndydr.1,CC BY 4.0,Data 70-H-U,5,2,500.0,70.0,2.2,healthy,unbalanced_load,UNBALANCED,1000.0,10000,g (acceleration),0.07452268654560888,0.6261067143,1.016876,8.40155854978221,2.763067888574577,0.4593944001513106,365.40000000000003,0.014920283783990507,262.8489956434984,0.011107359054498663,0.07445495805431104,0.7729182347,1.38375,10.381017663540904,4.254033043946139,0.025745037976162902,169.4,0.008559844499408836,245.22624471464232,0.011089058683916589,"Mendeley belt-drive experimental dataset (DOI: 10.17632/jf8v2ndydr.1). Validated for vibration DSP, operating-condition baselining, and general anomaly detection. DOMAIN LIMITATION: Does NOT contain conveyor belt joint rupture labels."
research,mendeley_belt_drive,10.17632/jf8v2ndydr.1,CC BY 4.0,Data 70-H-U,6,3,500.0,70.0,2.2,healthy,unbalanced_load,UNBALANCED,1000.0,10000,g (acceleration),0.08463514179215854,0.6215561741693695,1.014659455648629,7.343949109174373,1.5583674550881401,0.3478040344742222,365.40000000000003,0.01479483980356544,258.916773732741,0.014328228488802108,0.08440047284262951,0.7789309287813028,1.355274240373124,9.22898773604827,2.621966402694831,0.030373544800214636,169.4,0.008420394858580241,246.08660229640617,0.01424953764182846,"Mendeley belt-drive experimental dataset (DOI: 10.17632/jf8v2ndydr.1). Validated for vibration DSP, operating-condition baselining, and general anomaly detection. DOMAIN LIMITATION: Does NOT contain conveyor belt joint rupture labels."
research,mendeley_belt_drive,10.17632/jf8v2ndydr.1,CC BY 4.0,Data 70-H-U,7,1,600.0,70.0,2.2,healthy,unbalanced_load,UNBALANCED,1000.0,10000,g (acceleration),0.10036316461727549,0.5409036512,1.078438,5.389463886104826,1.7613293935129866,0.12945164346552737,345.90000000000003,0.03666540599310303,265.35500556742625,0.020152112871048282,0.09949073618827797,0.9451516711,1.596562,9.499896244725527,2.9500838630453288,0.015577703657173361,98.30000000000001,0.01972511463527338,247.03540631374278,0.01979713560910395,"Mendeley belt-drive experimental dataset (DOI: 10.17632/jf8v2ndydr.1). Validated for vibration DSP, operating-condition baselining, and general anomaly detection. DOMAIN LIMITATION: Does NOT contain conveyor belt joint rupture labels."
research,mendeley_belt_drive,10.17632/jf8v2ndydr.1,CC BY 4.0,Data 70-H-U,8,2,600.0,70.0,2.2,healthy,unbalanced_load,UNBALANCED,1000.0,10000,g (acceleration),0.10279611750409783,0.5560396487,1.094687,5.409150288947774,1.2938913437087143,0.17691814985226595,345.90000000000003,0.035521083061416985,262.27569704540133,0.021134177536270064,0.09943540929345834,0.7236682786,1.4385940000000002,7.277772412685274,3.086697372904914,-0.07365479292252435,98.30000000000001,0.029184969370548805,244.12269242671073,0.019775416191643594,"Mendeley belt-drive experimental dataset (DOI: 10.17632/jf8v2ndydr.1). Validated for vibration DSP, operating-condition baselining, and general anomaly detection. DOMAIN LIMITATION: Does NOT contain conveyor belt joint rupture labels."
research,mendeley_belt_drive,10.17632/jf8v2ndydr.1,CC BY 4.0,Data 70-H-U,9,3,600.0,70.0,2.2,healthy,unbalanced_load,UNBALANCED,1000.0,10000,g (acceleration),0.11031536434262056,0.6062637799468585,1.126876707301463,5.4957329249614535,1.005555215780693,0.12863326458288807,345.90000000000003,0.035644674611230005,260.1806839506032,0.024340957478772296,0.10640508988025538,0.7317730350862648,1.463071037944101,6.877237131323106,2.358197555825771,-0.09856396685315368,98.30000000000001,0.028708815221693367,244.7749117291285,0.022644399848424243,"Mendeley belt-drive experimental dataset (DOI: 10.17632/jf8v2ndydr.1). Validated for vibration DSP, operating-condition baselining, and general anomaly detection. DOMAIN LIMITATION: Does NOT contain conveyor belt joint rupture labels."
research,mendeley_belt_drive,10.17632/jf8v2ndydr.1,CC BY 4.0,Data 70-H-U,10,1,700.0,70.0,2.2,healthy,unbalanced_load,UNBALANCED,1000.0,10000,g (acceleration),0.11718770246752301,0.7728486786000001,1.544375,6.594963996449923,4.587352371742483,0.06902659899861684,285.3,0.02140736470926031,253.21734531345246,0.027466111150973457,0.11213126808399915,1.0024526847,1.948125,8.939992402021604,6.515184599044545,-0.3092428033079223,235.70000000000002,0.015332697593910115,251.93533861781734,0.0251471899188751,"Mendeley belt-drive experimental dataset (DOI: 10.17632/jf8v2ndydr.1). Validated for vibration DSP, operating-condition baselining, and general anomaly detection. DOMAIN LIMITATION: Does NOT contain conveyor belt joint rupture labels."
research,mendeley_belt_drive,10.17632/jf8v2ndydr.1,CC BY 4.0,Data 70-H-U,11,2,700.0,70.0,2.2,healthy,unbalanced_load,UNBALANCED,1000.0,10000,g (acceleration),0.10725359102366004,0.6996260719,1.285312,6.523101606413003,2.4914689090026494,0.11697948623721495,285.3,0.024062929294929,250.71595064522745,0.023006853141183753,0.1071122150531408,0.9676763389999999,1.766719,9.034229555610569,5.61878975989455,-0.10676735526487408,235.70000000000002,0.018097199479758148,251.70594089619263,0.022948954265461813,"Mendeley belt-drive experimental dataset (DOI: 10.17632/jf8v2ndydr.1). Validated for vibration DSP, operating-condition baselining, and general anomaly detection. DOMAIN LIMITATION: Does NOT contain conveyor belt joint rupture labels."
research,mendeley_belt_drive,10.17632/jf8v2ndydr.1,CC BY 4.0,Data 70-H-U,12,3,700.0,70.0,2.2,healthy,unbalanced_load,UNBALANCED,1000.0,10000,g (acceleration),0.1140659826020645,0.6871894710240114,1.310920899490866,6.024490872281969,1.8996732498351623,0.08353013126016116,285.3,0.02369286861824126,250.71228399909722,0.02602255095998314,0.11419747425050718,0.9311886666110053,1.809315364647647,8.154196690623126,4.40355484878202,-0.06151518460487684,235.70000000000002,0.01848894616956644,250.95450393229163,0.02608584143199398,"Mendeley belt-drive experimental dataset (DOI: 10.17632/jf8v2ndydr.1). Validated for vibration DSP, operating-condition baselining, and general anomaly detection. DOMAIN LIMITATION: Does NOT contain conveyor belt joint rupture labels."
research,mendeley_belt_drive,10.17632/jf8v2ndydr.1,CC BY 4.0,Data 70-H-U,13,1,800.0,70.0,2.2,healthy,unbalanced_load,UNBALANCED,1000.0,10000,g (acceleration),0.14816663098394317,0.7846768746057365,1.52329698304924,5.295908190628779,0.5298927644468527,0.06798546253135798,303.40000000000003,0.027299735873174826,260.8418234723294,0.0439071903891198,0.13409650358344208,1.1869410717859403,2.26048443186472,8.851394630489837,4.44383322830894,-0.021805018598019702,268.0,0.02712903615619142,249.34128097489466,0.035965914815756936,"Mendeley belt-drive experimental dataset (DOI: 10.17632/jf8v2ndydr.1). Validated for vibration DSP, operating-condition baselining, and general anomaly detection. DOMAIN LIMITATION: Does NOT contain conveyor belt joint rupture labels."
research,mendeley_belt_drive,10.17632/jf8v2ndydr.1,CC BY 4.0,Data 70-H-U,14,2,800.0,70.0,2.2,healthy,unbalanced_load,UNBALANCED,1000.0,10000,g (acceleration),0.14230048950073865,0.7592087111,1.46,5.335250172108924,0.5731971760685854,0.0972286914821871,303.40000000000003,0.0271416961471585,261.8867540670235,0.04049902469033142,0.12811536238575222,1.2096003905000001,2.265782,9.4414937285813,5.260814723520612,-0.052294071538528754,268.0,0.02751951174221922,249.25617720282662,0.032828652024979074,"Mendeley belt-drive experimental dataset (DOI: 10.17632/jf8v2ndydr.1). Validated for vibration DSP, operating-condition baselining, and general anomaly detection. DOMAIN LIMITATION: Does NOT contain conveyor belt joint rupture labels."
research,mendeley_belt_drive,10.17632/jf8v2ndydr.1,CC BY 4.0,Data 70-H-U,15,3,800.0,70.0,2.2,healthy,unbalanced_load,UNBALANCED,1000.0,10000,g (acceleration),0.14791551238816328,0.837313338571883,1.567230259822256,5.660754068677977,0.5459075236406292,0.09401683255884695,303.40000000000003,0.026906066759039202,261.0419392716778,0.043759795125483864,0.13440167039875506,1.1934651285444609,2.1935341290452097,8.879838509473732,4.163647217971991,-0.07987602881948556,268.0,0.028602107920892034,249.8437052784651,0.03612898911964084,"Mendeley belt-drive experimental dataset (DOI: 10.17632/jf8v2ndydr.1). Validated for vibration DSP, operating-condition baselining, and general anomaly detection. DOMAIN LIMITATION: Does NOT contain conveyor belt joint rupture labels."
research,mendeley_belt_drive,10.17632/jf8v2ndydr.1,CC BY 4.0,Data 70-H-U,16,1,900.0,70.0,2.2,healthy,unbalanced_load,UNBALANCED,1000.0,10000,g (acceleration),0.1407559566489324,0.6365830130079215,1.213360240455088,4.52260087717396,0.5114974013898168,0.029592160791663814,150.20000000000002,0.03466332153106151,257.1597217384766,0.03963138930072829,0.16429643339650854,1.5633627002966803,2.62343881585013,9.515499928861532,3.466146913447748,-0.35466291779278725,150.20000000000002,0.024446163658121342,250.1360882121705,0.053988155978096176,"Mendeley belt-drive experimental dataset (DOI: 10.17632/jf8v2ndydr.1). Validated for vibration DSP, operating-condition baselining, and general anomaly detection. DOMAIN LIMITATION: Does NOT contain conveyor belt joint rupture labels."
research,mendeley_belt_drive,10.17632/jf8v2ndydr.1,CC BY 4.0,Data 70-H-U,17,2,900.0,70.0,2.2,healthy,unbalanced_load,UNBALANCED,1000.0,10000,g (acceleration),0.13546562525952877,0.6806520045,1.2493750000000001,5.024536691105128,0.634054628718582,0.03855214280829216,150.20000000000002,0.03411714234074595,257.5856366883945,0.03671582768998705,0.15911671372473682,1.6084384765,2.622813,10.108545097798526,3.9813166279472956,-0.3551338161908285,150.20000000000002,0.02539388470366858,250.0493007275985,0.0506372744773205,"Mendeley belt-drive experimental dataset (DOI: 10.17632/jf8v2ndydr.1). Validated for vibration DSP, operating-condition baselining, and general anomaly detection. DOMAIN LIMITATION: Does NOT contain conveyor belt joint rupture labels."
research,mendeley_belt_drive,10.17632/jf8v2ndydr.1,CC BY 4.0,Data 70-H-U,18,3,900.0,70.0,2.2,healthy,unbalanced_load,UNBALANCED,1000.0,10000,g (acceleration),0.1411696707504397,0.6988663584729741,1.3024498852704731,4.950541817926548,0.5359377108308228,0.02335241429484637,150.20000000000002,0.03397461733622954,257.34252029102964,0.039879551756927215,0.16416903306278632,1.5512414298789812,2.531011291073968,9.449050170659834,3.3022658888242207,-0.2983246814476443,150.20000000000002,0.02602259270522929,249.52508213030058,0.053903808872062094,"Mendeley belt-drive experimental dataset (DOI: 10.17632/jf8v2ndydr.1). Validated for vibration DSP, operating-condition baselining, and general anomaly detection. DOMAIN LIMITATION: Does NOT contain conveyor belt joint rupture labels."
research,mendeley_belt_drive,10.17632/jf8v2ndydr.1,CC BY 4.0,Data 70-H-U,19,1,1000.0,70.0,2.2,healthy,unbalanced_load,UNBALANCED,1000.0,10000,g (acceleration),0.15412547061461845,0.7307230739884394,1.368655689722796,4.741092248247331,0.43097233512682775,-0.06313173613495573,166.8,0.05029645624355475,258.4524431879196,0.04751033998877345,0.1943825633827848,1.3321004942409003,2.53465605054061,6.852983472687734,2.441216958441971,-0.0103390101994746,166.8,0.03985680814915276,248.7705068184977,0.07558951817701788,"Mendeley belt-drive experimental dataset (DOI: 10.17632/jf8v2ndydr.1). Validated for vibration DSP, operating-condition baselining, and general anomaly detection. DOMAIN LIMITATION: Does NOT contain conveyor belt joint rupture labels."
research,mendeley_belt_drive,10.17632/jf8v2ndydr.1,CC BY 4.0,Data 70-H-U,20,2,1000.0,70.0,2.2,healthy,unbalanced_load,UNBALANCED,1000.0,10000,g (acceleration),0.1488011976860149,0.6808903186,1.315625,4.575838966274621,0.4846384817699909,-0.06962522918175218,166.8,0.049736997646854304,258.7214326093999,0.04428807151417208,0.1898778017722718,1.2914233319,2.514063,6.801339176281684,2.570375578262026,0.003664088642060655,166.8,0.040453144888779984,248.72216812296924,0.0721255423527736,"Mendeley belt-drive experimental dataset (DOI: 10.17632/jf8v2ndydr.1). Validated for vibration DSP, operating-condition baselining, and general anomaly detection. DOMAIN LIMITATION: Does NOT contain conveyor belt joint rupture labels."
research,mendeley_belt_drive,10.17632/jf8v2ndydr.1,CC BY 4.0,Data 70-H-U,21,3,1000.0,70.0,2.2,healthy,unbalanced_load,UNBALANCED,1000.0,10000,g (acceleration),0.15446482389302618,0.699829316553792,1.377022486295275,4.530671119260494,0.37915233204652754,-0.07446626782764862,166.8,0.04937429841321844,258.2266426003347,0.04772806299500768,0.19442666200565079,1.3909284010813812,2.7098902339427298,7.154000314221078,2.4307922299334805,-0.019151431102513498,166.8,0.03996458217832779,248.84791342827825,0.07562117413756628,"Mendeley belt-drive experimental dataset (DOI: 10.17632/jf8v2ndydr.1). Validated for vibration DSP, operating-condition baselining, and general anomaly detection. DOMAIN LIMITATION: Does NOT contain conveyor belt joint rupture labels."
research,mendeley_belt_drive,10.17632/jf8v2ndydr.1,CC BY 4.0,Data 70-H-U,22,1,1100.0,70.0,2.2,healthy,unbalanced_load,UNBALANCED,1000.0,10000,g (acceleration),0.18337698797391505,1.0326810566,1.889688,5.631464820149061,1.247555180794036,0.2670250927337297,99.60000000000001,0.024304425579014542,258.17460272069644,0.06725758025148543,0.24231648570148098,2.1247039688,4.116874,8.768301350398028,2.7910706104561367,-0.21950046363164244,197.9,0.020013355400123323,251.61107701463456,0.11744098865392386,"Mendeley belt-drive experimental dataset (DOI: 10.17632/jf8v2ndydr.1). Validated for vibration DSP, operating-condition baselining, and general anomaly detection. DOMAIN LIMITATION: Does NOT contain conveyor belt joint rupture labels."
research,mendeley_belt_drive,10.17632/jf8v2ndydr.1,CC BY 4.0,Data 70-H-U,23,2,1100.0,70.0,2.2,healthy,unbalanced_load,UNBALANCED,1000.0,10000,g (acceleration),0.1812630622361272,0.9594386479,1.760625,5.293073150503004,0.5625201145581991,0.1241640360427342,282.90000000000003,0.023020547370049063,258.42168134320633,0.06571396734095228,0.23550436668181687,1.8242227641,3.368125,7.7460252215393295,1.636659613417331,-0.06610998405315888,282.90000000000003,0.02167756266336689,248.7645693998192,0.11092468461865831,"Mendeley belt-drive experimental dataset (DOI: 10.17632/jf8v2ndydr.1). Validated for vibration DSP, operating-condition baselining, and general anomaly detection. DOMAIN LIMITATION: Does NOT contain conveyor belt joint rupture labels."
research,mendeley_belt_drive,10.17632/jf8v2ndydr.1,CC BY 4.0,Data 70-H-U,24,3,1100.0,70.0,2.2,healthy,unbalanced_load,UNBALANCED,1000.0,10000,g (acceleration),0.18805315967366174,1.0069718484333865,1.892669614857315,5.354719113365796,1.114461868097675,0.2467346441539057,99.60000000000001,0.023548762703745535,257.92070558485955,0.07073659484804554,0.24540776394577965,2.15767815216611,4.11679920219642,8.792216340159586,2.593849534184769,-0.20143300797751756,197.9,0.01990086333815968,251.49430080103272,0.12045755889180057,"Mendeley belt-drive experimental dataset (DOI: 10.17632/jf8v2ndydr.1). Validated for vibration DSP, operating-condition baselining, and general anomaly detection. DOMAIN LIMITATION: Does NOT contain conveyor belt joint rupture labels."
research,mendeley_belt_drive,10.17632/jf8v2ndydr.1,CC BY 4.0,Data 70-H-U,25,1,1200.0,70.0,2.2,healthy,unbalanced_load,UNBALANCED,1000.0,10000,g (acceleration),0.1983024921986458,1.1795122171638066,2.168396319869641,5.948045352764666,0.77134075995524,0.029481795592823736,200.5,0.04099125277890223,256.3409988222416,0.07865977871450656,0.2911022309979398,2.41785660378973,4.42212115061656,8.305867651721439,1.8712090483999342,-0.09094202639839653,200.5,0.04267433550873746,249.9405271094394,0.1694822131847949,"Mendeley belt-drive experimental dataset (DOI: 10.17632/jf8v2ndydr.1). Validated for vibration DSP, operating-condition baselining, and general anomaly detection. DOMAIN LIMITATION: Does NOT contain conveyor belt joint rupture labels."
research,mendeley_belt_drive,10.17632/jf8v2ndydr.1,CC BY 4.0,Data 70-H-U,26,2,1200.0,70.0,2.2,healthy,unbalanced_load,UNBALANCED,1000.0,10000,g (acceleration),0.19324757970881665,1.0984774339999999,2.118125,5.684301121158535,0.8700811920250984,0.021762544992889606,200.5,0.04081709406453251,257.18594318332555,0.07469482484674293,0.2886694152797373,2.3928580479,4.381562,8.289267657888809,1.9613445478877427,-0.08876601499559289,200.5,0.04369282815068686,249.78280611852577,0.16666179865573194,"Mendeley belt-drive experimental dataset (DOI: 10.17632/jf8v2ndydr.1). Validated for vibration DSP, operating-condition baselining, and general anomaly detection. DOMAIN LIMITATION: Does NOT contain conveyor belt joint rupture labels."
research,mendeley_belt_drive,10.17632/jf8v2ndydr.1,CC BY 4.0,Data 70-H-U,27,3,1200.0,70.0,2.2,healthy,unbalanced_load,UNBALANCED,1000.0,10000,g (acceleration),0.19717701351169997,1.0633669357218039,1.978185379741281,5.392955886608489,0.767789731976412,0.02715608867561011,200.5,0.04067930278891216,256.9055644671275,0.077759585743104,0.2916102960628878,2.3786982740639613,4.32735923230393,8.157113470201265,1.8775798445031242,-0.0994949067411065,200.5,0.04326128618549184,249.69133184537597,0.1700750771948649,"Mendeley belt-drive experimental dataset (DOI: 10.17632/jf8v2ndydr.1). Validated for vibration DSP, operating-condition baselining, and general anomaly detection. DOMAIN LIMITATION: Does NOT contain conveyor belt joint rupture labels."
research,mendeley_belt_drive,10.17632/jf8v2ndydr.1,CC BY 4.0,Data 70-H-U,28,1,1300.0,70.0,2.2,healthy,unbalanced_load,UNBALANCED,1000.0,10000,g (acceleration),0.18770056092701531,0.8468016217,1.6825,4.511449606318793,0.39987757374328625,0.027499317214193575,216.5,0.036925648355069035,262.9614182012756,0.07046323601078791,0.33956735886528744,1.7619466439,3.3685929999999997,5.188798622422941,0.4589272778319802,-0.08818801550196717,216.5,0.04468872592568859,251.69194323203573,0.2306375965650868,"Mendeley belt-drive experimental dataset (DOI: 10.17632/jf8v2ndydr.1). Validated for vibration DSP, operating-condition baselining, and general anomaly detection. DOMAIN LIMITATION: Does NOT contain conveyor belt joint rupture labels."
research,mendeley_belt_drive,10.17632/jf8v2ndydr.1,CC BY 4.0,Data 70-H-U,29,2,1300.0,70.0,2.2,healthy,unbalanced_load,UNBALANCED,1000.0,10000,g (acceleration),0.191881935031075,0.9406655407935866,1.817471144640483,4.902314231098655,0.4052838545334425,0.03261829799484143,216.5,0.0372825385615492,262.68819594674864,0.07363774135499584,0.34231936856773787,1.7307652257517403,3.3364765509544103,5.055995613082752,0.417166617087537,-0.087238661689764,216.5,0.045006391119692006,251.800656908021,0.23439303437491954,"Mendeley belt-drive experimental dataset (DOI: 10.17632/jf8v2ndydr.1). Validated for vibration DSP, operating-condition baselining, and general anomaly detection. DOMAIN LIMITATION: Does NOT contain conveyor belt joint rupture labels."
research,mendeley_belt_drive,10.17632/jf8v2ndydr.1,CC BY 4.0,Data 70-H-U,30,3,1300.0,70.0,2.2,healthy,unbalanced_load,UNBALANCED,1000.0,10000,g (acceleration),0.19235027966844698,0.879780436975744,1.7127062660378751,4.573845374658235,0.3593886246699096,0.02107547907175261,216.5,0.03716718359396127,262.0456574970498,0.07399927042582197,0.342030678422084,1.859022582584831,3.41920294932504,5.435250987312601,0.44736238238231296,-0.08598219898641264,216.5,0.043146784028553674,251.65235492405643,0.23399480064596073,"Mendeley belt-drive experimental dataset (DOI: 10.17632/jf8v2ndydr.1). Validated for vibration DSP, operating-condition baselining, and general anomaly detection. DOMAIN LIMITATION: Does NOT contain conveyor belt joint rupture labels."
research,mendeley_belt_drive,10.17632/jf8v2ndydr.1,CC BY 4.0,Data 70-H-U,31,1,1400.0,70.0,2.2,healthy,unbalanced_load,UNBALANCED,1000.0,10000,g (acceleration),0.23906317612410477,1.1756344505241165,2.157864780039701,4.917672682110648,0.28429070303655735,0.04591972783276489,234.0,0.1227533144126146,258.499783369187,0.11430595223621126,0.4443545513905729,2.5942767503534796,4.7896307922930905,5.838303539898248,0.38632248016098547,-0.04576800437141446,234.0,0.1451399646220622,251.93966338944492,0.3949569888554002,"Mendeley belt-drive experimental dataset (DOI: 10.17632/jf8v2ndydr.1). Validated for vibration DSP, operating-condition baselining, and general anomaly detection. DOMAIN LIMITATION: Does NOT contain conveyor belt joint rupture labels."
research,mendeley_belt_drive,10.17632/jf8v2ndydr.1,CC BY 4.0,Data 70-H-U,32,2,1400.0,70.0,2.2,healthy,unbalanced_load,UNBALANCED,1000.0,10000,g (acceleration),0.23561851039449194,1.1482511811,2.089688,4.873348783919834,0.30160980001843685,0.04470959872595054,234.0,0.12217964875878536,258.78590284024074,0.11104110859274618,0.4429710515333133,2.6461131883999998,4.80375,5.9735578188251,0.3975295729200399,-0.04616734968277143,234.0,0.14521377340738173,251.98926271774937,0.3925051370601237,"Mendeley belt-drive experimental dataset (DOI: 10.17632/jf8v2ndydr.1). Validated for vibration DSP, operating-condition baselining, and general anomaly detection. DOMAIN LIMITATION: Does NOT contain conveyor belt joint rupture labels."
research,mendeley_belt_drive,10.17632/jf8v2ndydr.1,CC BY 4.0,Data 70-H-U,33,3,1400.0,70.0,2.2,healthy,unbalanced_load,UNBALANCED,1000.0,10000,g (acceleration),0.23884284786976298,1.047498329537824,1.9739068285192651,4.385721987827776,0.2803179586389968,0.04107838498841208,234.0,0.12239002029888252,258.6833657238691,0.11410720821377637,0.4453376632190226,2.635812640621809,4.85074650999309,5.918683413321554,0.38956021745324554,-0.04541117359888656,234.0,0.14608844418505681,251.8568607942304,0.39671089923904057,"Mendeley belt-drive experimental dataset (DOI: 10.17632/jf8v2ndydr.1). Validated for vibration DSP, operating-condition baselining, and general anomaly detection. DOMAIN LIMITATION: Does NOT contain conveyor belt joint rupture labels."
research,mendeley_belt_drive,10.17632/jf8v2ndydr.1,CC BY 4.0,Data 70-H-U,34,1,1500.0,70.0,2.2,healthy,unbalanced_load,UNBALANCED,1000.0,10000,g (acceleration),0.26329791445818557,1.1225150953,2.160625,4.263288972910824,0.24632145500265112,0.0196453770176119,250.20000000000002,0.1026640889617611,258.23583678309893,0.1386558897205189,0.5154121593007951,2.6179470156,4.997812,5.079327230369362,0.38268864946509407,-0.026671513588800728,250.20000000000002,0.1481717032422937,249.80708903805893,0.531316312972568,"Mendeley belt-drive experimental dataset (DOI: 10.17632/jf8v2ndydr.1). Validated for vibration DSP, operating-condition baselining, and general anomaly detection. DOMAIN LIMITATION: Does NOT contain conveyor belt joint rupture labels."
research,mendeley_belt_drive,10.17632/jf8v2ndydr.1,CC BY 4.0,Data 70-H-U,35,2,1500.0,70.0,2.2,healthy,unbalanced_load,UNBALANCED,1000.0,10000,g (acceleration),0.2519783837907173,1.0025176562,1.9525000000000001,3.9785859450255434,0.22562178194230675,0.06397748173915772,249.4,0.0849441755009952,259.3638406354179,0.12698983505958517,0.5202936208835898,2.4611046301,4.362657,4.7302225730164125,0.2865613043137394,-0.12079540575658676,249.4,0.1350732058807309,249.7895757492561,0.541454570273869,"Mendeley belt-drive experimental dataset (DOI: 10.17632/jf8v2ndydr.1). Validated for vibration DSP, operating-condition baselining, and general anomaly detection. DOMAIN LIMITATION: Does NOT contain conveyor belt joint rupture labels."
research,mendeley_belt_drive,10.17632/jf8v2ndydr.1,CC BY 4.0,Data 70-H-U,36,3,1500.0,70.0,2.2,healthy,unbalanced_load,UNBALANCED,1000.0,10000,g (acceleration),0.26601899729057044,1.1408694072600567,2.18988236250065,4.288676443712379,0.21827468503358594,0.02566989259828736,250.20000000000002,0.10365857598966566,257.7827330584203,0.14153315108983888,0.5170752972371502,2.5615723300015403,4.97778310964336,4.953963849537192,0.3781287211468749,-0.019994043763400172,250.20000000000002,0.14892267119876154,250.05253043510442,0.534752546397548,"Mendeley belt-drive experimental dataset (DOI: 10.17632/jf8v2ndydr.1). Validated for vibration DSP, operating-condition baselining, and general anomaly detection. DOMAIN LIMITATION: Does NOT contain conveyor belt joint rupture labels."
research,mendeley_belt_drive,10.17632/jf8v2ndydr.1,CC BY 4.0,Data 70-H-U,37,1,1600.0,70.0,2.2,healthy,unbalanced_load,UNBALANCED,1000.0,10000,g (acceleration),0.2537663609532874,0.9497652087,1.8900000000000001,3.7426757633760217,0.13166727965899927,0.04821379403349545,374.20000000000005,0.07601005525909595,258.37400491980065,0.1287988645389252,0.5736274532249904,3.0016245631,5.209532,5.232707301968497,0.23704449536934913,-0.09196143057192824,266.5,0.043069894948507464,248.84552446418914,0.6581173618765677,"Mendeley belt-drive experimental dataset (DOI: 10.17632/jf8v2ndydr.1). Validated for vibration DSP, operating-condition baselining, and general anomaly detection. DOMAIN LIMITATION: Does NOT contain conveyor belt joint rupture labels."
research,mendeley_belt_drive,10.17632/jf8v2ndydr.1,CC BY 4.0,Data 70-H-U,38,2,1600.0,70.0,2.2,healthy,unbalanced_load,UNBALANCED,1000.0,10000,g (acceleration),0.27211529187583217,1.3771520660999998,2.6878130000000002,5.06091391118292,0.3843380799817737,0.0895578700778038,374.20000000000005,0.05383207886382935,259.75714258650476,0.14809346418587288,0.5774215366006836,2.4660803302,4.873281,4.270849239046344,0.23647144621696947,-0.09250613117919743,266.5,0.05413239319904194,251.73540253654843,0.6668800156836708,"Mendeley belt-drive experimental dataset (DOI: 10.17632/jf8v2ndydr.1). Validated for vibration DSP, operating-condition baselining, and general anomaly detection. DOMAIN LIMITATION: Does NOT contain conveyor belt joint rupture labels."
research,mendeley_belt_drive,10.17632/jf8v2ndydr.1,CC BY 4.0,Data 70-H-U,39,3,1600.0,70.0,2.2,healthy,unbalanced_load,UNBALANCED,1000.0,10000,g (acceleration),0.256950021972059,0.9780242647489386,1.899327163229195,3.8062820825728116,0.12836516444391632,0.04591169702198664,374.20000000000005,0.07585282293424724,258.14937039364645,0.13204748481098774,0.574069930566684,2.94147315460911,5.16567048294486,5.1238934457087515,0.2304863188883668,-0.09332915784371365,25.8,0.042596175728301704,248.7151624910024,0.6591351004937696,"Mendeley belt-drive experimental dataset (DOI: 10.17632/jf8v2ndydr.1). Validated for vibration DSP, operating-condition baselining, and general anomaly detection. DOMAIN LIMITATION: Does NOT contain conveyor belt joint rupture labels."
research,mendeley_belt_drive,10.17632/jf8v2ndydr.1,CC BY 4.0,Data 70-H-U,40,1,1700.0,70.0,2.2,healthy,unbalanced_load,UNBALANCED,1000.0,10000,g (acceleration),0.27398084495159203,1.2239681276,2.303438,4.467349269677066,0.37212836516952397,0.0543043754180523,283.6,0.06344016160755564,260.2047066845689,0.15014092302623488,0.635937660827527,2.5791086257,4.954219,4.055599761687146,0.07545426606215422,-0.047644570681594695,283.6,0.07784801327522202,248.03975015494703,0.8088370134758188,"Mendeley belt-drive experimental dataset (DOI: 10.17632/jf8v2ndydr.1). Validated for vibration DSP, operating-condition baselining, and general anomaly detection. DOMAIN LIMITATION: Does NOT contain conveyor belt joint rupture labels."
research,mendeley_belt_drive,10.17632/jf8v2ndydr.1,CC BY 4.0,Data 70-H-U,41,2,1700.0,70.0,2.2,healthy,unbalanced_load,UNBALANCED,1000.0,10000,g (acceleration),0.25806704112382406,1.2654409977,2.398751,4.903535888152507,0.23893051927975772,0.044962903212187294,270.2,0.06765031753857977,260.57139401143854,0.13319924932591137,0.6305254480489518,3.1220781873999996,5.824218999999999,4.951549849511565,0.30060306152638194,-0.10519079786521252,283.6,0.08343417733195392,249.2800323544248,0.7951716923618168,"Mendeley belt-drive experimental dataset (DOI: 10.17632/jf8v2ndydr.1). Validated for vibration DSP, operating-condition baselining, and general anomaly detection. DOMAIN LIMITATION: Does NOT contain conveyor belt joint rupture labels."
research,mendeley_belt_drive,10.17632/jf8v2ndydr.1,CC BY 4.0,Data 70-H-U,42,3,1700.0,70.0,2.2,healthy,unbalanced_load,UNBALANCED,1000.0,10000,g (acceleration),0.2617769740396285,1.2361400126163464,2.39224606931128,4.722111320719966,0.20185628067687134,0.04457329235980727,270.2,0.06870444507595677,260.26506194113887,0.13705447462890696,0.6314787357377998,3.22302261936405,5.88759055211227,5.1039289796486536,0.3146760402474409,-0.10575462587449302,283.6,0.08325296529957256,249.24895660965404,0.7975809236953769,"Mendeley belt-drive experimental dataset (DOI: 10.17632/jf8v2ndydr.1). Validated for vibration DSP, operating-condition baselining, and general anomaly detection. DOMAIN LIMITATION: Does NOT contain conveyor belt joint rupture labels."
research,mendeley_belt_drive,10.17632/jf8v2ndydr.1,CC BY 4.0,Data 70-H-U,43,1,1800.0,70.0,2.2,healthy,unbalanced_load,UNBALANCED,1000.0,10000,g (acceleration),0.2636932831390536,1.0911162516,2.07875,4.137823453867123,0.25969309726272716,0.02554816230603148,300.1,0.07473006201902774,257.1597699387674,0.13908993260807792,0.6751820869484013,3.8258859985,6.097187999999999,5.666450684128386,0.2127593405669468,-0.08751962440040337,169.4,0.08973368196488514,249.40634289563312,0.9117495678893601,"Mendeley belt-drive experimental dataset (DOI: 10.17632/jf8v2ndydr.1). Validated for vibration DSP, operating-condition baselining, and general anomaly detection. DOMAIN LIMITATION: Does NOT contain conveyor belt joint rupture labels."
research,mendeley_belt_drive,10.17632/jf8v2ndydr.1,CC BY 4.0,Data 70-H-U,44,2,1800.0,70.0,2.2,healthy,unbalanced_load,UNBALANCED,1000.0,10000,g (acceleration),0.266395645688426,1.0806745286246664,2.100517853832722,4.056652374448394,0.22585383195172426,0.022990518411283984,300.1,0.07387755650895053,257.54562181836445,0.1419458441746933,0.6761261754206773,3.8297187371609205,6.20457903689784,5.664207179640867,0.20137249161623139,-0.08742801540482852,169.4,0.08940873400601501,249.41354802615706,0.9143023851516792,"Mendeley belt-drive experimental dataset (DOI: 10.17632/jf8v2ndydr.1). Validated for vibration DSP, operating-condition baselining, and general anomaly detection. DOMAIN LIMITATION: Does NOT contain conveyor belt joint rupture labels."
research,mendeley_belt_drive,10.17632/jf8v2ndydr.1,CC BY 4.0,Data 70-H-U,45,3,1800.0,70.0,2.2,healthy,unbalanced_load,UNBALANCED,1000.0,10000,g (acceleration),0.2666288188396721,1.133993767101574,2.102506678417022,4.253080263553437,0.24492097702605653,0.03272899201437379,300.1,0.07429464302162393,256.6381793824284,0.14221304418695488,0.6766666992686696,3.830494514156761,6.14504422006788,5.6608290585257075,0.21067677314250322,-0.08557898951153643,169.4,0.09026456175259825,249.19165577117764,0.9157630791364377,"Mendeley belt-drive experimental dataset (DOI: 10.17632/jf8v2ndydr.1). Validated for vibration DSP, operating-condition baselining, and general anomaly detection. DOMAIN LIMITATION: Does NOT contain conveyor belt joint rupture labels."
research,mendeley_belt_drive,10.17632/jf8v2ndydr.1,CC BY 4.0,Data 70-H-U,46,1,1900.0,70.0,2.2,healthy,unbalanced_load,UNBALANCED,1000.0,10000,g (acceleration),0.3190365277245434,1.691415279,3.124687,5.301635179719517,0.4528695205007427,0.16164999973802444,363.1,0.10191386228700478,257.9530187614024,0.20356910228120442,0.7287885120860054,3.2109902185,6.3525,4.405928695705163,0.08764085127971732,-0.03678875156348404,68.4,0.18380181390131425,248.10776165943403,1.0622816663604233,"Mendeley belt-drive experimental dataset (DOI: 10.17632/jf8v2ndydr.1). Validated for vibration DSP, operating-condition baselining, and general anomaly detection. DOMAIN LIMITATION: Does NOT contain conveyor belt joint rupture labels."
research,mendeley_belt_drive,10.17632/jf8v2ndydr.1,CC BY 4.0,Data 70-H-U,47,2,1900.0,70.0,2.2,healthy,unbalanced_load,UNBALANCED,1000.0,10000,g (acceleration),0.32346044409051716,2.0206615038,3.461251,6.247012705004938,0.584921417081576,0.19638363866835362,363.1,0.09823202592049719,256.21767149831857,0.20928528185975642,0.7357071448001061,3.3516075034,6.668125,4.555627231689645,0.25058309750951047,-0.06798703264746063,68.4,0.17097408541456116,248.23071302296933,1.0825306180613494,"Mendeley belt-drive experimental dataset (DOI: 10.17632/jf8v2ndydr.1). Validated for vibration DSP, operating-condition baselining, and general anomaly detection. DOMAIN LIMITATION: Does NOT contain conveyor belt joint rupture labels."
research,mendeley_belt_drive,10.17632/jf8v2ndydr.1,CC BY 4.0,Data 70-H-U,48,3,1900.0,70.0,2.2,healthy,unbalanced_load,UNBALANCED,1000.0,10000,g (acceleration),0.3259657741746728,2.0642601817817967,3.49863770793721,6.332751304974851,0.5670272140381649,0.20086901707111174,363.1,0.0982931846693281,256.01904596168487,0.2125280439452476,0.7370621062901953,3.3265697757265196,6.64201821256549,4.513282866310843,0.23386007691134392,-0.06302887354293996,68.4,0.17039960376021504,248.2102293400353,1.0865214086690638,"Mendeley belt-drive experimental dataset (DOI: 10.17632/jf8v2ndydr.1). Validated for vibration DSP, operating-condition baselining, and general anomaly detection. DOMAIN LIMITATION: Does NOT contain conveyor belt joint rupture labels."
research,mendeley_belt_drive,10.17632/jf8v2ndydr.1,CC BY 4.0,Data 70-H-U,49,1,2000.0,70.0,2.2,healthy,unbalanced_load,UNBALANCED,1000.0,10000,g (acceleration),0.3726100029086049,1.5809655066000001,3.140625,4.242949717557059,0.32499990611942353,0.09676121949732876,333.1,0.17129064418722675,255.7506220767157,0.2776806484310699,0.7613298786266448,3.4171642999,6.524375,4.488414806554273,0.15599881562828255,-0.06292779899613028,333.1,0.1862608960908844,248.8239462894117,1.1593125619004692,"Mendeley belt-drive experimental dataset (DOI: 10.17632/jf8v2ndydr.1). Validated for vibration DSP, operating-condition baselining, and general anomaly detection. DOMAIN LIMITATION: Does NOT contain conveyor belt joint rupture labels."
research,mendeley_belt_drive,10.17632/jf8v2ndydr.1,CC BY 4.0,Data 70-H-U,50,2,2000.0,70.0,2.2,healthy,unbalanced_load,UNBALANCED,1000.0,10000,g (acceleration),0.40469300926185664,2.3659355928,4.218124,5.846247744964434,0.4918540372335185,0.1305932233537265,333.1,0.18788376659950778,257.9502705083829,0.32756180124945034,0.7678341389538086,3.5300046878,7.059062,4.597353137501429,0.16920110153384416,-0.052447745204580294,333.1,0.1788812156796173,250.31217549206863,1.1793163030093798,"Mendeley belt-drive experimental dataset (DOI: 10.17632/jf8v2ndydr.1). Validated for vibration DSP, operating-condition baselining, and general anomaly detection. DOMAIN LIMITATION: Does NOT contain conveyor belt joint rupture labels."
research,mendeley_belt_drive,10.17632/jf8v2ndydr.1,CC BY 4.0,Data 70-H-U,51,3,2000.0,70.0,2.2,healthy,unbalanced_load,UNBALANCED,1000.0,10000,g (acceleration),0.37481203460223067,1.6002783249821764,3.15942426623965,4.26954893985854,0.33393044181098963,0.0970427936729356,333.1,0.1721066208295341,255.9189721913602,0.28096901978365885,0.7621124647479621,3.3752437709781105,6.5320903665586005,4.428800114290659,0.1648329506384707,-0.06352630307681331,333.1,0.18586555145871644,248.87715762716374,1.161693413085894,"Mendeley belt-drive experimental dataset (DOI: 10.17632/jf8v2ndydr.1). Validated for vibration DSP, operating-condition baselining, and general anomaly detection. DOMAIN LIMITATION: Does NOT contain conveyor belt joint rupture labels."
research,mendeley_belt_drive,10.17632/jf8v2ndydr.1,CC BY 4.0,Data 110-H-0,1,1,400.0,110.0,0.0,healthy,normal_balanced,NORMAL,1000.0,10000,g (acceleration),0.04012289981530086,0.2749797614,0.500938,6.8534368818261875,3.123047924909952,0.4007881339600934,298.3,0.005562163569607345,259.1271576205323,0.0032197647993632123,0.04111110027310443,0.22215412669999998,0.43078099999999997,5.403750452413382,0.9080456448389742,0.09231821657816432,350.90000000000003,0.004940364420345928,240.56417390851206,0.003380327600250757,"Mendeley belt-drive experimental dataset (DOI: 10.17632/jf8v2ndydr.1). Validated for vibration DSP, operating-condition baselining, and general anomaly detection. DOMAIN LIMITATION: Does NOT contain conveyor belt joint rupture labels."
research,mendeley_belt_drive,10.17632/jf8v2ndydr.1,CC BY 4.0,Data 110-H-0,2,2,400.0,110.0,0.0,healthy,normal_balanced,NORMAL,1000.0,10000,g (acceleration),0.041373011142838034,0.2865200603292206,0.496951122599287,6.9252890329888235,2.6482976318835068,0.35183438898519614,298.3,0.005580051216706322,258.70597404109503,0.003423452223293425,0.042289053835219664,0.23092487696441405,0.440925524783778,5.460630021759733,0.8159034166164303,0.08050437938611996,350.90000000000003,0.004696577801799925,241.10269785688288,0.0035767815625746668,"Mendeley belt-drive experimental dataset (DOI: 10.17632/jf8v2ndydr.1). Validated for vibration DSP, operating-condition baselining, and general anomaly detection. DOMAIN LIMITATION: Does NOT contain conveyor belt joint rupture labels."
research,mendeley_belt_drive,10.17632/jf8v2ndydr.1,CC BY 4.0,Data 110-H-0,3,3,400.0,110.0,0.0,healthy,normal_balanced,NORMAL,1000.0,10000,g (acceleration),0.041497914438728994,0.284468201027358,0.524651271216497,6.854999940957773,2.911647069383392,0.3785711389745485,298.3,0.0056116749723594305,258.72452539467014,0.003444402851652643,0.042393768019743684,0.22215413865126427,0.42995426384177204,5.240254618268476,0.81103513238339,0.10971768647245161,350.90000000000003,0.004935863878469991,241.21458168018535,0.003594557183253832,"Mendeley belt-drive experimental dataset (DOI: 10.17632/jf8v2ndydr.1). Validated for vibration DSP, operating-condition baselining, and general anomaly detection. DOMAIN LIMITATION: Does NOT contain conveyor belt joint rupture labels."
research,mendeley_belt_drive,10.17632/jf8v2ndydr.1,CC BY 4.0,Data 110-H-0,4,1,500.0,110.0,0.0,healthy,normal_balanced,NORMAL,1000.0,10000,g (acceleration),0.05113909976973431,0.32309630009999996,0.6331249999999999,6.317989592206671,1.505272390180794,0.16071019330798927,301.90000000000003,0.01864660035243841,257.47228537133833,0.005231268841242495,0.04831138725389459,0.35113498480000005,0.615937,7.2681619129389325,1.6081860875770353,0.12568178397151544,301.90000000000003,0.008398341916971976,238.2477575850536,0.004667980398321825,"Mendeley belt-drive experimental dataset (DOI: 10.17632/jf8v2ndydr.1). Validated for vibration DSP, operating-condition baselining, and general anomaly detection. DOMAIN LIMITATION: Does NOT contain conveyor belt joint rupture labels."
research,mendeley_belt_drive,10.17632/jf8v2ndydr.1,CC BY 4.0,Data 110-H-0,5,2,500.0,110.0,0.0,healthy,normal_balanced,NORMAL,1000.0,10000,g (acceleration),0.04669559023647811,0.2198325757,0.41875,4.7077802119367815,0.7636863137579972,0.10552593685069106,301.90000000000003,0.014262260701083804,255.63639845744072,0.004361661163969162,0.04331598222216573,0.2760812369,0.550469,6.373657544783164,1.0161869284919378,0.029051782350885378,301.90000000000003,0.006301366177349201,240.45589450610402,0.003752564692613959,"Mendeley belt-drive experimental dataset (DOI: 10.17632/jf8v2ndydr.1). Validated for vibration DSP, operating-condition baselining, and general anomaly detection. DOMAIN LIMITATION: Does NOT contain conveyor belt joint rupture labels."
research,mendeley_belt_drive,10.17632/jf8v2ndydr.1,CC BY 4.0,Data 110-H-0,6,3,500.0,110.0,0.0,healthy,normal_balanced,NORMAL,1000.0,10000,g (acceleration),0.04808209760063517,0.31141979630000005,0.584376,6.476834660721752,1.4249011440074053,0.1733119212425977,301.90000000000003,0.02519562806258952,255.122769887042,0.004623966487477076,0.0440087043488033,0.2710980776,0.531562,6.160101316579018,0.995883381514219,-0.03738632945829344,301.90000000000003,0.011461527966607989,240.30814323736368,0.0038735324396531744,"Mendeley belt-drive experimental dataset (DOI: 10.17632/jf8v2ndydr.1). Validated for vibration DSP, operating-condition baselining, and general anomaly detection. DOMAIN LIMITATION: Does NOT contain conveyor belt joint rupture labels."
research,mendeley_belt_drive,10.17632/jf8v2ndydr.1,CC BY 4.0,Data 110-H-0,7,1,600.0,110.0,0.0,healthy,normal_balanced,NORMAL,1000.0,10000,g (acceleration),0.0672028255820078,0.43116914469999995,0.783125,6.415937737228668,1.2887783139790487,0.1286691628649872,301.7,0.02693825629951035,258.2810898441567,0.009032444280331451,0.059953400876727375,0.572121445,0.951875,9.542768827682721,3.1294217530429798,-0.0310947052917623,301.7,0.017549422963794605,242.459275960875,0.007188820986904609,"Mendeley belt-drive experimental dataset (DOI: 10.17632/jf8v2ndydr.1). Validated for vibration DSP, operating-condition baselining, and general anomaly detection. DOMAIN LIMITATION: Does NOT contain conveyor belt joint rupture labels."
research,mendeley_belt_drive,10.17632/jf8v2ndydr.1,CC BY 4.0,Data 110-H-0,8,2,600.0,110.0,0.0,healthy,normal_balanced,NORMAL,1000.0,10000,g (acceleration),0.06354838485904798,0.35861071099999997,0.704062,5.643112909878168,1.080338697044974,0.09284990510498625,301.7,0.027690436973013578,259.3432878979227,0.008077212308796761,0.056676565071043294,0.481041014,0.955782,8.487476497508656,2.6011861977028383,-0.1468626595356608,345.3,0.016946868245170034,246.62393389108072,0.00642470763517294,"Mendeley belt-drive experimental dataset (DOI: 10.17632/jf8v2ndydr.1). Validated for vibration DSP, operating-condition baselining, and general anomaly detection. DOMAIN LIMITATION: Does NOT contain conveyor belt joint rupture labels."
research,mendeley_belt_drive,10.17632/jf8v2ndydr.1,CC BY 4.0,Data 110-H-0,9,3,600.0,110.0,0.0,healthy,normal_balanced,NORMAL,1000.0,10000,g (acceleration),0.06155408742710481,0.3610280542,0.674375,5.865216580906119,0.6072179290827453,0.04859684374621208,301.7,0.02733357953181187,255.88946849644648,0.007578348009696933,0.05547872295906379,0.48838671920000004,0.9084380000000001,8.80313556532956,2.6750267887990464,-0.15352521724851664,301.7,0.016977919083792706,247.1652960375834,0.006156516051964786,"Mendeley belt-drive experimental dataset (DOI: 10.17632/jf8v2ndydr.1). Validated for vibration DSP, operating-condition baselining, and general anomaly detection. DOMAIN LIMITATION: Does NOT contain conveyor belt joint rupture labels."
research,mendeley_belt_drive,10.17632/jf8v2ndydr.1,CC BY 4.0,Data 110-H-0,10,1,700.0,110.0,0.0,healthy,normal_balanced,NORMAL,1000.0,10000,g (acceleration),0.06442843532188662,0.2956754483,0.578749,4.5892073402496205,0.4925889884900778,0.13128709578499767,236.70000000000002,0.011982669243516191,253.02776790919816,0.008302214250789072,0.06648385797763158,0.6649758097,1.13375,10.002064108910924,4.828856404127642,-0.3213887030169313,280.40000000000003,0.01751873280760033,252.86548696890478,0.008845326139677558,"Mendeley belt-drive experimental dataset (DOI: 10.17632/jf8v2ndydr.1). Validated for vibration DSP, operating-condition baselining, and general anomaly detection. DOMAIN LIMITATION: Does NOT contain conveyor belt joint rupture labels."
research,mendeley_belt_drive,10.17632/jf8v2ndydr.1,CC BY 4.0,Data 110-H-0,11,2,700.0,110.0,0.0,healthy,normal_balanced,NORMAL,1000.0,10000,g (acceleration),0.06323666856925449,0.4416415535,0.8143750000000001,6.983947185901014,0.6620981823804852,0.1114184297806488,236.70000000000002,0.015527588040595057,253.274372689437,0.007997883641531797,0.06478473654611926,0.5314993126,1.018906,8.20408233383235,3.544776070896689,-0.07805839848044616,280.40000000000003,0.017924371984009726,251.46776966282712,0.008394217144040327,"Mendeley belt-drive experimental dataset (DOI: 10.17632/jf8v2ndydr.1). Validated for vibration DSP, operating-condition baselining, and general anomaly detection. DOMAIN LIMITATION: Does NOT contain conveyor belt joint rupture labels."
research,mendeley_belt_drive,10.17632/jf8v2ndydr.1,CC BY 4.0,Data 110-H-0,12,3,700.0,110.0,0.0,healthy,normal_balanced,NORMAL,1000.0,10000,g (acceleration),0.06489358962346178,0.32637561460000003,0.582501,5.0293968401772835,0.5523916042168144,0.15083183097245811,236.70000000000002,0.012321794756922494,255.74205846713878,0.008422452639347287,0.06690371880712313,0.5715768438,1.1303130000000001,8.543274633922817,3.735934077288821,-0.1173583333963169,280.40000000000003,0.014721617161533283,248.91044594233944,0.008952278106354971,"Mendeley belt-drive experimental dataset (DOI: 10.17632/jf8v2ndydr.1). Validated for vibration DSP, operating-condition baselining, and general anomaly detection. DOMAIN LIMITATION: Does NOT contain conveyor belt joint rupture labels."
research,mendeley_belt_drive,10.17632/jf8v2ndydr.1,CC BY 4.0,Data 110-H-0,13,1,800.0,110.0,0.0,healthy,normal_balanced,NORMAL,1000.0,10000,g (acceleration),0.09878506133960595,0.390634133,0.765312,3.9543846782365955,0.05338599112537601,-0.03790498585816114,306.1,0.0586454326819448,262.520321060998,0.0195170172311848,0.0914254167889637,0.9992294740000001,1.6784370000000002,10.929449480186792,5.253711590061286,-0.26314669489266207,306.1,0.02687256214589217,247.7019139593207,0.016722751233107416,"Mendeley belt-drive experimental dataset (DOI: 10.17632/jf8v2ndydr.1). Validated for vibration DSP, operating-condition baselining, and general anomaly detection. DOMAIN LIMITATION: Does NOT contain conveyor belt joint rupture labels."
research,mendeley_belt_drive,10.17632/jf8v2ndydr.1,CC BY 4.0,Data 110-H-0,14,2,800.0,110.0,0.0,healthy,normal_balanced,NORMAL,1000.0,10000,g (acceleration),0.09504635082643993,0.36181495,0.722188,3.8067211087429835,0.040394109969804415,-0.08386556529409003,306.1,0.05700114038765588,259.754214290703,0.01806778392605129,0.08770810094756758,0.8219453312,1.555469,9.371373023928129,4.693143378446696,-0.31158048613908446,306.1,0.02663744356274654,249.43313360022287,0.015385563640641026,"Mendeley belt-drive experimental dataset (DOI: 10.17632/jf8v2ndydr.1). Validated for vibration DSP, operating-condition baselining, and general anomaly detection. DOMAIN LIMITATION: Does NOT contain conveyor belt joint rupture labels."
research,mendeley_belt_drive,10.17632/jf8v2ndydr.1,CC BY 4.0,Data 110-H-0,15,3,800.0,110.0,0.0,healthy,normal_balanced,NORMAL,1000.0,10000,g (acceleration),0.09298272042154151,0.350665943,0.700937,3.7713022528297677,0.07817725271196663,-0.014156363071778946,306.1,0.05128342981559648,262.47999541197686,0.017291778509608297,0.08660173733208079,0.8385112978,1.385625,9.682384252693064,2.4540859174027476,-0.13663127984084247,132.6,0.031197846370611272,248.19872376479003,0.015000965517668961,"Mendeley belt-drive experimental dataset (DOI: 10.17632/jf8v2ndydr.1). Validated for vibration DSP, operating-condition baselining, and general anomaly detection. DOMAIN LIMITATION: Does NOT contain conveyor belt joint rupture labels."
research,mendeley_belt_drive,10.17632/jf8v2ndydr.1,CC BY 4.0,Data 110-H-0,16,1,900.0,110.0,0.0,healthy,normal_balanced,NORMAL,1000.0,10000,g (acceleration),0.08634691377883409,0.3728637267,0.733437,4.318205600897791,0.13901597684411504,0.029851031904979005,300.3,0.024826446353059802,258.43306083900376,0.01491195277527008,0.08348088680384226,0.6762015433,1.2779690000000001,8.10007618736601,2.665957078601946,-0.0524783160522127,268.5,0.0202010264348699,243.8866805772686,0.013940222858330634,"Mendeley belt-drive experimental dataset (DOI: 10.17632/jf8v2ndydr.1). Validated for vibration DSP, operating-condition baselining, and general anomaly detection. DOMAIN LIMITATION: Does NOT contain conveyor belt joint rupture labels."
research,mendeley_belt_drive,10.17632/jf8v2ndydr.1,CC BY 4.0,Data 110-H-0,17,2,900.0,110.0,0.0,healthy,normal_balanced,NORMAL,1000.0,10000,g (acceleration),0.09190188063735028,0.42095938399226523,0.78076740954899,4.58053068199326,0.1246098867889307,0.016758197292728195,300.3,0.02776343734353792,260.0631020148419,0.016895537183695294,0.0879360532222234,0.8367579477774519,1.4527323567560382,9.515527671714796,2.381614461341907,0.08226715412621302,268.5,0.018121865314057156,244.1456496710544,0.015465934608952578,"Mendeley belt-drive experimental dataset (DOI: 10.17632/jf8v2ndydr.1). Validated for vibration DSP, operating-condition baselining, and general anomaly detection. DOMAIN LIMITATION: Does NOT contain conveyor belt joint rupture labels."
research,mendeley_belt_drive,10.17632/jf8v2ndydr.1,CC BY 4.0,Data 110-H-0,18,3,900.0,110.0,0.0,healthy,normal_balanced,NORMAL,1000.0,10000,g (acceleration),0.08979304783098191,0.4312133061,0.8025,4.802301698363952,0.12198591927821312,0.0368523777349207,300.3,0.028127394369894233,261.16583693454976,0.016127407150266802,0.08590718691522768,0.8275620451,1.440938,9.633210850177525,2.6829721204601285,0.09499419219222521,268.5,0.01783979815277296,243.76778093841895,0.014760685807206292,"Mendeley belt-drive experimental dataset (DOI: 10.17632/jf8v2ndydr.1). Validated for vibration DSP, operating-condition baselining, and general anomaly detection. DOMAIN LIMITATION: Does NOT contain conveyor belt joint rupture labels."
research,mendeley_belt_drive,10.17632/jf8v2ndydr.1,CC BY 4.0,Data 110-H-0,19,1,1000.0,110.0,0.0,healthy,normal_balanced,NORMAL,1000.0,10000,g (acceleration),0.097818334761852,0.4074664744,0.778125,4.165542946442665,0.16491304722448152,0.017390281371189,150.20000000000002,0.03239042647980962,255.63307570510577,0.019142908646925413,0.10196674825672568,0.8004905783,1.459219,7.850506091305114,2.4304638479247087,-0.12361149428335196,262.1,0.026670881147464718,246.6036327176794,0.02079487722283632,"Mendeley belt-drive experimental dataset (DOI: 10.17632/jf8v2ndydr.1). Validated for vibration DSP, operating-condition baselining, and general anomaly detection. DOMAIN LIMITATION: Does NOT contain conveyor belt joint rupture labels."
research,mendeley_belt_drive,10.17632/jf8v2ndydr.1,CC BY 4.0,Data 110-H-0,20,2,1000.0,110.0,0.0,healthy,normal_balanced,NORMAL,1000.0,10000,g (acceleration),0.10394492572484525,0.6207579025,1.048751,5.971988513832998,0.46815204231027296,0.11035869054868068,150.20000000000002,0.029319196406954438,256.5492497630049,0.021609775913311542,0.11093833417842094,1.0171925316000001,1.7654690000000002,9.16899049488214,4.103973593364766,-0.29771247783210447,262.1,0.027028894076424108,245.25837205409292,0.024615935523641143,"Mendeley belt-drive experimental dataset (DOI: 10.17632/jf8v2ndydr.1). Validated for vibration DSP, operating-condition baselining, and general anomaly detection. DOMAIN LIMITATION: Does NOT contain conveyor belt joint rupture labels."
research,mendeley_belt_drive,10.17632/jf8v2ndydr.1,CC BY 4.0,Data 110-H-0,21,3,1000.0,110.0,0.0,healthy,normal_balanced,NORMAL,1000.0,10000,g (acceleration),0.12488509564447378,0.5934630643000001,1.163437,4.752072785286456,0.3828220386020913,0.17264665092961998,150.20000000000002,0.029690817701547998,253.76477611385675,0.031194441988380336,0.12598651018297438,1.1673028651,1.884688,9.265300415137203,2.6302035458547275,-0.22381641082694725,47.1,0.03417419454839051,239.1026306552557,0.03174553854047883,"Mendeley belt-drive experimental dataset (DOI: 10.17632/jf8v2ndydr.1). Validated for vibration DSP, operating-condition baselining, and general anomaly detection. DOMAIN LIMITATION: Does NOT contain conveyor belt joint rupture labels."
research,mendeley_belt_drive,10.17632/jf8v2ndydr.1,CC BY 4.0,Data 110-H-0,22,1,1100.0,110.0,0.0,healthy,normal_balanced,NORMAL,1000.0,10000,g (acceleration),0.13424244566254723,0.6774080753084516,1.174851585567741,5.0461541576148745,0.2207238765297217,0.11495110753160491,166.8,0.044798171572199175,255.22097963042867,0.036042523558705936,0.13972986916749888,1.4695671243533601,2.9060141289201,10.517201033028527,4.4205995352186385,-0.11849670429645467,166.8,0.036451624588036635,247.57706270822786,0.039049666099769065,"Mendeley belt-drive experimental dataset (DOI: 10.17632/jf8v2ndydr.1). Validated for vibration DSP, operating-condition baselining, and general anomaly detection. DOMAIN LIMITATION: Does NOT contain conveyor belt joint rupture labels."
research,mendeley_belt_drive,10.17632/jf8v2ndydr.1,CC BY 4.0,Data 110-H-0,23,2,1100.0,110.0,0.0,healthy,normal_balanced,NORMAL,1000.0,10000,g (acceleration),0.12817672368392155,0.6555793118000001,1.125938,5.114651810079272,0.23580137636353538,0.1361880222707023,166.8,0.044832454263970645,256.1924467514642,0.032858731953101565,0.13396921812807364,1.4078366372,2.807187,10.508657562322398,4.7426197016897955,-0.11993360975773876,166.8,0.037145064208255654,246.28353340648178,0.035895947042862184,"Mendeley belt-drive experimental dataset (DOI: 10.17632/jf8v2ndydr.1). Validated for vibration DSP, operating-condition baselining, and general anomaly detection. DOMAIN LIMITATION: Does NOT contain conveyor belt joint rupture labels."
research,mendeley_belt_drive,10.17632/jf8v2ndydr.1,CC BY 4.0,Data 110-H-0,24,3,1100.0,110.0,0.0,healthy,normal_balanced,NORMAL,1000.0,10000,g (acceleration),0.13460834528350316,0.700065776030749,1.175459832336438,5.200760581049541,0.19502282106261148,0.1189111514666485,166.8,0.04425647646887233,255.63505585605205,0.03624067809322844,0.13980284105319982,1.3216722487863188,2.6185569568893197,9.4538296849302,3.436732804383513,-0.08095947714707265,166.8,0.03664799858110771,246.81823431413648,0.039090015069586134,"Mendeley belt-drive experimental dataset (DOI: 10.17632/jf8v2ndydr.1). Validated for vibration DSP, operating-condition baselining, and general anomaly detection. DOMAIN LIMITATION: Does NOT contain conveyor belt joint rupture labels."
research,mendeley_belt_drive,10.17632/jf8v2ndydr.1,CC BY 4.0,Data 110-H-0,25,1,1200.0,110.0,0.0,healthy,normal_balanced,NORMAL,1000.0,10000,g (acceleration),0.13344864930143796,0.9009067454,1.671563,6.7509618877071125,0.7645732496210638,0.09989669699316887,321.40000000000003,0.025469934307234664,255.54564332941547,0.03561821387322073,0.1457436227077708,1.4917759692,2.624688,10.235617459510708,5.889617926516401,-0.3744519292553921,81.60000000000001,0.03020679928212317,246.4511483156636,0.04248340487325279,"Mendeley belt-drive experimental dataset (DOI: 10.17632/jf8v2ndydr.1). Validated for vibration DSP, operating-condition baselining, and general anomaly detection. DOMAIN LIMITATION: Does NOT contain conveyor belt joint rupture labels."
research,mendeley_belt_drive,10.17632/jf8v2ndydr.1,CC BY 4.0,Data 110-H-0,26,2,1200.0,110.0,0.0,healthy,normal_balanced,NORMAL,1000.0,10000,g (acceleration),0.13897736013399162,0.9646317643161455,1.7603554633001308,6.940927381165676,0.7220005920794876,0.10257438009576504,321.40000000000003,0.025314875537352365,254.17247371479584,0.038629415201601826,0.15083680291850887,1.4757016145732003,2.6450565973684,9.783432067109398,5.125090226344186,-0.34729092336080875,81.60000000000001,0.030105899098346475,247.11511048849323,0.045504978235221975,"Mendeley belt-drive experimental dataset (DOI: 10.17632/jf8v2ndydr.1). Validated for vibration DSP, operating-condition baselining, and general anomaly detection. DOMAIN LIMITATION: Does NOT contain conveyor belt joint rupture labels."
research,mendeley_belt_drive,10.17632/jf8v2ndydr.1,CC BY 4.0,Data 110-H-0,27,3,1200.0,110.0,0.0,healthy,normal_balanced,NORMAL,1000.0,10000,g (acceleration),0.14128494643920067,0.67976346,1.266562,4.811294317845274,0.29377763707448334,0.12079646891442797,321.40000000000003,0.023757729338194953,258.1013254266127,0.03992488383277784,0.14872638601525745,1.7391472365,2.875469,11.693602481012249,6.302169471212736,-0.3861105770308,368.20000000000005,0.02163711298712501,247.41150411596544,0.04425394024169936,"Mendeley belt-drive experimental dataset (DOI: 10.17632/jf8v2ndydr.1). Validated for vibration DSP, operating-condition baselining, and general anomaly detection. DOMAIN LIMITATION: Does NOT contain conveyor belt joint rupture labels."
research,mendeley_belt_drive,10.17632/jf8v2ndydr.1,CC BY 4.0,Data 110-H-0,28,1,1300.0,110.0,0.0,healthy,normal_balanced,NORMAL,1000.0,10000,g (acceleration),0.15301128694196126,0.7277891179,1.276562,4.7564407335261345,0.32099639513832434,0.09482270584918155,340.0,0.038617711691024896,260.986789051791,0.046825672649187744,0.17577969385693423,1.6562331880999999,2.780938,9.42220999342504,4.169168046719481,-0.3406522409238582,402.40000000000003,0.03629230539351703,249.70939615413113,0.06179870659596903,"Mendeley belt-drive experimental dataset (DOI: 10.17632/jf8v2ndydr.1). Validated for vibration DSP, operating-condition baselining, and general anomaly detection. DOMAIN LIMITATION: Does NOT contain conveyor belt joint rupture labels."
research,mendeley_belt_drive,10.17632/jf8v2ndydr.1,CC BY 4.0,Data 110-H-0,29,2,1300.0,110.0,0.0,healthy,normal_balanced,NORMAL,1000.0,10000,g (acceleration),0.14757609312236644,0.672111032,1.2828119999999998,4.554335446749509,0.18875921203724566,0.053951519363490644,339.90000000000003,0.03801465905265235,259.99839059832965,0.043559147373637065,0.16874737870113138,1.6068348802,2.928751,9.522132388473226,3.928011210797763,0.04000081721803135,349.5,0.035282898936622405,248.835255058244,0.056951625998581494,"Mendeley belt-drive experimental dataset (DOI: 10.17632/jf8v2ndydr.1). Validated for vibration DSP, operating-condition baselining, and general anomaly detection. DOMAIN LIMITATION: Does NOT contain conveyor belt joint rupture labels."
research,mendeley_belt_drive,10.17632/jf8v2ndydr.1,CC BY 4.0,Data 110-H-0,30,3,1300.0,110.0,0.0,healthy,normal_balanced,NORMAL,1000.0,10000,g (acceleration),0.1660905250007902,1.0562578103,1.75625,6.359530805836003,0.8352808319732863,0.2506360461583315,340.0,0.03266821875994056,258.33535838981516,0.05517409854805634,0.17884151836230303,1.7448017187,3.018281,9.756133445284911,2.5796185453846716,-0.19427851278319588,349.5,0.031672186915417865,250.8286755999498,0.06396870704509557,"Mendeley belt-drive experimental dataset (DOI: 10.17632/jf8v2ndydr.1). Validated for vibration DSP, operating-condition baselining, and general anomaly detection. DOMAIN LIMITATION: Does NOT contain conveyor belt joint rupture labels."
research,mendeley_belt_drive,10.17632/jf8v2ndydr.1,CC BY 4.0,Data 110-H-0,31,1,1400.0,110.0,0.0,healthy,normal_balanced,NORMAL,1000.0,10000,g (acceleration),0.18408935994806638,1.0279465265548933,1.8048183147871422,5.583954047343574,0.5810651384843766,0.09213691926949408,479.5,0.029089221050356082,262.5118098915663,0.06777803851690721,0.21870688996488288,2.28872786291295,4.536639073216341,10.464818293015114,3.930108028156117,-0.18754575553370928,421.20000000000005,0.03651534254637084,250.35984921112794,0.09566831109733064,"Mendeley belt-drive experimental dataset (DOI: 10.17632/jf8v2ndydr.1). Validated for vibration DSP, operating-condition baselining, and general anomaly detection. DOMAIN LIMITATION: Does NOT contain conveyor belt joint rupture labels."
research,mendeley_belt_drive,10.17632/jf8v2ndydr.1,CC BY 4.0,Data 110-H-0,32,2,1400.0,110.0,0.0,healthy,normal_balanced,NORMAL,1000.0,10000,g (acceleration),0.18450465704315078,0.990558336985052,1.758582359453116,5.3687443604926814,0.6024359328784668,0.08513708743152998,479.40000000000003,0.028865726993155944,262.03054505917004,0.06808420371428336,0.21855994273076718,2.2831608582964096,4.56000549423893,10.446382945428013,3.948508365537645,-0.17882500633707513,421.20000000000005,0.03662809156470581,250.21881783217214,0.09553930860994836,"Mendeley belt-drive experimental dataset (DOI: 10.17632/jf8v2ndydr.1). Validated for vibration DSP, operating-condition baselining, and general anomaly detection. DOMAIN LIMITATION: Does NOT contain conveyor belt joint rupture labels."
research,mendeley_belt_drive,10.17632/jf8v2ndydr.1,CC BY 4.0,Data 110-H-0,33,3,1400.0,110.0,0.0,healthy,normal_balanced,NORMAL,1000.0,10000,g (acceleration),0.18311546254610303,1.0248487799000001,1.808125,5.596735336547418,0.60907569570933,0.0992581169905412,479.5,0.02891511313180144,262.5186343827309,0.06706254773691017,0.2178976538127953,2.2713646714999998,4.540469,10.423997834558701,4.018574115057988,-0.18747485938182382,421.20000000000005,0.036387892999204516,250.48856388628113,0.0949613092028095,"Mendeley belt-drive experimental dataset (DOI: 10.17632/jf8v2ndydr.1). Validated for vibration DSP, operating-condition baselining, and general anomaly detection. DOMAIN LIMITATION: Does NOT contain conveyor belt joint rupture labels."
research,mendeley_belt_drive,10.17632/jf8v2ndydr.1,CC BY 4.0,Data 110-H-0,34,1,1500.0,110.0,0.0,healthy,normal_balanced,NORMAL,1000.0,10000,g (acceleration),0.3147278034356586,1.5186660879754337,3.0032159186257203,4.825331830862227,0.6380101553978252,0.009832933267686621,250.60000000000002,0.08673378258378445,258.08180513408854,0.19813237819966728,0.3374041393128525,2.3330236844481407,4.24790672546714,6.9146267416858285,0.7681018621539915,-0.10741206430331604,250.60000000000002,0.10076932967745965,248.28253097429166,0.22768356119445504,"Mendeley belt-drive experimental dataset (DOI: 10.17632/jf8v2ndydr.1). Validated for vibration DSP, operating-condition baselining, and general anomaly detection. DOMAIN LIMITATION: Does NOT contain conveyor belt joint rupture labels."
research,mendeley_belt_drive,10.17632/jf8v2ndydr.1,CC BY 4.0,Data 110-H-0,35,2,1500.0,110.0,0.0,healthy,normal_balanced,NORMAL,1000.0,10000,g (acceleration),0.3019735737734576,1.4100697774,2.719062,4.669513824603217,0.6308377143833015,0.026792531352598473,360.70000000000005,0.08261380056212095,259.40389738021156,0.18238008880487927,0.32741325665237236,3.2563485270999997,5.109375,9.945683202917449,1.9915328621113444,-0.2199661845443266,250.60000000000002,0.10452800250094135,248.3141853675774,0.21440217024240005,"Mendeley belt-drive experimental dataset (DOI: 10.17632/jf8v2ndydr.1). Validated for vibration DSP, operating-condition baselining, and general anomaly detection. DOMAIN LIMITATION: Does NOT contain conveyor belt joint rupture labels."
research,mendeley_belt_drive,10.17632/jf8v2ndydr.1,CC BY 4.0,Data 110-H-0,36,3,1500.0,110.0,0.0,healthy,normal_balanced,NORMAL,1000.0,10000,g (acceleration),0.2980279503092769,1.4635172222000001,2.8034369999999997,4.910671031630566,0.6891552090961937,-0.024870864426959995,250.60000000000002,0.08629313074142982,259.7118648753003,0.17764639061813717,0.32403105784974373,2.3855062461,4.241719,7.361967898787596,0.9425255863187827,-0.10274774100994648,250.60000000000002,0.1027223592380042,247.8061924863332,0.2099922658423803,"Mendeley belt-drive experimental dataset (DOI: 10.17632/jf8v2ndydr.1). Validated for vibration DSP, operating-condition baselining, and general anomaly detection. DOMAIN LIMITATION: Does NOT contain conveyor belt joint rupture labels."
research,mendeley_belt_drive,10.17632/jf8v2ndydr.1,CC BY 4.0,Data 110-H-0,37,1,1600.0,110.0,0.0,healthy,normal_balanced,NORMAL,1000.0,10000,g (acceleration),0.33210160839195607,1.4969821231,2.75625,4.507602749497129,0.2820687744313193,-0.09469931753188192,369.3,0.10333076030958441,260.2751087144143,0.22063197643031124,0.388132236720211,2.5280479689,4.566407,6.51336768690607,0.5665605856421299,-0.04157881123584345,267.1,0.09507110707006758,247.63745804318512,0.3013343273958766,"Mendeley belt-drive experimental dataset (DOI: 10.17632/jf8v2ndydr.1). Validated for vibration DSP, operating-condition baselining, and general anomaly detection. DOMAIN LIMITATION: Does NOT contain conveyor belt joint rupture labels."
research,mendeley_belt_drive,10.17632/jf8v2ndydr.1,CC BY 4.0,Data 110-H-0,38,2,1600.0,110.0,0.0,healthy,normal_balanced,NORMAL,1000.0,10000,g (acceleration),0.355191035429933,1.5137864785,2.737813,4.261893819104052,0.25562050233304445,-0.13115321617553796,369.3,0.09743315927237911,261.2147421044044,0.2523431154951151,0.40563788741933426,2.0689850942,3.7668749999999998,5.100571614162746,0.45819785113944134,-0.016621640290294035,267.1,0.11520568404420167,247.3221818675572,0.32910339554883894,"Mendeley belt-drive experimental dataset (DOI: 10.17632/jf8v2ndydr.1). Validated for vibration DSP, operating-condition baselining, and general anomaly detection. DOMAIN LIMITATION: Does NOT contain conveyor belt joint rupture labels."
research,mendeley_belt_drive,10.17632/jf8v2ndydr.1,CC BY 4.0,Data 110-H-0,39,3,1600.0,110.0,0.0,healthy,normal_balanced,NORMAL,1000.0,10000,g (acceleration),0.3648323892294811,1.4029596866,2.744688,3.845491047445167,0.06924760850237144,-0.09523058140989508,267.1,0.11517502521653154,257.00546875039373,0.26621800559373315,0.41940326987175114,2.2944794739999996,4.475782,5.470819230144834,0.34718977904036885,-0.008412310964711572,267.1,0.1396929341357314,250.99304634682613,0.35193327369379035,"Mendeley belt-drive experimental dataset (DOI: 10.17632/jf8v2ndydr.1). Validated for vibration DSP, operating-condition baselining, and general anomaly detection. DOMAIN LIMITATION: Does NOT contain conveyor belt joint rupture labels."
research,mendeley_belt_drive,10.17632/jf8v2ndydr.1,CC BY 4.0,Data 110-H-0,40,1,1700.0,110.0,0.0,healthy,normal_balanced,NORMAL,1000.0,10000,g (acceleration),0.35505703519896153,1.3864359683999998,2.714375,3.9048260728676722,0.25733063327203487,0.0225849746735042,283.6,0.14374921413625424,257.34788939256,0.25213196472932187,0.4623621405389465,2.2953448116,4.28375,4.964387458117702,0.3264363709123699,0.030600276355654838,283.6,0.22543840811667237,248.99444429259972,0.42762399002497425,"Mendeley belt-drive experimental dataset (DOI: 10.17632/jf8v2ndydr.1). Validated for vibration DSP, operating-condition baselining, and general anomaly detection. DOMAIN LIMITATION: Does NOT contain conveyor belt joint rupture labels."
research,mendeley_belt_drive,10.17632/jf8v2ndydr.1,CC BY 4.0,Data 110-H-0,41,2,1700.0,110.0,0.0,healthy,normal_balanced,NORMAL,1000.0,10000,g (acceleration),0.3571573317790059,1.4066843173999999,2.743438,3.938556463039089,0.23789056578983558,-0.08903996184662161,283.6,0.14011689986724923,257.7901591480836,0.2551537398929671,0.4730435590285614,2.8377234001,4.530156,5.998862781109475,0.4860910278912538,-0.0405711706756926,283.6,0.2106663968004363,248.65171511871964,0.4475417788268079,"Mendeley belt-drive experimental dataset (DOI: 10.17632/jf8v2ndydr.1). Validated for vibration DSP, operating-condition baselining, and general anomaly detection. DOMAIN LIMITATION: Does NOT contain conveyor belt joint rupture labels."
research,mendeley_belt_drive,10.17632/jf8v2ndydr.1,CC BY 4.0,Data 110-H-0,42,3,1700.0,110.0,0.0,healthy,normal_balanced,NORMAL,1000.0,10000,g (acceleration),0.3540991274858808,1.6133618171000002,3.034688,4.556243412840182,0.3394726474156946,-0.03752078022041252,283.6,0.11163716280397708,257.9027796056657,0.2507736270230161,0.4640962961990474,2.1268759235999997,3.9446879999999993,4.58283322021557,0.33865081087757787,-0.05001047704486397,283.6,0.15378858172032386,248.4938943283471,0.43081173829384034,"Mendeley belt-drive experimental dataset (DOI: 10.17632/jf8v2ndydr.1). Validated for vibration DSP, operating-condition baselining, and general anomaly detection. DOMAIN LIMITATION: Does NOT contain conveyor belt joint rupture labels."
research,mendeley_belt_drive,10.17632/jf8v2ndydr.1,CC BY 4.0,Data 110-H-0,43,1,1800.0,110.0,0.0,healthy,normal_balanced,NORMAL,1000.0,10000,g (acceleration),0.3613210821034164,1.7782135023,3.3234380000000003,4.921421944017771,0.4562204492313815,-0.04172849625320765,344.90000000000003,0.08697220354357121,257.91602880300866,0.26110592353169804,0.5478336066571112,2.2548390308,4.275625,4.115919511690897,0.20465591585332765,-0.0915514996343145,300.40000000000003,0.07502256932742668,249.61403387476983,0.6003080529244584,"Mendeley belt-drive experimental dataset (DOI: 10.17632/jf8v2ndydr.1). Validated for vibration DSP, operating-condition baselining, and general anomaly detection. DOMAIN LIMITATION: Does NOT contain conveyor belt joint rupture labels."
research,mendeley_belt_drive,10.17632/jf8v2ndydr.1,CC BY 4.0,Data 110-H-0,44,2,1800.0,110.0,0.0,healthy,normal_balanced,NORMAL,1000.0,10000,g (acceleration),0.3534893906611623,2.1062732828,3.574687,5.958519091224922,0.5740649233930757,-0.06331706676282949,300.40000000000003,0.0918406417119521,257.1634521211647,0.2500191323016447,0.5663945675014154,3.2976390175,5.410157,5.822158627063032,0.24152420920266593,-0.000386053724200186,300.40000000000003,0.13304344815234856,249.47584615259305,0.6416056970993973,"Mendeley belt-drive experimental dataset (DOI: 10.17632/jf8v2ndydr.1). Validated for vibration DSP, operating-condition baselining, and general anomaly detection. DOMAIN LIMITATION: Does NOT contain conveyor belt joint rupture labels."
research,mendeley_belt_drive,10.17632/jf8v2ndydr.1,CC BY 4.0,Data 110-H-0,45,3,1800.0,110.0,0.0,healthy,normal_balanced,NORMAL,1000.0,10000,g (acceleration),0.41987983178036525,2.0475898512,3.801562,4.876609201537151,0.3670052542548188,0.058106183319366754,300.40000000000003,0.09863101773371122,258.3142878618623,0.3526263786631352,0.5831552453968111,2.7237419528,5.411562,4.670697853273386,0.20196626790346972,-0.010080572956804344,300.40000000000003,0.1552785696896475,248.39206352189277,0.6802765722123165,"Mendeley belt-drive experimental dataset (DOI: 10.17632/jf8v2ndydr.1). Validated for vibration DSP, operating-condition baselining, and general anomaly detection. DOMAIN LIMITATION: Does NOT contain conveyor belt joint rupture labels."
research,mendeley_belt_drive,10.17632/jf8v2ndydr.1,CC BY 4.0,Data 110-H-0,46,1,1900.0,110.0,0.0,healthy,normal_balanced,NORMAL,1000.0,10000,g (acceleration),0.404179715470696,1.6773645291,3.3378129999999997,4.15004629103316,0.276179744444669,0.06610784910719261,317.20000000000005,0.13768029899100614,259.4002972370954,0.32673899264598205,0.63501557637372,4.1324407661,6.908906,6.507621103876628,0.35170857280968093,0.03487467627434988,63.400000000000006,0.17415950672205685,249.28462100260683,0.8065889302324293,"Mendeley belt-drive experimental dataset (DOI: 10.17632/jf8v2ndydr.1). Validated for vibration DSP, operating-condition baselining, and general anomaly detection. DOMAIN LIMITATION: Does NOT contain conveyor belt joint rupture labels."
research,mendeley_belt_drive,10.17632/jf8v2ndydr.1,CC BY 4.0,Data 110-H-0,47,2,1900.0,110.0,0.0,healthy,normal_balanced,NORMAL,1000.0,10000,g (acceleration),0.38971669725050107,1.7908214376,3.369688,4.5951878639905965,0.23090733021151877,0.051780801879567497,317.20000000000005,0.13799335217985284,257.71658555802475,0.30388158098740814,0.6349636018146263,3.0196086239,5.617031,4.75556176018662,0.2779937013205016,-0.015342172521364134,63.400000000000006,0.1463054198223373,248.15670281867057,0.8063703078633786,"Mendeley belt-drive experimental dataset (DOI: 10.17632/jf8v2ndydr.1). Validated for vibration DSP, operating-condition baselining, and general anomaly detection. DOMAIN LIMITATION: Does NOT contain conveyor belt joint rupture labels."
research,mendeley_belt_drive,10.17632/jf8v2ndydr.1,CC BY 4.0,Data 110-H-0,48,3,1900.0,110.0,0.0,healthy,normal_balanced,NORMAL,1000.0,10000,g (acceleration),0.3901539904289706,1.7976521795,3.280938,4.607545286217626,0.31003031191858943,0.00261028366627229,317.20000000000005,0.12313326707362542,257.60677840961284,0.3044481162695406,0.6204079992791272,2.8218990624,5.045624999999999,4.5484569278263,0.11743448572634962,-0.06642510405249545,63.400000000000006,0.16442450751044707,247.8712389221983,0.7702274278681249,"Mendeley belt-drive experimental dataset (DOI: 10.17632/jf8v2ndydr.1). Validated for vibration DSP, operating-condition baselining, and general anomaly detection. DOMAIN LIMITATION: Does NOT contain conveyor belt joint rupture labels."
research,mendeley_belt_drive,10.17632/jf8v2ndydr.1,CC BY 4.0,Data 110-H-0,49,1,2000.0,110.0,0.0,healthy,normal_balanced,NORMAL,1000.0,10000,g (acceleration),0.3740684878246547,1.7510967817,3.360938,4.681219719638159,0.4319946780729831,-0.01857400863611061,333.20000000000005,0.20047972558822777,257.3636672933558,0.27991769291477286,0.6348676957169087,2.7379701430999996,5.155780999999999,4.3126625619346,0.06457430064049419,-0.027581012566183134,333.20000000000005,0.18938498213080598,248.7424169671551,0.8062076571651613,"Mendeley belt-drive experimental dataset (DOI: 10.17632/jf8v2ndydr.1). Validated for vibration DSP, operating-condition baselining, and general anomaly detection. DOMAIN LIMITATION: Does NOT contain conveyor belt joint rupture labels."
research,mendeley_belt_drive,10.17632/jf8v2ndydr.1,CC BY 4.0,Data 110-H-0,50,2,2000.0,110.0,0.0,healthy,normal_balanced,NORMAL,1000.0,10000,g (acceleration),0.4002371759973589,2.1609818452000003,3.808438,5.399253179855187,0.2652933388976848,0.012219536629785055,333.20000000000005,0.22236759623637223,258.30369576790315,0.32038288545761295,0.5597353786403623,2.4904736231999998,4.484375,4.449376827402871,0.2024919226461961,-0.027281561897640475,333.20000000000005,0.19300156382731082,249.62382786033191,0.6266175354671653,"Mendeley belt-drive experimental dataset (DOI: 10.17632/jf8v2ndydr.1). Validated for vibration DSP, operating-condition baselining, and general anomaly detection. DOMAIN LIMITATION: Does NOT contain conveyor belt joint rupture labels."
research,mendeley_belt_drive,10.17632/jf8v2ndydr.1,CC BY 4.0,Data 110-H-0,51,3,2000.0,110.0,0.0,healthy,normal_balanced,NORMAL,1000.0,10000,g (acceleration),0.37317084289717145,1.7861394988000001,3.170312,4.786385466058979,0.2452352254645107,-0.02647085498626438,333.20000000000005,0.2260683858392949,258.42734244938936,0.27851384258947476,0.6039894989231483,3.5289826738,5.771718,5.842788128091326,0.25911601576956844,-0.07853297669031892,333.20000000000005,0.22225061503093588,249.2027387789954,0.7296216056536764,"Mendeley belt-drive experimental dataset (DOI: 10.17632/jf8v2ndydr.1). Validated for vibration DSP, operating-condition baselining, and general anomaly detection. DOMAIN LIMITATION: Does NOT contain conveyor belt joint rupture labels."
research,mendeley_belt_drive,10.17632/jf8v2ndydr.1,CC BY 4.0,Data 110-F-0,1,1,400.0,110.0,0.0,faulty_belt,normal_balanced,FAULTY_BELT,1000.0,10000,g (acceleration),0.06806303512642364,1.2290143665000002,1.842499,18.057002074873214,20.566742767546987,1.5903156793478301,459.90000000000003,0.007541326133683886,262.00794177178693,0.00926668496789922,0.06405680163355044,0.5961933906,1.0856249999999998,9.307261296164016,3.1525268104416178,0.19681249140330032,343.0,0.008572377815961279,238.23357883746698,0.008206912516602575,"Mendeley belt-drive experimental dataset (DOI: 10.17632/jf8v2ndydr.1). Validated for vibration DSP, operating-condition baselining, and general anomaly detection. DOMAIN LIMITATION: Does NOT contain conveyor belt joint rupture labels."
research,mendeley_belt_drive,10.17632/jf8v2ndydr.1,CC BY 4.0,Data 110-F-0,2,2,400.0,110.0,0.0,faulty_belt,normal_balanced,FAULTY_BELT,1000.0,10000,g (acceleration),0.08304333449891738,1.5800512992,2.12125,19.026828688106196,24.670808207122626,1.759581603087305,469.20000000000005,0.014096907922612267,261.8326281071464,0.013793230131727598,0.0805783782788379,0.5109593804,0.945469,6.341147480430144,1.7186496129231568,0.058075884866413095,262.7,0.01224408170331258,241.12326705396404,0.01298590685670499,"Mendeley belt-drive experimental dataset (DOI: 10.17632/jf8v2ndydr.1). Validated for vibration DSP, operating-condition baselining, and general anomaly detection. DOMAIN LIMITATION: Does NOT contain conveyor belt joint rupture labels."
research,mendeley_belt_drive,10.17632/jf8v2ndydr.1,CC BY 4.0,Data 110-F-0,3,3,400.0,110.0,0.0,faulty_belt,normal_balanced,FAULTY_BELT,1000.0,10000,g (acceleration),0.07092820394295445,1.2434637490673834,1.8785194221221073,17.531301794522616,17.948045466803894,1.411030408870886,459.90000000000003,0.007669437554746183,260.7705686625671,0.010064828037767204,0.06704309475517888,0.6100631120178909,1.10041779190205,9.099566692821341,2.736888169880629,0.16688772853513517,343.0,0.008748221678492388,239.24002817766248,0.008989795080101715,"Mendeley belt-drive experimental dataset (DOI: 10.17632/jf8v2ndydr.1). Validated for vibration DSP, operating-condition baselining, and general anomaly detection. DOMAIN LIMITATION: Does NOT contain conveyor belt joint rupture labels."
research,mendeley_belt_drive,10.17632/jf8v2ndydr.1,CC BY 4.0,Data 110-F-0,4,1,500.0,110.0,0.0,faulty_belt,normal_balanced,FAULTY_BELT,1000.0,10000,g (acceleration),0.1412584658460396,1.9285078670111364,3.02407273661674,13.652334785463799,15.166444521125172,1.573330031396554,254.0,0.02161835734220326,261.129833865373,0.03990993749005921,0.11196706763340743,0.7372299687084598,1.368317689902828,6.584346489471639,1.8081639913147418,0.2751505476393158,253.3,0.021451406170558313,236.15687129920758,0.025073355478154365,"Mendeley belt-drive experimental dataset (DOI: 10.17632/jf8v2ndydr.1). Validated for vibration DSP, operating-condition baselining, and general anomaly detection. DOMAIN LIMITATION: Does NOT contain conveyor belt joint rupture labels."
research,mendeley_belt_drive,10.17632/jf8v2ndydr.1,CC BY 4.0,Data 110-F-0,5,2,500.0,110.0,0.0,faulty_belt,normal_balanced,FAULTY_BELT,1000.0,10000,g (acceleration),0.141174602747362,1.960593008085884,3.02039449486783,13.88771754927088,15.243467616598792,1.551081623042941,348.70000000000005,0.021527817055317446,262.1285626338054,0.039860916063397506,0.11254411278649695,0.798801148986151,1.45428354032283,7.097671563696321,1.9284504757408873,0.28492691859642766,253.3,0.022649090228368914,237.57109190349064,0.0253323552649387,"Mendeley belt-drive experimental dataset (DOI: 10.17632/jf8v2ndydr.1). Validated for vibration DSP, operating-condition baselining, and general anomaly detection. DOMAIN LIMITATION: Does NOT contain conveyor belt joint rupture labels."
research,mendeley_belt_drive,10.17632/jf8v2ndydr.1,CC BY 4.0,Data 110-F-0,6,3,500.0,110.0,0.0,faulty_belt,normal_balanced,FAULTY_BELT,1000.0,10000,g (acceleration),0.135264660835695,1.9607779005000001,3.035625,14.495862321953721,18.396084664833285,1.8082478393941266,348.70000000000005,0.02130576188179201,263.1903749385711,0.03659315772138931,0.10495897422211314,0.7342226849,1.341406,6.995330226324861,2.364920369519049,0.336637806604866,253.3,0.022255351657735383,234.76397674096683,0.022032783124961527,"Mendeley belt-drive experimental dataset (DOI: 10.17632/jf8v2ndydr.1). Validated for vibration DSP, operating-condition baselining, and general anomaly detection. DOMAIN LIMITATION: Does NOT contain conveyor belt joint rupture labels."
research,mendeley_belt_drive,10.17632/jf8v2ndydr.1,CC BY 4.0,Data 110-F-0,7,1,600.0,110.0,0.0,faulty_belt,normal_balanced,FAULTY_BELT,1000.0,10000,g (acceleration),0.154054643650648,2.6207551830720766,4.05871988081906,17.01185450154428,15.543947740193072,1.0568671833002685,299.5,0.03746275481905365,257.84247057550834,0.04750002025225191,0.1363514624506195,0.9829386447513898,1.684895769647984,7.2088603017908,1.9173569645242194,0.20898752047722008,98.60000000000001,0.020787069704717703,233.60862069736544,0.03718350371921438,"Mendeley belt-drive experimental dataset (DOI: 10.17632/jf8v2ndydr.1). Validated for vibration DSP, operating-condition baselining, and general anomaly detection. DOMAIN LIMITATION: Does NOT contain conveyor belt joint rupture labels."
research,mendeley_belt_drive,10.17632/jf8v2ndydr.1,CC BY 4.0,Data 110-F-0,8,2,600.0,110.0,0.0,faulty_belt,normal_balanced,FAULTY_BELT,1000.0,10000,g (acceleration),0.15353681955092102,2.632707219503694,3.94556925652875,17.147074084275577,16.27833294556082,1.1393519532472007,299.5,0.03665823312247749,257.9350754050115,0.047161709848252985,0.13684241665735383,0.920306032206894,1.543578269643554,6.725298008374783,1.6699173188072312,0.16277363440758047,98.60000000000001,0.020989370586781953,234.57214332053823,0.03745169702568033,"Mendeley belt-drive experimental dataset (DOI: 10.17632/jf8v2ndydr.1). Validated for vibration DSP, operating-condition baselining, and general anomaly detection. DOMAIN LIMITATION: Does NOT contain conveyor belt joint rupture labels."
research,mendeley_belt_drive,10.17632/jf8v2ndydr.1,CC BY 4.0,Data 110-F-0,9,3,600.0,110.0,0.0,faulty_belt,normal_balanced,FAULTY_BELT,1000.0,10000,g (acceleration),0.1483184817671783,2.5904664000000004,3.9668750000000004,17.465567130510166,17.87845455922567,1.2141272750980956,299.5,0.03674619989025029,258.7574841223694,0.04401934637402215,0.13085173280855075,0.9604027155,1.612187,7.339625505037566,2.11312444345677,0.20827133155354235,98.60000000000001,0.02099350263931993,231.91772597727004,0.034244352484041285,"Mendeley belt-drive experimental dataset (DOI: 10.17632/jf8v2ndydr.1). Validated for vibration DSP, operating-condition baselining, and general anomaly detection. DOMAIN LIMITATION: Does NOT contain conveyor belt joint rupture labels."
research,mendeley_belt_drive,10.17632/jf8v2ndydr.1,CC BY 4.0,Data 110-F-0,10,1,700.0,110.0,0.0,faulty_belt,normal_balanced,FAULTY_BELT,1000.0,10000,g (acceleration),0.17527925442817624,2.5515596711881368,3.6525374635250003,14.557111618897736,16.32904784089835,1.750957819103952,297.1,0.030006424065863093,258.6927152260048,0.061446325560323194,0.1451036439052481,0.8578055848270553,1.626469316275597,5.911675005123908,1.302768168777173,0.11137012353080597,125.5,0.030376506607562363,236.73160929269093,0.042110176026606966,"Mendeley belt-drive experimental dataset (DOI: 10.17632/jf8v2ndydr.1). Validated for vibration DSP, operating-condition baselining, and general anomaly detection. DOMAIN LIMITATION: Does NOT contain conveyor belt joint rupture labels."
research,mendeley_belt_drive,10.17632/jf8v2ndydr.1,CC BY 4.0,Data 110-F-0,11,2,700.0,110.0,0.0,faulty_belt,normal_balanced,FAULTY_BELT,1000.0,10000,g (acceleration),0.17082354872023314,2.5095577859000002,3.6100010000000005,14.690935791352967,17.659064874995405,1.8750501719534862,297.1,0.029979798973150326,259.9188635116504,0.05836144547347827,0.13979451762736708,0.881728281,1.6471879999999999,6.307316595564311,1.6016522957257582,0.1251408096959732,125.5,0.030587942193978826,235.89274000059467,0.03908519657195274,"Mendeley belt-drive experimental dataset (DOI: 10.17632/jf8v2ndydr.1). Validated for vibration DSP, operating-condition baselining, and general anomaly detection. DOMAIN LIMITATION: Does NOT contain conveyor belt joint rupture labels."
research,mendeley_belt_drive,10.17632/jf8v2ndydr.1,CC BY 4.0,Data 110-F-0,12,3,700.0,110.0,0.0,faulty_belt,normal_balanced,FAULTY_BELT,1000.0,10000,g (acceleration),0.1457648340625861,1.8890544663,2.960312,12.95960358647895,12.760400466087019,1.4361222217535776,296.90000000000003,0.027006875923652626,262.55262026061524,0.04249539413932825,0.12162402587504863,0.9734031149,1.8032810000000001,8.003378509276063,2.1662764355223167,0.10717794383720783,125.2,0.0324348164185203,240.90607734284947,0.029586596396851364,"Mendeley belt-drive experimental dataset (DOI: 10.17632/jf8v2ndydr.1). Validated for vibration DSP, operating-condition baselining, and general anomaly detection. DOMAIN LIMITATION: Does NOT contain conveyor belt joint rupture labels."
research,mendeley_belt_drive,10.17632/jf8v2ndydr.1,CC BY 4.0,Data 110-F-0,13,1,800.0,110.0,0.0,faulty_belt,normal_balanced,FAULTY_BELT,1000.0,10000,g (acceleration),0.13816524567253874,2.2482659893,3.212187,16.27229755468714,21.19956400514117,1.7574194221006894,132.6,0.015166325330392704,262.9063877532249,0.03819452612501348,0.12413038251695704,1.5453892552000001,2.394531,12.449726036966732,6.250029186004852,-0.34810904522639863,266.40000000000003,0.014553150289436712,245.37755010302857,0.03081709954802543,"Mendeley belt-drive experimental dataset (DOI: 10.17632/jf8v2ndydr.1). Validated for vibration DSP, operating-condition baselining, and general anomaly detection. DOMAIN LIMITATION: Does NOT contain conveyor belt joint rupture labels."
research,mendeley_belt_drive,10.17632/jf8v2ndydr.1,CC BY 4.0,Data 110-F-0,14,2,800.0,110.0,0.0,faulty_belt,normal_balanced,FAULTY_BELT,1000.0,10000,g (acceleration),0.11743620555296377,2.4299403374,3.396875,20.69157740543734,21.37833229151777,1.261255484422503,133.70000000000002,0.019623049818602738,259.5572082971406,0.027585002969449268,0.11912609339853507,1.1632420019,2.006094,9.764796013316632,6.642102624843398,-0.48977155580985327,268.6,0.021929536177548555,244.15888209072108,0.028382302631005715,"Mendeley belt-drive experimental dataset (DOI: 10.17632/jf8v2ndydr.1). Validated for vibration DSP, operating-condition baselining, and general anomaly detection. DOMAIN LIMITATION: Does NOT contain conveyor belt joint rupture labels."
research,mendeley_belt_drive,10.17632/jf8v2ndydr.1,CC BY 4.0,Data 110-F-0,15,3,800.0,110.0,0.0,faulty_belt,normal_balanced,FAULTY_BELT,1000.0,10000,g (acceleration),0.1470669082790459,2.1887833638075933,3.20741818488018,14.882908666676931,16.22638080597629,1.4247427682200304,132.6,0.015289354926911039,261.89614518502805,0.04328533150780019,0.13334335991699614,1.61089622960433,2.445154249130846,12.08081325239655,4.810691927714647,-0.2720145446826495,266.40000000000003,0.01458928134689986,245.6232316742656,0.03556102496152974,"Mendeley belt-drive experimental dataset (DOI: 10.17632/jf8v2ndydr.1). Validated for vibration DSP, operating-condition baselining, and general anomaly detection. DOMAIN LIMITATION: Does NOT contain conveyor belt joint rupture labels."
research,mendeley_belt_drive,10.17632/jf8v2ndydr.1,CC BY 4.0,Data 110-F-0,16,1,900.0,110.0,0.0,faulty_belt,normal_balanced,FAULTY_BELT,1000.0,10000,g (acceleration),0.1743518562185539,1.8521275803058432,2.682850003245317,10.622930093638697,5.852144829201228,0.8734309616031845,150.3,0.038887037928715125,263.87475412910237,0.060880593218263446,0.15668040339592051,1.3010243130213899,2.57151296295333,8.303682431387362,2.2877671356505953,-0.03995248057077262,150.3,0.028387311620333127,245.53114595347301,0.04910692414693717,"Mendeley belt-drive experimental dataset (DOI: 10.17632/jf8v2ndydr.1). Validated for vibration DSP, operating-condition baselining, and general anomaly detection. DOMAIN LIMITATION: Does NOT contain conveyor belt joint rupture labels."
research,mendeley_belt_drive,10.17632/jf8v2ndydr.1,CC BY 4.0,Data 110-F-0,17,2,900.0,110.0,0.0,faulty_belt,normal_balanced,FAULTY_BELT,1000.0,10000,g (acceleration),0.16679481660077697,1.8853869027,2.7325,11.303630059515996,7.201507807893954,1.0003324187944795,150.3,0.038209738368311,264.62140018042965,0.05570110776400002,0.14870443525602112,1.3500746442999998,2.620782,9.078913093450147,2.973554619987687,-0.026041357094388318,150.3,0.028613342997076963,244.95851855051055,0.04423724439523609,"Mendeley belt-drive experimental dataset (DOI: 10.17632/jf8v2ndydr.1). Validated for vibration DSP, operating-condition baselining, and general anomaly detection. DOMAIN LIMITATION: Does NOT contain conveyor belt joint rupture labels."
research,mendeley_belt_drive,10.17632/jf8v2ndydr.1,CC BY 4.0,Data 110-F-0,18,3,900.0,110.0,0.0,faulty_belt,normal_balanced,FAULTY_BELT,1000.0,10000,g (acceleration),0.17405839623303426,1.9537933325519599,2.777591377520175,11.22493010872148,6.462758221378689,0.912099449601059,150.3,0.03713016688973485,262.91889424670654,0.06063601305578438,0.15716016994636686,1.3602200219333538,2.59817847640309,8.654992052996304,2.1302991263515034,0.0151754229364669,150.3,0.027462670675262417,246.04729700187522,0.049410527193177484,"Mendeley belt-drive experimental dataset (DOI: 10.17632/jf8v2ndydr.1). Validated for vibration DSP, operating-condition baselining, and general anomaly detection. DOMAIN LIMITATION: Does NOT contain conveyor belt joint rupture labels."
research,mendeley_belt_drive,10.17632/jf8v2ndydr.1,CC BY 4.0,Data 110-F-0,19,1,1000.0,110.0,0.0,faulty_belt,normal_balanced,FAULTY_BELT,1000.0,10000,g (acceleration),0.14497411253511183,0.6479107889681742,1.244583797629923,4.469148164719782,0.2327633377263929,0.11499801162795037,166.8,0.058225967417248545,257.74175352679936,0.04208221568191344,0.15643482394614278,1.6535573657379103,2.90033590341214,10.57026385830303,4.284970575800428,-0.24860708403565637,166.8,0.0434086311663512,249.40758547871437,0.04895682608015159,"Mendeley belt-drive experimental dataset (DOI: 10.17632/jf8v2ndydr.1). Validated for vibration DSP, operating-condition baselining, and general anomaly detection. DOMAIN LIMITATION: Does NOT contain conveyor belt joint rupture labels."
research,mendeley_belt_drive,10.17632/jf8v2ndydr.1,CC BY 4.0,Data 110-F-0,20,2,1000.0,110.0,0.0,faulty_belt,normal_balanced,FAULTY_BELT,1000.0,10000,g (acceleration),0.1353738679162925,0.6324004337,1.179063,4.6715104135979955,0.3177956129532591,0.11860172806616567,166.8,0.057215406472179986,259.6881731679036,0.036682292552788015,0.1488061679080554,1.5913867631,2.823281,10.694360223584876,5.300544027963973,-0.3159663681605263,166.8,0.04334722032408738,248.9700508984009,0.044301777958390576,"Mendeley belt-drive experimental dataset (DOI: 10.17632/jf8v2ndydr.1). Validated for vibration DSP, operating-condition baselining, and general anomaly detection. DOMAIN LIMITATION: Does NOT contain conveyor belt joint rupture labels."
research,mendeley_belt_drive,10.17632/jf8v2ndydr.1,CC BY 4.0,Data 110-F-0,21,3,1000.0,110.0,0.0,faulty_belt,normal_balanced,FAULTY_BELT,1000.0,10000,g (acceleration),0.13579465432933538,0.6670986213,1.145,4.912554360808063,0.12818775118778936,0.08218969668095781,166.8,0.05593927740874906,259.86999136050963,0.036898691961257675,0.15345952360697884,1.6999744542,2.9268739999999998,11.077673214689236,7.428470772200162,-0.49808391231081817,166.8,0.04348016538625699,248.7458274440143,0.04711233034570934,"Mendeley belt-drive experimental dataset (DOI: 10.17632/jf8v2ndydr.1). Validated for vibration DSP, operating-condition baselining, and general anomaly detection. DOMAIN LIMITATION: Does NOT contain conveyor belt joint rupture labels."
research,mendeley_belt_drive,10.17632/jf8v2ndydr.1,CC BY 4.0,Data 110-F-0,22,1,1100.0,110.0,0.0,faulty_belt,normal_balanced,FAULTY_BELT,1000.0,10000,g (acceleration),0.1588936132593276,1.5049762108,2.130625,9.471596623230875,2.9991301099151872,0.5180775969702737,160.5,0.03644304902919633,258.0115773248056,0.050499763499295615,0.17542943101320485,1.468941001,2.819844,8.373401159178533,3.182211425790805,-0.12718991203669086,240.8,0.027970811884449324,246.6848610293717,0.06156634822272956,"Mendeley belt-drive experimental dataset (DOI: 10.17632/jf8v2ndydr.1). Validated for vibration DSP, operating-condition baselining, and general anomaly detection. DOMAIN LIMITATION: Does NOT contain conveyor belt joint rupture labels."
research,mendeley_belt_drive,10.17632/jf8v2ndydr.1,CC BY 4.0,Data 110-F-0,23,2,1100.0,110.0,0.0,faulty_belt,normal_balanced,FAULTY_BELT,1000.0,10000,g (acceleration),0.1669032952964965,1.584646050821933,2.250181003125072,9.494396428823515,2.6334234098164817,0.4658296785055908,160.5,0.03768166717839386,257.29497497625033,0.05572717053771513,0.1834560955741572,1.4174552801775404,2.72029518932946,7.72640056325941,2.5421658264411366,-0.11948584460486121,240.8,0.02779445726043134,247.67482695912108,0.06732553593265918,"Mendeley belt-drive experimental dataset (DOI: 10.17632/jf8v2ndydr.1). Validated for vibration DSP, operating-condition baselining, and general anomaly detection. DOMAIN LIMITATION: Does NOT contain conveyor belt joint rupture labels."
research,mendeley_belt_drive,10.17632/jf8v2ndydr.1,CC BY 4.0,Data 110-F-0,24,3,1100.0,110.0,0.0,faulty_belt,normal_balanced,FAULTY_BELT,1000.0,10000,g (acceleration),0.1660857594262963,1.6003017777219901,2.2782386742093643,9.635394288166857,2.6239997999979883,0.44914107269196557,160.5,0.03521746154567891,256.4461174237827,0.05517029969096257,0.18253104298266004,1.4994211587024264,2.7556736716539003,8.214609056087339,2.5328485830224308,-0.13095672440312292,240.8,0.02838787715687306,246.36709238510667,0.06665131521420574,"Mendeley belt-drive experimental dataset (DOI: 10.17632/jf8v2ndydr.1). Validated for vibration DSP, operating-condition baselining, and general anomaly detection. DOMAIN LIMITATION: Does NOT contain conveyor belt joint rupture labels."
research,mendeley_belt_drive,10.17632/jf8v2ndydr.1,CC BY 4.0,Data 110-F-0,25,1,1200.0,110.0,0.0,faulty_belt,normal_balanced,FAULTY_BELT,1000.0,10000,g (acceleration),0.20646318192010538,2.2604313119774835,3.3314864804341306,10.948350650006924,4.667289963837843,0.6232266671964317,200.4,0.03714813234197341,255.50112335126516,0.08525603476988332,0.22199453168442723,1.7313985049369103,3.24994975856922,7.7992844769624865,2.382185880791564,-0.14548983245305167,202.3,0.03349360112324022,248.9329662984986,0.09856327700862685,"Mendeley belt-drive experimental dataset (DOI: 10.17632/jf8v2ndydr.1). Validated for vibration DSP, operating-condition baselining, and general anomaly detection. DOMAIN LIMITATION: Does NOT contain conveyor belt joint rupture labels."
research,mendeley_belt_drive,10.17632/jf8v2ndydr.1,CC BY 4.0,Data 110-F-0,26,2,1200.0,110.0,0.0,faulty_belt,normal_balanced,FAULTY_BELT,1000.0,10000,g (acceleration),0.20682965082148244,2.20902944696342,3.27080755605465,10.680429223709632,4.313369678654315,0.5837197303685253,200.4,0.03832741970415332,255.64511194781673,0.08555834544231547,0.22180682084270875,1.7929277601147462,3.3099142211902697,8.083285055450013,2.5445305925845085,-0.10909663027897822,202.3,0.03166252893080552,249.55938159688168,0.09839653172332433,"Mendeley belt-drive experimental dataset (DOI: 10.17632/jf8v2ndydr.1). Validated for vibration DSP, operating-condition baselining, and general anomaly detection. DOMAIN LIMITATION: Does NOT contain conveyor belt joint rupture labels."
research,mendeley_belt_drive,10.17632/jf8v2ndydr.1,CC BY 4.0,Data 110-F-0,27,3,1200.0,110.0,0.0,faulty_belt,normal_balanced,FAULTY_BELT,1000.0,10000,g (acceleration),0.2002874478013817,2.2931095565999997,3.331562,11.449092700377305,5.2471803406245545,0.6990884843402909,200.4,0.03720414945038668,256.80764545472397,0.08023012360219262,0.21625150070131186,1.7619867827000002,3.270312,8.14785921478376,2.7508522410161866,-0.13650927028838278,202.3,0.03211932512342497,248.84943705440386,0.09352943019047281,"Mendeley belt-drive experimental dataset (DOI: 10.17632/jf8v2ndydr.1). Validated for vibration DSP, operating-condition baselining, and general anomaly detection. DOMAIN LIMITATION: Does NOT contain conveyor belt joint rupture labels."
research,mendeley_belt_drive,10.17632/jf8v2ndydr.1,CC BY 4.0,Data 110-F-0,28,1,1300.0,110.0,0.0,faulty_belt,normal_balanced,FAULTY_BELT,1000.0,10000,g (acceleration),0.1906626621503419,0.8615209739,1.669375,4.518561548357439,0.24035403345587936,-0.003172794678918371,338.5,0.09814756730341784,262.46770079692095,0.07272933389952797,0.24235824662143424,2.4808153893,4.5649999999999995,10.236150095503273,3.3416502079216093,0.0859399409433045,338.5,0.060420392232621155,247.0847491079847,0.11747548300033232,"Mendeley belt-drive experimental dataset (DOI: 10.17632/jf8v2ndydr.1). Validated for vibration DSP, operating-condition baselining, and general anomaly detection. DOMAIN LIMITATION: Does NOT contain conveyor belt joint rupture labels."
research,mendeley_belt_drive,10.17632/jf8v2ndydr.1,CC BY 4.0,Data 110-F-0,29,2,1300.0,110.0,0.0,faulty_belt,normal_balanced,FAULTY_BELT,1000.0,10000,g (acceleration),0.181245753748714,0.6792805577000001,1.311563,3.7478426040357364,0.07077717551730256,-0.003775167568627677,338.5,0.09190660087711015,260.4606912022869,0.06570267831422308,0.23063121796536684,1.461466843,2.698125,6.3368127519469795,1.0871100489901266,-0.011206445279149907,338.5,0.0588132059424788,250.94869160300976,0.10638215161855687,"Mendeley belt-drive experimental dataset (DOI: 10.17632/jf8v2ndydr.1). Validated for vibration DSP, operating-condition baselining, and general anomaly detection. DOMAIN LIMITATION: Does NOT contain conveyor belt joint rupture labels."
research,mendeley_belt_drive,10.17632/jf8v2ndydr.1,CC BY 4.0,Data 110-F-0,30,3,1300.0,110.0,0.0,faulty_belt,normal_balanced,FAULTY_BELT,1000.0,10000,g (acceleration),0.17927655124073308,0.9019891555999999,1.596563,5.031272351891722,0.21491372795281194,0.007148305725574733,338.5,0.10096849267151303,259.94556127065164,0.06428063402621323,0.23466109744197752,2.007512561,3.937188,8.55494405712638,2.943682115503294,-0.09529467031784516,338.5,0.056980643540345696,251.86216753413677,0.110145914088324,"Mendeley belt-drive experimental dataset (DOI: 10.17632/jf8v2ndydr.1). Validated for vibration DSP, operating-condition baselining, and general anomaly detection. DOMAIN LIMITATION: Does NOT contain conveyor belt joint rupture labels."
research,mendeley_belt_drive,10.17632/jf8v2ndydr.1,CC BY 4.0,Data 110-F-0,31,1,1400.0,110.0,0.0,faulty_belt,normal_balanced,FAULTY_BELT,1000.0,10000,g (acceleration),0.18739100779759296,0.8482661475,1.643126,4.5267174634987795,0.31372410704432596,0.04563920170072605,232.9,0.08264362821592802,251.6813067040867,0.07024114367629171,0.2780530723995009,2.2570465521,4.225156,8.117322828417167,2.056421113154629,-0.06883504395611806,232.9,0.08501911128374627,248.07429192951992,0.15462864929223746,"Mendeley belt-drive experimental dataset (DOI: 10.17632/jf8v2ndydr.1). Validated for vibration DSP, operating-condition baselining, and general anomaly detection. DOMAIN LIMITATION: Does NOT contain conveyor belt joint rupture labels."
research,mendeley_belt_drive,10.17632/jf8v2ndydr.1,CC BY 4.0,Data 110-F-0,32,2,1400.0,110.0,0.0,faulty_belt,normal_balanced,FAULTY_BELT,1000.0,10000,g (acceleration),0.19431353212567334,0.8964379384991512,1.708843426108262,4.613358260192476,0.2641854528706027,0.02773153061891096,232.9,0.08219289415703723,250.69596167136964,0.07551886677605232,0.2823821406537236,2.2929243593207693,4.23098996988239,8.119934051114482,2.049989090180028,-0.060179304889177394,232.9,0.085225345447947,248.263940715074,0.15948176752842325,"Mendeley belt-drive experimental dataset (DOI: 10.17632/jf8v2ndydr.1). Validated for vibration DSP, operating-condition baselining, and general anomaly detection. DOMAIN LIMITATION: Does NOT contain conveyor belt joint rupture labels."
research,mendeley_belt_drive,10.17632/jf8v2ndydr.1,CC BY 4.0,Data 110-F-0,33,3,1400.0,110.0,0.0,faulty_belt,normal_balanced,FAULTY_BELT,1000.0,10000,g (acceleration),0.1815913344765345,0.7917842539,1.5437509999999999,4.36025351199958,0.222021983523216,0.061040480622619096,232.9,0.08866440905280028,251.7566188947765,0.06596556246168876,0.2831724731428814,2.051770489,4.055156,7.2456565648057545,1.3128423935790083,-0.07346486306896437,232.9,0.10155924569660717,246.2160631604222,0.16037716616899117,"Mendeley belt-drive experimental dataset (DOI: 10.17632/jf8v2ndydr.1). Validated for vibration DSP, operating-condition baselining, and general anomaly detection. DOMAIN LIMITATION: Does NOT contain conveyor belt joint rupture labels."
research,mendeley_belt_drive,10.17632/jf8v2ndydr.1,CC BY 4.0,Data 110-F-0,34,1,1500.0,110.0,0.0,faulty_belt,normal_balanced,FAULTY_BELT,1000.0,10000,g (acceleration),0.1965919200325946,0.8513150651,1.580937,4.330366502137287,0.049004566715092235,0.06350990574380802,249.5,0.10374957181878797,258.694736020897,0.07729676746229425,0.33545115991800956,2.4079404324,4.312813,7.178214655714845,1.4617002815993505,-0.20712238412144005,249.5,0.12066233051262289,249.90918550670798,0.22505835048263548,"Mendeley belt-drive experimental dataset (DOI: 10.17632/jf8v2ndydr.1). Validated for vibration DSP, operating-condition baselining, and general anomaly detection. DOMAIN LIMITATION: Does NOT contain conveyor belt joint rupture labels."
research,mendeley_belt_drive,10.17632/jf8v2ndydr.1,CC BY 4.0,Data 110-F-0,35,2,1500.0,110.0,0.0,faulty_belt,normal_balanced,FAULTY_BELT,1000.0,10000,g (acceleration),0.20849876291101074,0.9343521324,1.8025,4.481331780365481,0.33584163840238945,0.08093577186317888,249.5,0.0983912757174993,259.91351042492204,0.08694959108423894,0.34190245700239696,2.1933448150999997,4.120000999999999,6.415118611109083,0.8497533627329861,-0.16980293213810524,249.5,0.12306433841940487,248.8204815121673,0.23379498741240184,"Mendeley belt-drive experimental dataset (DOI: 10.17632/jf8v2ndydr.1). Validated for vibration DSP, operating-condition baselining, and general anomaly detection. DOMAIN LIMITATION: Does NOT contain conveyor belt joint rupture labels."
research,mendeley_belt_drive,10.17632/jf8v2ndydr.1,CC BY 4.0,Data 110-F-0,36,3,1500.0,110.0,0.0,faulty_belt,normal_balanced,FAULTY_BELT,1000.0,10000,g (acceleration),0.19954865154636203,0.8580741606,1.700313,4.30007496392748,0.1986972594071581,0.06194793666874191,249.5,0.09132228146266769,258.4185477355144,0.07965015881449275,0.3417760273978116,2.4448229711000002,4.275625,7.153289801260223,1.102069773097492,-0.17142718503474427,249.5,0.1124102758330301,248.51652241528143,0.23367375512454872,"Mendeley belt-drive experimental dataset (DOI: 10.17632/jf8v2ndydr.1). Validated for vibration DSP, operating-condition baselining, and general anomaly detection. DOMAIN LIMITATION: Does NOT contain conveyor belt joint rupture labels."
research,mendeley_belt_drive,10.17632/jf8v2ndydr.1,CC BY 4.0,Data 110-F-0,37,1,1600.0,110.0,0.0,faulty_belt,normal_balanced,FAULTY_BELT,1000.0,10000,g (acceleration),0.2244760788858749,1.0832357459,1.96625,4.825617728518521,0.33314788002960194,0.05622357726469443,267.1,0.05525882677555992,255.44501736225482,0.1007848925905464,0.39066498444937897,2.5465427667,4.96375,6.518482249667739,0.7072684350335159,-0.09451994435269724,267.1,0.06658821262793171,247.2917733515259,0.3053317326854333,"Mendeley belt-drive experimental dataset (DOI: 10.17632/jf8v2ndydr.1). Validated for vibration DSP, operating-condition baselining, and general anomaly detection. DOMAIN LIMITATION: Does NOT contain conveyor belt joint rupture labels."
research,mendeley_belt_drive,10.17632/jf8v2ndydr.1,CC BY 4.0,Data 110-F-0,38,2,1600.0,110.0,0.0,faulty_belt,normal_balanced,FAULTY_BELT,1000.0,10000,g (acceleration),0.21639389523498836,1.2577233111,2.15375,5.812194053506925,0.2723261769010463,0.07122834034209953,267.1,0.0540782862033383,256.7645653536228,0.09365367672657211,0.3941467502596233,2.7309187468,4.980155999999999,6.9286851788100545,0.7630228142986621,-0.06826462989488626,267.1,0.06736806863426782,248.03048915678133,0.3109991803547648,"Mendeley belt-drive experimental dataset (DOI: 10.17632/jf8v2ndydr.1). Validated for vibration DSP, operating-condition baselining, and general anomaly detection. DOMAIN LIMITATION: Does NOT contain conveyor belt joint rupture labels."
research,mendeley_belt_drive,10.17632/jf8v2ndydr.1,CC BY 4.0,Data 110-F-0,39,3,1600.0,110.0,0.0,faulty_belt,normal_balanced,FAULTY_BELT,1000.0,10000,g (acceleration),0.22764537055372464,1.3432889368,2.173438,5.9007961968766764,0.4580456667360058,0.07387958150644676,267.1,0.05565035606651827,255.44191661471712,0.10364596517624096,0.4053305777223054,2.8411639066000003,4.424531,7.009498080715983,0.5689148169094906,-0.11103695232030796,267.1,0.06376049240862398,248.1332270266993,0.32860910928579035,"Mendeley belt-drive experimental dataset (DOI: 10.17632/jf8v2ndydr.1). Validated for vibration DSP, operating-condition baselining, and general anomaly detection. DOMAIN LIMITATION: Does NOT contain conveyor belt joint rupture labels."
research,mendeley_belt_drive,10.17632/jf8v2ndydr.1,CC BY 4.0,Data 110-F-0,40,1,1700.0,110.0,0.0,faulty_belt,normal_balanced,FAULTY_BELT,1000.0,10000,g (acceleration),0.2545483141368679,1.3517307843000002,2.373125,5.310311281705008,0.3736889865176476,0.0009396268567530526,247.60000000000002,0.08176318994293903,256.078205600356,0.12959332017339292,0.4951200727744964,2.6001170479,4.79625,5.251487852895493,0.4084215712428074,-0.08601169103815107,247.60000000000002,0.10852987593901518,248.98745704704743,0.4902906061019489,"Mendeley belt-drive experimental dataset (DOI: 10.17632/jf8v2ndydr.1). Validated for vibration DSP, operating-condition baselining, and general anomaly detection. DOMAIN LIMITATION: Does NOT contain conveyor belt joint rupture labels."
research,mendeley_belt_drive,10.17632/jf8v2ndydr.1,CC BY 4.0,Data 110-F-0,41,2,1700.0,110.0,0.0,faulty_belt,normal_balanced,FAULTY_BELT,1000.0,10000,g (acceleration),0.2736177336441934,1.6901364028,2.970937,6.176998764991662,0.674037523793996,0.05144291665283019,283.6,0.07923635187548905,254.59001651219558,0.14976106323627633,0.5105643680884022,2.313593761,4.588906,4.531443840592123,0.22649325732302739,-0.07819900196735424,247.60000000000002,0.11180886042971487,248.63939779346128,0.5213594125543374,"Mendeley belt-drive experimental dataset (DOI: 10.17632/jf8v2ndydr.1). Validated for vibration DSP, operating-condition baselining, and general anomaly detection. DOMAIN LIMITATION: Does NOT contain conveyor belt joint rupture labels."
research,mendeley_belt_drive,10.17632/jf8v2ndydr.1,CC BY 4.0,Data 110-F-0,42,3,1700.0,110.0,0.0,faulty_belt,normal_balanced,FAULTY_BELT,1000.0,10000,g (acceleration),0.26377991061761363,1.6917577106,2.953125,6.41351991756659,0.6027049317636028,0.02014332162534572,283.6,0.07960712352080723,258.0084059544176,0.13915968574511645,0.5160504371249909,3.3693221878000004,5.677031,6.529055970906828,0.40276412530836403,-0.007087260414503201,283.6,0.10943082731891106,252.32044039561887,0.5326255142634433,"Mendeley belt-drive experimental dataset (DOI: 10.17632/jf8v2ndydr.1). Validated for vibration DSP, operating-condition baselining, and general anomaly detection. DOMAIN LIMITATION: Does NOT contain conveyor belt joint rupture labels."
research,mendeley_belt_drive,10.17632/jf8v2ndydr.1,CC BY 4.0,Data 110-F-0,43,1,1800.0,110.0,0.0,faulty_belt,normal_balanced,FAULTY_BELT,1000.0,10000,g (acceleration),0.2776129412546042,1.5724551239875932,2.74932800777139,5.664199647470556,0.5406997648826719,0.06760247399933268,300.1,0.07212775715101305,259.0565081061969,0.1541678264121809,0.5871878287116735,2.7603069341658197,5.09438109367938,4.700892626167174,0.19397377118256065,0.006630373268026347,262.0,0.09131855392822709,249.08158270910423,0.6895826368138817,"Mendeley belt-drive experimental dataset (DOI: 10.17632/jf8v2ndydr.1). Validated for vibration DSP, operating-condition baselining, and general anomaly detection. DOMAIN LIMITATION: Does NOT contain conveyor belt joint rupture labels."
research,mendeley_belt_drive,10.17632/jf8v2ndydr.1,CC BY 4.0,Data 110-F-0,44,2,1800.0,110.0,0.0,faulty_belt,normal_balanced,FAULTY_BELT,1000.0,10000,g (acceleration),0.27029668964946835,1.2671056586999998,2.5271869999999996,4.6878326935606704,0.5949143375577886,0.03418694508000311,300.1,0.07536718648181501,258.07486447375436,0.14612582682467679,0.5797013592576813,2.6232693932,5.055782000000001,4.525208284070866,0.19487055737667447,-0.015771024314688978,300.1,0.10846742909726659,249.85495765209316,0.6721090170031906,"Mendeley belt-drive experimental dataset (DOI: 10.17632/jf8v2ndydr.1). Validated for vibration DSP, operating-condition baselining, and general anomaly detection. DOMAIN LIMITATION: Does NOT contain conveyor belt joint rupture labels."
research,mendeley_belt_drive,10.17632/jf8v2ndydr.1,CC BY 4.0,Data 110-F-0,45,3,1800.0,110.0,0.0,faulty_belt,normal_balanced,FAULTY_BELT,1000.0,10000,g (acceleration),0.2734076687900308,1.5347225012999999,2.731562,5.613311828786421,0.5870144452837831,0.09512818435915174,300.1,0.07285769879718261,258.94424464590287,0.14952021527752035,0.5856234999416765,2.7193730156,5.08375,4.643551728834018,0.20415610933416595,0.008274231546086369,262.0,0.0903043609821318,249.30939397203238,0.6859144457841292,"Mendeley belt-drive experimental dataset (DOI: 10.17632/jf8v2ndydr.1). Validated for vibration DSP, operating-condition baselining, and general anomaly detection. DOMAIN LIMITATION: Does NOT contain conveyor belt joint rupture labels."
research,mendeley_belt_drive,10.17632/jf8v2ndydr.1,CC BY 4.0,Data 110-F-0,46,1,1900.0,110.0,0.0,faulty_belt,normal_balanced,FAULTY_BELT,1000.0,10000,g (acceleration),0.30546395184530845,1.3637804931937532,2.54616290051024,4.464620080226004,0.2908983849481479,0.019487548332051928,317.1,0.10454421533222938,256.29428142459693,0.1866170621496011,0.6542144846784216,3.0389916103875096,5.68720563535023,4.645252713842499,0.05648556092022572,-0.00324271426518313,317.1,0.11866194413081592,248.4851961559402,0.8560058624315219,"Mendeley belt-drive experimental dataset (DOI: 10.17632/jf8v2ndydr.1). Validated for vibration DSP, operating-condition baselining, and general anomaly detection. DOMAIN LIMITATION: Does NOT contain conveyor belt joint rupture labels."
research,mendeley_belt_drive,10.17632/jf8v2ndydr.1,CC BY 4.0,Data 110-F-0,47,2,1900.0,110.0,0.0,faulty_belt,normal_balanced,FAULTY_BELT,1000.0,10000,g (acceleration),0.3118398365447449,1.6161995893,2.9831250000000002,5.182787443733465,0.2508443434879588,0.016116515920248112,317.1,0.10384871190159559,256.9742034783799,0.1944986203666832,0.6564712985219742,2.4030362335,4.786407,3.660535104749233,0.08167144081951472,-0.06043122876581018,317.1,0.09025084792503899,249.85982338697926,0.8619381353094826,"Mendeley belt-drive experimental dataset (DOI: 10.17632/jf8v2ndydr.1). Validated for vibration DSP, operating-condition baselining, and general anomaly detection. DOMAIN LIMITATION: Does NOT contain conveyor belt joint rupture labels."
research,mendeley_belt_drive,10.17632/jf8v2ndydr.1,CC BY 4.0,Data 110-F-0,48,3,1900.0,110.0,0.0,faulty_belt,normal_balanced,FAULTY_BELT,1000.0,10000,g (acceleration),0.30139147639720554,1.3492874638999999,2.492813,4.476860062630856,0.2858066412565643,0.021072926761099245,317.1,0.10573858072098474,257.1148096628248,0.18167400709579343,0.6526337006386908,3.0176834809999997,5.626405999999999,4.623854817866111,0.06665381300456907,-0.009394756089734467,317.1,0.11862845838136193,248.26420589427758,0.8518762475873001,"Mendeley belt-drive experimental dataset (DOI: 10.17632/jf8v2ndydr.1). Validated for vibration DSP, operating-condition baselining, and general anomaly detection. DOMAIN LIMITATION: Does NOT contain conveyor belt joint rupture labels."
research,mendeley_belt_drive,10.17632/jf8v2ndydr.1,CC BY 4.0,Data 110-F-0,49,1,2000.0,110.0,0.0,faulty_belt,normal_balanced,FAULTY_BELT,1000.0,10000,g (acceleration),0.35167329853437235,1.4726410032,2.833126,4.187525778435137,0.20451252186768043,0.06753196368462933,333.20000000000005,0.21533833257066545,252.774619095224,0.24734906784518781,0.6763427209697286,2.9526495958,5.697031,4.3656115520346574,0.04910246433492205,-0.025451437291077014,333.20000000000005,0.20285931925477524,250.8549377272194,0.9148848048891483,"Mendeley belt-drive experimental dataset (DOI: 10.17632/jf8v2ndydr.1). Validated for vibration DSP, operating-condition baselining, and general anomaly detection. DOMAIN LIMITATION: Does NOT contain conveyor belt joint rupture labels."
research,mendeley_belt_drive,10.17632/jf8v2ndydr.1,CC BY 4.0,Data 110-F-0,50,2,2000.0,110.0,0.0,faulty_belt,normal_balanced,FAULTY_BELT,1000.0,10000,g (acceleration),0.3718322330259666,1.7360169435,3.414062,4.668817787452996,0.274970890700311,0.054107121180552546,333.20000000000005,0.22105854837555916,252.5404309643664,0.2765455664641735,0.6911038541370126,2.6219104362,5.2395309999999995,3.7938009179155894,0.10453210155134318,-0.024435806328006078,333.20000000000005,0.20955260257915684,249.63452463517584,0.9553082309023373,"Mendeley belt-drive experimental dataset (DOI: 10.17632/jf8v2ndydr.1). Validated for vibration DSP, operating-condition baselining, and general anomaly detection. DOMAIN LIMITATION: Does NOT contain conveyor belt joint rupture labels."
research,mendeley_belt_drive,10.17632/jf8v2ndydr.1,CC BY 4.0,Data 110-F-0,51,3,2000.0,110.0,0.0,faulty_belt,normal_balanced,FAULTY_BELT,1000.0,10000,g (acceleration),0.3900811405660047,1.7985974461,3.496562,4.610829027751122,0.28050454770590294,0.016964073650225495,333.20000000000005,0.21672597762576665,254.542447761902,0.3043618199650452,0.701536670480569,3.1663021562,5.870313,4.513380824456417,0.18037507599251823,-0.04848309210139168,333.20000000000005,0.20400749099877008,247.84511514225184,0.9843150363243154,"Mendeley belt-drive experimental dataset (DOI: 10.17632/jf8v2ndydr.1). Validated for vibration DSP, operating-condition baselining, and general anomaly detection. DOMAIN LIMITATION: Does NOT contain conveyor belt joint rupture labels."
research,mendeley_belt_drive,10.17632/jf8v2ndydr.1,CC BY 4.0,Data 110-H-U,1,1,400.0,110.0,2.2,healthy,unbalanced_load,UNBALANCED,1000.0,10000,g (acceleration),0.0781850848174354,0.35872399043039854,0.6786423736967699,4.588138406040362,0.4027132273086007,0.013469269096695198,330.20000000000005,0.007112048752742189,252.49952245204523,0.012225974478416501,0.07973666692450111,0.7849161800118732,1.266878291290386,9.843854907492853,2.024215433443744,-0.2001421714724744,350.0,0.00544196722984572,249.89659767051853,0.012716111215101886,"Mendeley belt-drive experimental dataset (DOI: 10.17632/jf8v2ndydr.1). Validated for vibration DSP, operating-condition baselining, and general anomaly detection. DOMAIN LIMITATION: Does NOT contain conveyor belt joint rupture labels."
research,mendeley_belt_drive,10.17632/jf8v2ndydr.1,CC BY 4.0,Data 110-H-U,2,2,400.0,110.0,2.2,healthy,unbalanced_load,UNBALANCED,1000.0,10000,g (acceleration),0.06657743574007177,0.33525561319999997,0.641875,5.035574132186284,0.7728428538580592,0.007933116454667412,330.20000000000005,0.007581906836732307,255.19536456101977,0.008867379141023816,0.06938139521992538,0.7356452337,1.204062,10.602917848050609,3.071006240445681,-0.23195047064726385,358.3,0.005764404931409109,249.1284111842182,0.00962762609907238,"Mendeley belt-drive experimental dataset (DOI: 10.17632/jf8v2ndydr.1). Validated for vibration DSP, operating-condition baselining, and general anomaly detection. DOMAIN LIMITATION: Does NOT contain conveyor belt joint rupture labels."
research,mendeley_belt_drive,10.17632/jf8v2ndydr.1,CC BY 4.0,Data 110-H-U,3,3,400.0,110.0,2.2,healthy,unbalanced_load,UNBALANCED,1000.0,10000,g (acceleration),0.07783403839096124,0.36460747231760293,0.710794076737724,4.6844218783326586,0.43195926621805025,0.025005602543093534,330.20000000000005,0.007583185325788777,251.58393072322147,0.012122226725852805,0.08048344363322453,0.7530174728194401,1.193013495904247,9.356178598061197,1.8329066143806152,-0.1624486192735996,350.0,0.005829173424918442,249.95201594649438,0.012955204273369787,"Mendeley belt-drive experimental dataset (DOI: 10.17632/jf8v2ndydr.1). Validated for vibration DSP, operating-condition baselining, and general anomaly detection. DOMAIN LIMITATION: Does NOT contain conveyor belt joint rupture labels."
research,mendeley_belt_drive,10.17632/jf8v2ndydr.1,CC BY 4.0,Data 110-H-U,4,1,500.0,110.0,2.2,healthy,unbalanced_load,UNBALANCED,1000.0,10000,g (acceleration),0.08866427926736364,0.7947700274,1.225,8.963813093245841,2.8167716010558745,0.42876428855769394,335.90000000000003,0.010874627499813532,256.0405780126939,0.015723214782377433,0.09031541237833401,0.7622335165,1.257812,8.439683730911625,2.9445652590672955,-0.1854142988202641,90.80000000000001,0.010025218451260158,245.1730293568787,0.016313749087886777,"Mendeley belt-drive experimental dataset (DOI: 10.17632/jf8v2ndydr.1). Validated for vibration DSP, operating-condition baselining, and general anomaly detection. DOMAIN LIMITATION: Does NOT contain conveyor belt joint rupture labels."
research,mendeley_belt_drive,10.17632/jf8v2ndydr.1,CC BY 4.0,Data 110-H-U,5,2,500.0,110.0,2.2,healthy,unbalanced_load,UNBALANCED,1000.0,10000,g (acceleration),0.0970398180790849,0.8147978114957376,1.272918972111728,8.396530698683902,1.8477139578928332,0.317688614441881,335.90000000000003,0.010885599554400861,255.62491997104325,0.01883675887878641,0.09855227458459974,0.7728975447705672,1.269445426749372,7.842513508981394,2.0940999904530067,-0.12451163615499744,90.80000000000001,0.010421694229260607,245.13144214748772,0.019425171877519784,"Mendeley belt-drive experimental dataset (DOI: 10.17632/jf8v2ndydr.1). Validated for vibration DSP, operating-condition baselining, and general anomaly detection. DOMAIN LIMITATION: Does NOT contain conveyor belt joint rupture labels."
research,mendeley_belt_drive,10.17632/jf8v2ndydr.1,CC BY 4.0,Data 110-H-U,6,3,500.0,110.0,2.2,healthy,unbalanced_load,UNBALANCED,1000.0,10000,g (acceleration),0.0968676084162772,0.7693848072552479,1.217777749696081,7.942642745435676,1.7466977355075217,0.29538118088630144,335.90000000000003,0.010807314298689382,256.0989069698942,0.018766716361708458,0.0989120510885448,0.7002021998861231,1.204355543764407,7.0790383191964255,1.8571707969878757,-0.12499966979034409,90.30000000000001,0.010250771815362545,245.7403822389381,0.01956718908779315,"Mendeley belt-drive experimental dataset (DOI: 10.17632/jf8v2ndydr.1). Validated for vibration DSP, operating-condition baselining, and general anomaly detection. DOMAIN LIMITATION: Does NOT contain conveyor belt joint rupture labels."
research,mendeley_belt_drive,10.17632/jf8v2ndydr.1,CC BY 4.0,Data 110-H-U,7,1,600.0,110.0,2.2,healthy,unbalanced_load,UNBALANCED,1000.0,10000,g (acceleration),0.14238207342258588,0.5663068716999999,1.112188,3.977374806301756,0.24480299786673765,0.059930063932452746,346.20000000000005,0.024592330332580785,266.2070429664883,0.040588632650096566,0.10646916439519892,0.9446035641,1.717968,8.872085823776745,3.619100415478739,-0.1022316754841859,346.20000000000005,0.02013793922713074,247.38599400709668,0.02267494575251988,"Mendeley belt-drive experimental dataset (DOI: 10.17632/jf8v2ndydr.1). Validated for vibration DSP, operating-condition baselining, and general anomaly detection. DOMAIN LIMITATION: Does NOT contain conveyor belt joint rupture labels."
research,mendeley_belt_drive,10.17632/jf8v2ndydr.1,CC BY 4.0,Data 110-H-U,8,2,600.0,110.0,2.2,healthy,unbalanced_load,UNBALANCED,1000.0,10000,g (acceleration),0.13676405199958896,0.5737581016,1.08375,4.195240585601575,0.19387166880526596,-0.0046873236757565325,302.7,0.019891381307497357,264.098803557306,0.03740937145340578,0.10533031676586332,0.9842172722,1.600157,9.34410246185623,4.304006647299079,-0.28779738715281894,346.20000000000005,0.017427825578632726,249.5039772742465,0.022189884019447017,"Mendeley belt-drive experimental dataset (DOI: 10.17632/jf8v2ndydr.1). Validated for vibration DSP, operating-condition baselining, and general anomaly detection. DOMAIN LIMITATION: Does NOT contain conveyor belt joint rupture labels."
research,mendeley_belt_drive,10.17632/jf8v2ndydr.1,CC BY 4.0,Data 110-H-U,9,3,600.0,110.0,2.2,healthy,unbalanced_load,UNBALANCED,1000.0,10000,g (acceleration),0.14820223528741563,0.5959135578297056,1.178542266843987,4.020948514535035,0.21047956005149882,0.058709293404224525,346.20000000000005,0.024495561566967958,264.45503343742257,0.043986926460398236,0.11376050250662373,0.9090828781343333,1.6604680195595751,7.9911995649052425,2.5895251589665955,-0.055955592396451696,346.20000000000005,0.020317758645815136,248.44228892074773,0.02588738249371564,"Mendeley belt-drive experimental dataset (DOI: 10.17632/jf8v2ndydr.1). Validated for vibration DSP, operating-condition baselining, and general anomaly detection. DOMAIN LIMITATION: Does NOT contain conveyor belt joint rupture labels."
research,mendeley_belt_drive,10.17632/jf8v2ndydr.1,CC BY 4.0,Data 110-H-U,10,1,700.0,110.0,2.2,healthy,unbalanced_load,UNBALANCED,1000.0,10000,g (acceleration),0.15629640928960523,0.6992173156,1.335,4.473662055181345,0.32752170656751867,-0.02344636778871903,296.90000000000003,0.02963791146068377,253.93671544749333,0.04886899059118589,0.12887020335494773,1.7668707631,3.059063,13.71046771947353,8.725464719125332,0.016893750814090572,235.8,0.022668635852349413,251.02594859701708,0.03321529553518601,"Mendeley belt-drive experimental dataset (DOI: 10.17632/jf8v2ndydr.1). Validated for vibration DSP, operating-condition baselining, and general anomaly detection. DOMAIN LIMITATION: Does NOT contain conveyor belt joint rupture labels."
research,mendeley_belt_drive,10.17632/jf8v2ndydr.1,CC BY 4.0,Data 110-H-U,11,2,700.0,110.0,2.2,healthy,unbalanced_load,UNBALANCED,1000.0,10000,g (acceleration),0.1517881253642796,0.6026868078,1.204063,3.9705794267739907,0.23350051917236447,0.016532309475443888,285.6,0.025839438584750973,250.91265621319445,0.04610031786674797,0.12341311083006501,1.2742461421,2.131875,10.325046776064067,4.396626280880469,-0.3095343510564371,235.8,0.020020909893141228,252.96866604733736,0.030467314124318225,"Mendeley belt-drive experimental dataset (DOI: 10.17632/jf8v2ndydr.1). Validated for vibration DSP, operating-condition baselining, and general anomaly detection. DOMAIN LIMITATION: Does NOT contain conveyor belt joint rupture labels."
research,mendeley_belt_drive,10.17632/jf8v2ndydr.1,CC BY 4.0,Data 110-H-U,12,3,700.0,110.0,2.2,healthy,unbalanced_load,UNBALANCED,1000.0,10000,g (acceleration),0.15719481211907646,0.6239296698151374,1.244894939743301,3.9691492448396146,0.1854350488376788,-6.049461452093905e-05,285.6,0.02633037000181994,250.69703476829147,0.049452848860723764,0.12960005054584864,1.2092604579180402,2.0980707339663027,9.330709770751515,3.425619011314774,-0.23603276839167595,235.8,0.0200367167382501,253.31604602994832,0.03359704595218088,"Mendeley belt-drive experimental dataset (DOI: 10.17632/jf8v2ndydr.1). Validated for vibration DSP, operating-condition baselining, and general anomaly detection. DOMAIN LIMITATION: Does NOT contain conveyor belt joint rupture labels."
research,mendeley_belt_drive,10.17632/jf8v2ndydr.1,CC BY 4.0,Data 110-H-U,13,1,800.0,110.0,2.2,healthy,unbalanced_load,UNBALANCED,1000.0,10000,g (acceleration),0.20982700848738606,0.9313321527,1.77,4.438571370834693,0.30672865345320277,-0.012251123428881806,303.5,0.02574063695412343,257.3591962472942,0.08807882319793087,0.1523970957494775,1.2554037163,2.338593,8.237714177727723,4.0122098389384,-0.3341447592847877,268.2,0.024197740821612832,249.3604719547446,0.04646388076729144,"Mendeley belt-drive experimental dataset (DOI: 10.17632/jf8v2ndydr.1). Validated for vibration DSP, operating-condition baselining, and general anomaly detection. DOMAIN LIMITATION: Does NOT contain conveyor belt joint rupture labels."
research,mendeley_belt_drive,10.17632/jf8v2ndydr.1,CC BY 4.0,Data 110-H-U,14,2,800.0,110.0,2.2,healthy,unbalanced_load,UNBALANCED,1000.0,10000,g (acceleration),0.2089634214738092,1.0058616964,1.930313,4.813577846810244,0.3486662054831178,0.020548416014202264,133.3,0.02377147207420569,255.27762977528502,0.0873339478157116,0.14843131775353027,1.1915282788000001,2.185781,8.027472212963366,3.8352089961019376,-0.31773453530140655,268.2,0.02173254376935129,247.66119056220293,0.044066911839775735,"Mendeley belt-drive experimental dataset (DOI: 10.17632/jf8v2ndydr.1). Validated for vibration DSP, operating-condition baselining, and general anomaly detection. DOMAIN LIMITATION: Does NOT contain conveyor belt joint rupture labels."
research,mendeley_belt_drive,10.17632/jf8v2ndydr.1,CC BY 4.0,Data 110-H-U,15,3,800.0,110.0,2.2,healthy,unbalanced_load,UNBALANCED,1000.0,10000,g (acceleration),0.21326551391418289,1.0451118719868333,2.023605693235096,4.900519792465751,0.3371587500310067,0.016450474661915807,133.3,0.02316148349275413,253.87908648500044,0.09096459111207467,0.15422209451634306,1.1790630302802603,2.1916977355884297,7.645227708636222,3.3450705695472127,-0.26366526868948065,268.2,0.022794626887584178,246.90881193409524,0.04757135660335164,"Mendeley belt-drive experimental dataset (DOI: 10.17632/jf8v2ndydr.1). Validated for vibration DSP, operating-condition baselining, and general anomaly detection. DOMAIN LIMITATION: Does NOT contain conveyor belt joint rupture labels."
research,mendeley_belt_drive,10.17632/jf8v2ndydr.1,CC BY 4.0,Data 110-H-U,16,1,900.0,110.0,2.2,healthy,unbalanced_load,UNBALANCED,1000.0,10000,g (acceleration),0.17483617256484593,0.7780499773,1.4740630000000001,4.450165923252666,0.45437504239327353,-0.017354868502517006,150.20000000000002,0.03632029492017123,260.61281375818083,0.06113550398146272,0.1818080461038163,1.6634890501,2.848125,9.14969983864252,4.768799798103782,-0.2939011751902564,150.20000000000002,0.027244326073276943,251.05661105796082,0.06610856984094879,"Mendeley belt-drive experimental dataset (DOI: 10.17632/jf8v2ndydr.1). Validated for vibration DSP, operating-condition baselining, and general anomaly detection. DOMAIN LIMITATION: Does NOT contain conveyor belt joint rupture labels."
research,mendeley_belt_drive,10.17632/jf8v2ndydr.1,CC BY 4.0,Data 110-H-U,17,2,900.0,110.0,2.2,healthy,unbalanced_load,UNBALANCED,1000.0,10000,g (acceleration),0.17943307632093666,0.7293417746636224,1.433102487185052,4.064700832298672,0.3941405654670138,-0.006086887557748247,150.20000000000002,0.037223081539012506,259.3939351167087,0.06439460953267401,0.18586555745751634,1.6674729496522702,2.83070865336534,8.97139293832537,4.273861136170694,-0.28533239255781917,18.6,0.02683142191193005,251.22864201329557,0.06909251882300026,"Mendeley belt-drive experimental dataset (DOI: 10.17632/jf8v2ndydr.1). Validated for vibration DSP, operating-condition baselining, and general anomaly detection. DOMAIN LIMITATION: Does NOT contain conveyor belt joint rupture labels."
research,mendeley_belt_drive,10.17632/jf8v2ndydr.1,CC BY 4.0,Data 110-H-U,18,3,900.0,110.0,2.2,healthy,unbalanced_load,UNBALANCED,1000.0,10000,g (acceleration),0.17973936268015153,0.7958574288411551,1.514271881238203,4.427841608949028,0.41454669293965996,-0.009666166248231344,150.20000000000002,0.03636764747396994,260.4090546037963,0.06461280570222148,0.1867003908943391,1.6590816740001912,2.84088477772368,8.886332085609446,4.4263936356470985,-0.2783143279818444,150.20000000000002,0.02752190276732323,250.88767808941924,0.06971424038802115,"Mendeley belt-drive experimental dataset (DOI: 10.17632/jf8v2ndydr.1). Validated for vibration DSP, operating-condition baselining, and general anomaly detection. DOMAIN LIMITATION: Does NOT contain conveyor belt joint rupture labels."
research,mendeley_belt_drive,10.17632/jf8v2ndydr.1,CC BY 4.0,Data 110-H-U,19,1,1000.0,110.0,2.2,healthy,unbalanced_load,UNBALANCED,1000.0,10000,g (acceleration),0.18459292932432692,0.892644462,1.5506250000000001,4.8357456879165595,0.4064950300414245,0.10451150161358819,166.8,0.05420167080676588,257.1932197658918,0.06815051861571204,0.2143138170394763,1.9378911268,3.359844,9.042306061130176,3.359830316863828,-0.22126237350920294,166.8,0.043571009866904147,250.25093247090007,0.09186813227558502,"Mendeley belt-drive experimental dataset (DOI: 10.17632/jf8v2ndydr.1). Validated for vibration DSP, operating-condition baselining, and general anomaly detection. DOMAIN LIMITATION: Does NOT contain conveyor belt joint rupture labels."
research,mendeley_belt_drive,10.17632/jf8v2ndydr.1,CC BY 4.0,Data 110-H-U,20,2,1000.0,110.0,2.2,healthy,unbalanced_load,UNBALANCED,1000.0,10000,g (acceleration),0.18871360248629027,0.8644379171648565,1.520799124420984,4.580686849150985,0.32700551986320914,0.0926531517765953,166.8,0.05482932933252074,256.59584011676554,0.07122565465114429,0.21744449805651545,2.0052131094918804,3.42554171286499,9.221723830283857,3.187105910633978,-0.21404328512253903,166.8,0.04383579575336336,249.53503905170652,0.09457036531119847,"Mendeley belt-drive experimental dataset (DOI: 10.17632/jf8v2ndydr.1). Validated for vibration DSP, operating-condition baselining, and general anomaly detection. DOMAIN LIMITATION: Does NOT contain conveyor belt joint rupture labels."
research,mendeley_belt_drive,10.17632/jf8v2ndydr.1,CC BY 4.0,Data 110-H-U,21,3,1000.0,110.0,2.2,healthy,unbalanced_load,UNBALANCED,1000.0,10000,g (acceleration),0.18926842478943767,0.902310631866492,1.593935003132719,4.767359547004833,0.367190058150451,0.10165342263690907,166.8,0.054636113840214884,257.2327836163571,0.07164958730281216,0.21810995259330726,1.965357011404961,3.36143522664775,9.010854333041877,3.080565738297879,-0.2141329195684211,166.8,0.04367756927202276,250.00087941396396,0.09515163858677923,"Mendeley belt-drive experimental dataset (DOI: 10.17632/jf8v2ndydr.1). Validated for vibration DSP, operating-condition baselining, and general anomaly detection. DOMAIN LIMITATION: Does NOT contain conveyor belt joint rupture labels."
research,mendeley_belt_drive,10.17632/jf8v2ndydr.1,CC BY 4.0,Data 110-H-U,22,1,1100.0,110.0,2.2,healthy,unbalanced_load,UNBALANCED,1000.0,10000,g (acceleration),0.2337221815557721,1.62945443,2.784688,6.971757747397076,1.0486690286230962,0.2406035817807081,99.60000000000001,0.03062305620693967,262.1554483823416,0.10925217953929606,0.27915039675302306,2.2286718636,3.864219,7.983767494236472,1.7725041772602035,-0.08987443916984193,350.6,0.022462989687945894,250.91159428410057,0.15585259585250405,"Mendeley belt-drive experimental dataset (DOI: 10.17632/jf8v2ndydr.1). Validated for vibration DSP, operating-condition baselining, and general anomaly detection. DOMAIN LIMITATION: Does NOT contain conveyor belt joint rupture labels."
research,mendeley_belt_drive,10.17632/jf8v2ndydr.1,CC BY 4.0,Data 110-H-U,23,2,1100.0,110.0,2.2,healthy,unbalanced_load,UNBALANCED,1000.0,10000,g (acceleration),0.23701906799305061,1.5652989825165367,2.7642836578464802,6.604105719302006,0.970124548157826,0.22092315717640348,99.60000000000001,0.030345534323457643,261.8405392485943,0.11235680915539806,0.28152295583196285,2.1751307813578595,3.7929014350977797,7.726299885314379,1.7021103007422793,-0.0947827760969472,350.6,0.02269914680185392,251.03489138889842,0.1585138454281832,"Mendeley belt-drive experimental dataset (DOI: 10.17632/jf8v2ndydr.1). Validated for vibration DSP, operating-condition baselining, and general anomaly detection. DOMAIN LIMITATION: Does NOT contain conveyor belt joint rupture labels."
research,mendeley_belt_drive,10.17632/jf8v2ndydr.1,CC BY 4.0,Data 110-H-U,24,3,1100.0,110.0,2.2,healthy,unbalanced_load,UNBALANCED,1000.0,10000,g (acceleration),0.23639593642862758,1.604908599659574,2.75156950238243,6.789070167219759,0.9834154883377209,0.22958414802583663,99.60000000000001,0.0310226801387747,262.07203758942353,0.11176748096772292,0.28178272181742275,2.169860431654489,3.78915893260137,7.70047367581473,1.6750086629924068,-0.09150956495920205,350.6,0.02231334085967569,250.96456968739346,0.15880546183582392,"Mendeley belt-drive experimental dataset (DOI: 10.17632/jf8v2ndydr.1). Validated for vibration DSP, operating-condition baselining, and general anomaly detection. DOMAIN LIMITATION: Does NOT contain conveyor belt joint rupture labels."
research,mendeley_belt_drive,10.17632/jf8v2ndydr.1,CC BY 4.0,Data 110-H-U,25,1,1200.0,110.0,2.2,healthy,unbalanced_load,UNBALANCED,1000.0,10000,g (acceleration),0.2323947710808443,1.1885313768,2.075313,5.114277620241894,0.30510808664794453,-0.040724632222007354,199.8,0.042127102464967724,259.080580669135,0.10806291612266516,0.3213805694867582,1.8192162353999999,3.615781,5.660629198290586,0.8352522393371276,-0.1035314606709973,199.8,0.033317330849891885,249.62069023671347,0.20657282164989701,"Mendeley belt-drive experimental dataset (DOI: 10.17632/jf8v2ndydr.1). Validated for vibration DSP, operating-condition baselining, and general anomaly detection. DOMAIN LIMITATION: Does NOT contain conveyor belt joint rupture labels."
research,mendeley_belt_drive,10.17632/jf8v2ndydr.1,CC BY 4.0,Data 110-H-U,26,2,1200.0,110.0,2.2,healthy,unbalanced_load,UNBALANCED,1000.0,10000,g (acceleration),0.2503576591822028,1.2575465614999999,2.461562,5.023000157485876,0.5378070418229077,0.06400308199971468,346.6,0.03532435483681044,258.7746132352738,0.12535816521094756,0.3240856340615886,1.8756666808,3.721094,5.787565025000621,0.8138799214622905,-0.1132552701653913,199.8,0.04148533830099902,248.73706648846286,0.21009110118784022,"Mendeley belt-drive experimental dataset (DOI: 10.17632/jf8v2ndydr.1). Validated for vibration DSP, operating-condition baselining, and general anomaly detection. DOMAIN LIMITATION: Does NOT contain conveyor belt joint rupture labels."
research,mendeley_belt_drive,10.17632/jf8v2ndydr.1,CC BY 4.0,Data 110-H-U,27,3,1200.0,110.0,2.2,healthy,unbalanced_load,UNBALANCED,1000.0,10000,g (acceleration),0.2541249687920073,1.2519129547906465,2.46179724053535,4.926367372484735,0.5124611721952048,0.07524472293896305,346.6,0.03536491355856073,259.1062068954123,0.1291615826541796,0.32698640074445595,1.8976532521481198,3.7613976915468097,5.803462308608853,0.8041074598715507,-0.10891478287641412,199.8,0.04128648030962507,248.97186802157404,0.2138659900643546,"Mendeley belt-drive experimental dataset (DOI: 10.17632/jf8v2ndydr.1). Validated for vibration DSP, operating-condition baselining, and general anomaly detection. DOMAIN LIMITATION: Does NOT contain conveyor belt joint rupture labels."
research,mendeley_belt_drive,10.17632/jf8v2ndydr.1,CC BY 4.0,Data 110-H-U,28,1,1300.0,110.0,2.2,healthy,unbalanced_load,UNBALANCED,1000.0,10000,g (acceleration),0.23596178355074068,1.1374581464749136,2.1143450921255385,4.820518515153185,0.35618151686007815,0.030637276016919703,217.20000000000002,0.040107862132611784,263.1164609633343,0.11135612980306171,0.391562472814289,2.8207437091286103,4.68704029983344,7.203815240145441,0.8311649016325457,-0.14531846419644237,217.20000000000002,0.036648031343927745,249.56615084800015,0.30664296090817955,"Mendeley belt-drive experimental dataset (DOI: 10.17632/jf8v2ndydr.1). Validated for vibration DSP, operating-condition baselining, and general anomaly detection. DOMAIN LIMITATION: Does NOT contain conveyor belt joint rupture labels."
research,mendeley_belt_drive,10.17632/jf8v2ndydr.1,CC BY 4.0,Data 110-H-U,29,2,1300.0,110.0,2.2,healthy,unbalanced_load,UNBALANCED,1000.0,10000,g (acceleration),0.23237895642456818,1.1005111022,2.0793749999999998,4.7358466495103375,0.3984087276406907,0.0413073387802658,217.20000000000002,0.040213118241391954,263.3905458407557,0.10800238555251729,0.3892344526058061,2.7978752964,4.63625,7.188149141652485,0.836508366181933,-0.14446640820145662,217.20000000000002,0.03617478789403107,249.76951555085634,0.30300794246961227,"Mendeley belt-drive experimental dataset (DOI: 10.17632/jf8v2ndydr.1). Validated for vibration DSP, operating-condition baselining, and general anomaly detection. DOMAIN LIMITATION: Does NOT contain conveyor belt joint rupture labels."
research,mendeley_belt_drive,10.17632/jf8v2ndydr.1,CC BY 4.0,Data 110-H-U,30,3,1300.0,110.0,2.2,healthy,unbalanced_load,UNBALANCED,1000.0,10000,g (acceleration),0.2365654518173823,1.0887313593110461,2.062030063838856,4.602241582390893,0.3550585513611262,0.047491772681039816,217.20000000000002,0.04080653611833026,262.91059439943876,0.11193263113452709,0.3916394830420875,2.766407523072901,4.61452851264204,7.0636583972193865,0.7685237528633535,-0.14553002735032186,217.20000000000002,0.03568901706553432,249.74742908428996,0.30676415760699977,"Mendeley belt-drive experimental dataset (DOI: 10.17632/jf8v2ndydr.1). Validated for vibration DSP, operating-condition baselining, and general anomaly detection. DOMAIN LIMITATION: Does NOT contain conveyor belt joint rupture labels."
research,mendeley_belt_drive,10.17632/jf8v2ndydr.1,CC BY 4.0,Data 110-H-U,31,1,1400.0,110.0,2.2,healthy,unbalanced_load,UNBALANCED,1000.0,10000,g (acceleration),0.28211575796465593,1.3325193707999998,2.482812,4.72330712900816,0.33424284379740454,0.0723130999274586,232.9,0.11355276365987747,260.7065405641482,0.15918588794385696,0.4826977287919979,2.9268997804000003,5.203282,6.063628655815051,0.6639545968468807,-0.1311878627288976,232.9,0.1288642707444977,251.1640534455009,0.4659977911554788,"Mendeley belt-drive experimental dataset (DOI: 10.17632/jf8v2ndydr.1). Validated for vibration DSP, operating-condition baselining, and general anomaly detection. DOMAIN LIMITATION: Does NOT contain conveyor belt joint rupture labels."
research,mendeley_belt_drive,10.17632/jf8v2ndydr.1,CC BY 4.0,Data 110-H-U,32,2,1400.0,110.0,2.2,healthy,unbalanced_load,UNBALANCED,1000.0,10000,g (acceleration),0.2874424058803418,1.3938748761000002,2.632501,4.849231872489442,0.2995178716279514,0.037939815816560606,232.9,0.1189946080123118,258.97994865835375,0.16524634687969317,0.4917007002146683,2.9513138136,5.136874,6.002256682391353,0.47299548433285254,-0.09017453036613517,232.9,0.11997852114768191,249.9625565701461,0.48356304679704587,"Mendeley belt-drive experimental dataset (DOI: 10.17632/jf8v2ndydr.1). Validated for vibration DSP, operating-condition baselining, and general anomaly detection. DOMAIN LIMITATION: Does NOT contain conveyor belt joint rupture labels."
research,mendeley_belt_drive,10.17632/jf8v2ndydr.1,CC BY 4.0,Data 110-H-U,33,3,1400.0,110.0,2.2,healthy,unbalanced_load,UNBALANCED,1000.0,10000,g (acceleration),0.28529678619705967,1.3104032777395367,2.50383798604898,4.593123165553002,0.3263513811552472,0.08043101343899832,232.9,0.11339097909625273,260.70739180630557,0.16280300043385312,0.4845077425497007,3.00250269031836,5.2641387501932,6.1970169444926135,0.6813811970305421,-0.1361311018790128,232.9,0.1283238409117406,250.98890344087286,0.4694983013631657,"Mendeley belt-drive experimental dataset (DOI: 10.17632/jf8v2ndydr.1). Validated for vibration DSP, operating-condition baselining, and general anomaly detection. DOMAIN LIMITATION: Does NOT contain conveyor belt joint rupture labels."
research,mendeley_belt_drive,10.17632/jf8v2ndydr.1,CC BY 4.0,Data 110-H-U,34,1,1500.0,110.0,2.2,healthy,unbalanced_load,UNBALANCED,1000.0,10000,g (acceleration),0.3078899989477714,1.4858939406,2.928438,4.826054583384042,0.5606298320849259,0.05475946684025583,250.20000000000002,0.1089573700392868,263.67478602111186,0.18992198353548234,0.5500963088054743,2.4517278726,4.7368749999999995,4.45690660590668,0.2820782635212442,-0.04806305704782124,250.20000000000002,0.13312051622790472,245.46829697779052,0.6052186677406781,"Mendeley belt-drive experimental dataset (DOI: 10.17632/jf8v2ndydr.1). Validated for vibration DSP, operating-condition baselining, and general anomaly detection. DOMAIN LIMITATION: Does NOT contain conveyor belt joint rupture labels."
research,mendeley_belt_drive,10.17632/jf8v2ndydr.1,CC BY 4.0,Data 110-H-U,35,2,1500.0,110.0,2.2,healthy,unbalanced_load,UNBALANCED,1000.0,10000,g (acceleration),0.28911177959020845,1.4459583421000002,2.8600000000000003,5.001381625299128,0.3672615721769481,0.060112789430673136,250.20000000000002,0.1060618556078941,261.3066377811015,0.1672216523754389,0.5436631548887044,2.5764435763,4.9815629999999995,4.739043933973114,0.2966891383205774,-0.09395248545122968,250.20000000000002,0.13206423821882857,247.6482091210128,0.5911476250723344,"Mendeley belt-drive experimental dataset (DOI: 10.17632/jf8v2ndydr.1). Validated for vibration DSP, operating-condition baselining, and general anomaly detection. DOMAIN LIMITATION: Does NOT contain conveyor belt joint rupture labels."
research,mendeley_belt_drive,10.17632/jf8v2ndydr.1,CC BY 4.0,Data 110-H-U,36,3,1500.0,110.0,2.2,healthy,unbalanced_load,UNBALANCED,1000.0,10000,g (acceleration),0.29113958539658813,1.5267581463813333,2.91875406242524,5.2440761166215,0.3743013483387845,0.052025532372880816,250.20000000000002,0.10507456217360864,260.861592844717,0.1695918717949984,0.5452049065635898,2.5882172633942,4.94297227028791,4.747237657319807,0.2999228199686721,-0.09270294294965531,250.20000000000002,0.1313296041398862,247.54087990009577,0.5945065013892659,"Mendeley belt-drive experimental dataset (DOI: 10.17632/jf8v2ndydr.1). Validated for vibration DSP, operating-condition baselining, and general anomaly detection. DOMAIN LIMITATION: Does NOT contain conveyor belt joint rupture labels."
research,mendeley_belt_drive,10.17632/jf8v2ndydr.1,CC BY 4.0,Data 110-H-U,37,1,1600.0,110.0,2.2,healthy,unbalanced_load,UNBALANCED,1000.0,10000,g (acceleration),0.30462569738608736,1.2820127411,2.34875,4.208485206929726,0.17268189361984687,0.037021794671534936,375.3,0.07176458575141671,257.772527260113,0.18564719757974196,0.5895645745446647,3.658170986,6.3153120000000005,6.204869057516381,0.29930731022882107,-0.09347519332931872,108.80000000000001,0.1063403576862041,249.27469103967334,0.695523055221932,"Mendeley belt-drive experimental dataset (DOI: 10.17632/jf8v2ndydr.1). Validated for vibration DSP, operating-condition baselining, and general anomaly detection. DOMAIN LIMITATION: Does NOT contain conveyor belt joint rupture labels."
research,mendeley_belt_drive,10.17632/jf8v2ndydr.1,CC BY 4.0,Data 110-H-U,38,2,1600.0,110.0,2.2,healthy,unbalanced_load,UNBALANCED,1000.0,10000,g (acceleration),0.3191807810729846,1.4764451207,2.868749,4.625733152656183,0.21649865212611674,0.11014913664675048,375.3,0.06402287142046546,260.68423768328284,0.20375478423362528,0.6012935315004145,2.714195325,5.364375,4.513927362942418,0.2618013390289686,-0.05161213205279094,108.80000000000001,0.13685523719211545,247.95637772477778,0.7232469776208179,"Mendeley belt-drive experimental dataset (DOI: 10.17632/jf8v2ndydr.1). Validated for vibration DSP, operating-condition baselining, and general anomaly detection. DOMAIN LIMITATION: Does NOT contain conveyor belt joint rupture labels."
research,mendeley_belt_drive,10.17632/jf8v2ndydr.1,CC BY 4.0,Data 110-H-U,39,3,1600.0,110.0,2.2,healthy,unbalanced_load,UNBALANCED,1000.0,10000,g (acceleration),0.3074200915340296,1.3241930838475564,2.45903990839492,4.307438324020459,0.1959662125816175,0.04579019463134477,375.3,0.07159591764148641,257.6173544777264,0.18905281300666232,0.5909678046042333,3.6319716864313403,6.291028679428861,6.1458029661423685,0.3021099526670139,-0.09903004594997324,108.80000000000001,0.10574473059510214,249.26190608895396,0.6988278290020995,"Mendeley belt-drive experimental dataset (DOI: 10.17632/jf8v2ndydr.1). Validated for vibration DSP, operating-condition baselining, and general anomaly detection. DOMAIN LIMITATION: Does NOT contain conveyor belt joint rupture labels."
research,mendeley_belt_drive,10.17632/jf8v2ndydr.1,CC BY 4.0,Data 110-H-U,40,1,1700.0,110.0,2.2,healthy,unbalanced_load,UNBALANCED,1000.0,10000,g (acceleration),0.3210385056880209,1.240624876,2.4621880000000003,3.8644114460388614,0.22912208115560206,0.10776615673538789,283.1,0.06761702061355665,260.6977843175578,0.2061334081937548,0.6482817887217823,2.5218611729,4.980782,3.8900694370458186,0.11736286744932878,-0.032222075014207825,283.1,0.08006697957347912,251.93601474317458,0.8406068456484455,"Mendeley belt-drive experimental dataset (DOI: 10.17632/jf8v2ndydr.1). Validated for vibration DSP, operating-condition baselining, and general anomaly detection. DOMAIN LIMITATION: Does NOT contain conveyor belt joint rupture labels."
research,mendeley_belt_drive,10.17632/jf8v2ndydr.1,CC BY 4.0,Data 110-H-U,41,2,1700.0,110.0,2.2,healthy,unbalanced_load,UNBALANCED,1000.0,10000,g (acceleration),0.31217774424235833,1.3535044736,2.703125,4.335685354139821,0.2597502768790756,0.03383656436260082,274.2,0.07330777687893714,261.51562162998056,0.19492508290026853,0.6495544564575456,3.0482316722,5.727812999999999,4.6928038779443435,0.15221907762711284,-0.05281656481483452,114.4,0.06914600544418346,250.48625469205012,0.8442822210527763,"Mendeley belt-drive experimental dataset (DOI: 10.17632/jf8v2ndydr.1). Validated for vibration DSP, operating-condition baselining, and general anomaly detection. DOMAIN LIMITATION: Does NOT contain conveyor belt joint rupture labels."
research,mendeley_belt_drive,10.17632/jf8v2ndydr.1,CC BY 4.0,Data 110-H-U,42,3,1700.0,110.0,2.2,healthy,unbalanced_load,UNBALANCED,1000.0,10000,g (acceleration),0.31456082593955403,1.3601835773188033,2.6755418284195702,4.324071737973425,0.248523884432434,0.02132291631781958,274.2,0.07394610792023268,261.7144810327331,0.19790481634225415,0.6510464846760591,3.0628470827921097,5.7413647208995,4.704498303705747,0.1581155925223947,-0.048030292347960864,114.4,0.0689613949033033,250.37690297356755,0.8481539281322323,"Mendeley belt-drive experimental dataset (DOI: 10.17632/jf8v2ndydr.1). Validated for vibration DSP, operating-condition baselining, and general anomaly detection. DOMAIN LIMITATION: Does NOT contain conveyor belt joint rupture labels."
research,mendeley_belt_drive,10.17632/jf8v2ndydr.1,CC BY 4.0,Data 110-H-U,43,1,1800.0,110.0,2.2,healthy,unbalanced_load,UNBALANCED,1000.0,10000,g (acceleration),0.3105478148733843,1.322489406,2.584688,4.258569349583741,0.250468569694942,0.06855606142320585,170.20000000000002,0.09062956894580883,259.7359652400936,0.19290039506982543,0.6822744573531847,3.2770582322,6.145625,4.803137794302044,0.20066367139356078,-0.02553384248336361,170.20000000000002,0.12995486454981936,249.13586792408657,0.9309969994555265,"Mendeley belt-drive experimental dataset (DOI: 10.17632/jf8v2ndydr.1). Validated for vibration DSP, operating-condition baselining, and general anomaly detection. DOMAIN LIMITATION: Does NOT contain conveyor belt joint rupture labels."
research,mendeley_belt_drive,10.17632/jf8v2ndydr.1,CC BY 4.0,Data 110-H-U,44,2,1800.0,110.0,2.2,healthy,unbalanced_load,UNBALANCED,1000.0,10000,g (acceleration),0.37099749740971844,1.9262477774000002,3.353124,5.192077549980641,0.895272482463056,0.26514575618122777,170.20000000000002,0.08109850352786666,261.7438231724156,0.2759322560409332,0.7024740505834114,3.1256862643,6.035781,4.449539825284774,0.1608644021784258,-0.09499391490009847,170.20000000000002,0.11866507361465722,248.9324879742846,0.986964688063138,"Mendeley belt-drive experimental dataset (DOI: 10.17632/jf8v2ndydr.1). Validated for vibration DSP, operating-condition baselining, and general anomaly detection. DOMAIN LIMITATION: Does NOT contain conveyor belt joint rupture labels."
research,mendeley_belt_drive,10.17632/jf8v2ndydr.1,CC BY 4.0,Data 110-H-U,45,3,1800.0,110.0,2.2,healthy,unbalanced_load,UNBALANCED,1000.0,10000,g (acceleration),0.3138925410303624,1.3730889754536366,2.68315494833199,4.3743918569916564,0.24808732201169503,0.06445700283680068,170.20000000000002,0.08941846166008538,259.51328857059394,0.19708881014855778,0.6828073544175884,3.26870670793953,6.096202749813941,4.787158027504883,0.20051233334033647,-0.02458860733249781,170.20000000000002,0.12955488060678305,249.07992385488564,0.9324521070836264,"Mendeley belt-drive experimental dataset (DOI: 10.17632/jf8v2ndydr.1). Validated for vibration DSP, operating-condition baselining, and general anomaly detection. DOMAIN LIMITATION: Does NOT contain conveyor belt joint rupture labels."
research,mendeley_belt_drive,10.17632/jf8v2ndydr.1,CC BY 4.0,Data 110-H-U,46,1,1900.0,110.0,2.2,healthy,unbalanced_load,UNBALANCED,1000.0,10000,g (acceleration),0.3626022949156603,2.158242734399547,3.6743789902493607,5.952093422082573,0.9494421760503138,0.21842118683172335,67.60000000000001,0.08126983427202718,257.8261986556772,0.26296097081888353,0.7365989300125054,3.04425928689852,5.97788963869404,4.132858687219159,0.04563763253312114,-0.05755218481265759,67.60000000000001,0.1344013841781608,246.947193332777,1.085304173473428,"Mendeley belt-drive experimental dataset (DOI: 10.17632/jf8v2ndydr.1). Validated for vibration DSP, operating-condition baselining, and general anomaly detection. DOMAIN LIMITATION: Does NOT contain conveyor belt joint rupture labels."
research,mendeley_belt_drive,10.17632/jf8v2ndydr.1,CC BY 4.0,Data 110-H-U,47,2,1900.0,110.0,2.2,healthy,unbalanced_load,UNBALANCED,1000.0,10000,g (acceleration),0.360334347081657,2.1961768428000004,3.69625,6.094830705390166,0.9770846987072193,0.21717084666408912,67.60000000000001,0.08182110649761329,258.03441675214214,0.25968380529960206,0.7349188871980815,3.0104011899,5.979063,4.096235982418848,0.04647015721437686,-0.057873327526195485,67.60000000000001,0.13486826879998332,246.87845372850967,1.0803543381623153,"Mendeley belt-drive experimental dataset (DOI: 10.17632/jf8v2ndydr.1). Validated for vibration DSP, operating-condition baselining, and general anomaly detection. DOMAIN LIMITATION: Does NOT contain conveyor belt joint rupture labels."
research,mendeley_belt_drive,10.17632/jf8v2ndydr.1,CC BY 4.0,Data 110-H-U,48,3,1900.0,110.0,2.2,healthy,unbalanced_load,UNBALANCED,1000.0,10000,g (acceleration),0.36254137814616266,2.166923902230414,3.68730919217976,5.977038850877856,0.9555329491852733,0.21377314376563006,67.60000000000001,0.08210210598014285,257.7733040224241,0.26287821329011224,0.7361755432800727,3.061800758971549,6.026992105030921,4.159063401277253,0.04491459300576217,-0.055570859183567016,67.60000000000001,0.1354670652636796,246.97302998542568,1.0840497995378122,"Mendeley belt-drive experimental dataset (DOI: 10.17632/jf8v2ndydr.1). Validated for vibration DSP, operating-condition baselining, and general anomaly detection. DOMAIN LIMITATION: Does NOT contain conveyor belt joint rupture labels."
research,mendeley_belt_drive,10.17632/jf8v2ndydr.1,CC BY 4.0,Data 110-H-U,49,1,2000.0,110.0,2.2,healthy,unbalanced_load,UNBALANCED,1000.0,10000,g (acceleration),0.3477164501525247,1.7599185018,3.372812,5.061361063096144,0.3602693342435228,0.16235101249334208,333.20000000000005,0.19374950188797127,256.29026660106234,0.24181367262176443,0.7667710724415421,3.0729259897,5.8904689999999995,4.00761857110132,0.10673503888637459,0.002520788062527656,333.20000000000005,0.19032297584576005,248.41419410800796,1.1759765348019662,"Mendeley belt-drive experimental dataset (DOI: 10.17632/jf8v2ndydr.1). Validated for vibration DSP, operating-condition baselining, and general anomaly detection. DOMAIN LIMITATION: Does NOT contain conveyor belt joint rupture labels."
research,mendeley_belt_drive,10.17632/jf8v2ndydr.1,CC BY 4.0,Data 110-H-U,50,2,2000.0,110.0,2.2,healthy,unbalanced_load,UNBALANCED,1000.0,10000,g (acceleration),0.3366009678736182,1.5101897160000002,2.691875,4.486587562537916,0.22571817117322857,0.1854198176377547,333.20000000000005,0.20493065956729906,256.7795044785305,0.2266020121266089,0.7710961431598166,4.8215495162,7.9578120000000006,6.252851293539269,0.2443696254799832,-0.015155196283117796,333.20000000000005,0.19845195601587615,246.74360591354215,1.1891799535538248,"Mendeley belt-drive experimental dataset (DOI: 10.17632/jf8v2ndydr.1). Validated for vibration DSP, operating-condition baselining, and general anomaly detection. DOMAIN LIMITATION: Does NOT contain conveyor belt joint rupture labels."
research,mendeley_belt_drive,10.17632/jf8v2ndydr.1,CC BY 4.0,Data 110-H-U,51,3,2000.0,110.0,2.2,healthy,unbalanced_load,UNBALANCED,1000.0,10000,g (acceleration),0.3503597324956713,1.8087302903496765,3.41542829523988,5.162494780623864,0.384853756725974,0.17006273868023714,333.20000000000005,0.1937320357595698,256.22215957130834,0.24550634534007232,0.768126532044304,3.0983088308998394,5.9629163929722,4.033591734754887,0.11730705331950286,0.003047289684135927,333.20000000000005,0.1907736413674806,248.28140873208255,1.1801420706729553,"Mendeley belt-drive experimental dataset (DOI: 10.17632/jf8v2ndydr.1). Validated for vibration DSP, operating-condition baselining, and general anomaly detection. DOMAIN LIMITATION: Does NOT contain conveyor belt joint rupture labels."
research,mendeley_belt_drive,10.17632/jf8v2ndydr.1,CC BY 4.0,Data 150-H-0,1,1,400.0,150.0,0.0,healthy,normal_balanced,NORMAL,1000.0,10000,g (acceleration),0.02831540937785016,0.2331098039,0.37187400000000004,8.232612878355594,0.956447544859492,-0.08727038999684077,329.20000000000005,0.005582774971709112,259.8230702390069,0.0016036965424824322,0.03434471294519289,0.4310434272,0.738281,12.550503126576041,7.0716332675281315,-0.3610991827238098,408.3,0.005612866466245822,245.86081480497307,0.00235938171396365,"Mendeley belt-drive experimental dataset (DOI: 10.17632/jf8v2ndydr.1). Validated for vibration DSP, operating-condition baselining, and general anomaly detection. DOMAIN LIMITATION: Does NOT contain conveyor belt joint rupture labels."
research,mendeley_belt_drive,10.17632/jf8v2ndydr.1,CC BY 4.0,Data 150-H-0,2,2,400.0,150.0,0.0,healthy,normal_balanced,NORMAL,1000.0,10000,g (acceleration),0.030135142925735672,0.22839077873303837,0.367432014794278,7.578884868602719,0.706092426903306,-0.08963237031011989,329.20000000000005,0.005539123864953785,258.32943586542865,0.0018167313721386292,0.035741189239173486,0.42868285716179405,0.7401114113977509,11.994084872026136,5.951066628651686,-0.33360615119112175,408.3,0.005543202893294029,245.32187181037983,0.0025550739492650985,"Mendeley belt-drive experimental dataset (DOI: 10.17632/jf8v2ndydr.1). Validated for vibration DSP, operating-condition baselining, and general anomaly detection. DOMAIN LIMITATION: Does NOT contain conveyor belt joint rupture labels."
research,mendeley_belt_drive,10.17632/jf8v2ndydr.1,CC BY 4.0,Data 150-H-0,3,3,400.0,150.0,0.0,healthy,normal_balanced,NORMAL,1000.0,10000,g (acceleration),0.029170259014547045,0.24390439590000002,0.427813,8.36140658807199,1.789798590730098,-0.10043381580573059,329.20000000000005,0.006594607726157559,259.44253572469677,0.00170190748111113,0.03539374212141767,0.4863429393,0.87,13.740930180019062,11.76011969406817,-0.31728960938833745,408.3,0.00646556437584732,242.59032011540575,0.0025056698162907952,"Mendeley belt-drive experimental dataset (DOI: 10.17632/jf8v2ndydr.1). Validated for vibration DSP, operating-condition baselining, and general anomaly detection. DOMAIN LIMITATION: Does NOT contain conveyor belt joint rupture labels."
research,mendeley_belt_drive,10.17632/jf8v2ndydr.1,CC BY 4.0,Data 150-H-0,4,1,500.0,150.0,0.0,healthy,normal_balanced,NORMAL,1000.0,10000,g (acceleration),0.059696379983845124,0.6218255150357862,0.9773341978189399,10.416469394024611,3.629457403701478,0.39942257506631623,244.70000000000002,0.012275693324248929,259.7498808931401,0.007127948887988798,0.06278980186936736,0.4861391865558801,0.9346762877032,7.742327130881552,3.1606044915868763,0.0285482856969874,70.2,0.010623659711530694,237.07646291913,0.007885689149334948,"Mendeley belt-drive experimental dataset (DOI: 10.17632/jf8v2ndydr.1). Validated for vibration DSP, operating-condition baselining, and general anomaly detection. DOMAIN LIMITATION: Does NOT contain conveyor belt joint rupture labels."
research,mendeley_belt_drive,10.17632/jf8v2ndydr.1,CC BY 4.0,Data 150-H-0,5,2,500.0,150.0,0.0,healthy,normal_balanced,NORMAL,1000.0,10000,g (acceleration),0.058835482723547015,0.47149389950000004,0.836562,8.01376784338509,4.514853212096881,0.46612176852485737,168.9,0.009784026473398297,262.64528224415864,0.006923683048709844,0.06214074735327759,0.5167812856999999,1.026563,8.31630303321002,4.273196912751864,0.10971578724445376,168.9,0.009348581354413448,238.41865254312887,0.007723454391075603,"Mendeley belt-drive experimental dataset (DOI: 10.17632/jf8v2ndydr.1). Validated for vibration DSP, operating-condition baselining, and general anomaly detection. DOMAIN LIMITATION: Does NOT contain conveyor belt joint rupture labels."
research,mendeley_belt_drive,10.17632/jf8v2ndydr.1,CC BY 4.0,Data 150-H-0,6,3,500.0,150.0,0.0,healthy,normal_balanced,NORMAL,1000.0,10000,g (acceleration),0.05602487881156422,0.6405757671,0.996563,11.433773364410692,4.801242793881161,0.48063022516569254,244.70000000000002,0.012128982940964277,262.39488978527106,0.006277632802859763,0.059349072947367666,0.47875081309999995,0.913594,8.066694041279614,3.7105764705791353,0.051387034035604504,70.2,0.010242389064341483,235.44584583125746,0.0070450388007271235,"Mendeley belt-drive experimental dataset (DOI: 10.17632/jf8v2ndydr.1). Validated for vibration DSP, operating-condition baselining, and general anomaly detection. DOMAIN LIMITATION: Does NOT contain conveyor belt joint rupture labels."
research,mendeley_belt_drive,10.17632/jf8v2ndydr.1,CC BY 4.0,Data 150-H-0,7,1,600.0,150.0,0.0,healthy,normal_balanced,NORMAL,1000.0,10000,g (acceleration),0.07426620899107023,0.5364869758210553,0.912100518405596,7.223836831169914,1.808737891132072,0.3880896692614408,299.40000000000003,0.03346548687171275,258.88400553909634,0.011031295891539786,0.07127418297525936,0.8277875268022201,1.4783975824957931,11.614128598142766,7.239534397030306,-0.1577740397719219,98.30000000000001,0.01303531264030332,246.782246889798,0.010161119189500384,"Mendeley belt-drive experimental dataset (DOI: 10.17632/jf8v2ndydr.1). Validated for vibration DSP, operating-condition baselining, and general anomaly detection. DOMAIN LIMITATION: Does NOT contain conveyor belt joint rupture labels."
research,mendeley_belt_drive,10.17632/jf8v2ndydr.1,CC BY 4.0,Data 150-H-0,8,2,600.0,150.0,0.0,healthy,normal_balanced,NORMAL,1000.0,10000,g (acceleration),0.073948653208577,0.498391328270336,0.8675648751034559,6.739694458864459,1.725303180583559,0.37866593185236624,299.40000000000003,0.03392827319062121,258.9686403226524,0.010939421368634492,0.07140766372611075,0.8211548902074305,1.4881102990539201,11.499534466734962,7.24172814545283,-0.15029690719192548,299.40000000000003,0.01312969647165518,246.4017344271822,0.010198915468987319,"Mendeley belt-drive experimental dataset (DOI: 10.17632/jf8v2ndydr.1). Validated for vibration DSP, operating-condition baselining, and general anomaly detection. DOMAIN LIMITATION: Does NOT contain conveyor belt joint rupture labels."
research,mendeley_belt_drive,10.17632/jf8v2ndydr.1,CC BY 4.0,Data 150-H-0,9,3,600.0,150.0,0.0,healthy,normal_balanced,NORMAL,1000.0,10000,g (acceleration),0.07132826338221034,0.5281790801999999,0.9000009999999999,7.4049059258567445,2.064334278997718,0.43510291179763816,299.40000000000003,0.03375026906394539,260.0943707813227,0.010176765772014889,0.0688300783303938,0.8467935213,1.5178120000000002,12.302666825908219,8.595471035229554,-0.19250156378363734,98.30000000000001,0.012973375973154901,245.8648687484247,0.009476037533307152,"Mendeley belt-drive experimental dataset (DOI: 10.17632/jf8v2ndydr.1). Validated for vibration DSP, operating-condition baselining, and general anomaly detection. DOMAIN LIMITATION: Does NOT contain conveyor belt joint rupture labels."
research,mendeley_belt_drive,10.17632/jf8v2ndydr.1,CC BY 4.0,Data 150-H-0,10,1,700.0,150.0,0.0,healthy,normal_balanced,NORMAL,1000.0,10000,g (acceleration),0.0861468345113574,0.44036423770000005,0.790937,5.111786639611736,0.8463150718566994,0.27227108137029066,286.1,0.026931030899760334,263.2111396276749,0.014843766325562214,0.08929587153895698,0.9413135171,1.526719,10.541512176062188,6.695866285423898,-0.3424077394988943,125.30000000000001,0.022801806063139436,244.23663269979065,0.0159475653706824,"Mendeley belt-drive experimental dataset (DOI: 10.17632/jf8v2ndydr.1). Validated for vibration DSP, operating-condition baselining, and general anomaly detection. DOMAIN LIMITATION: Does NOT contain conveyor belt joint rupture labels."
research,mendeley_belt_drive,10.17632/jf8v2ndydr.1,CC BY 4.0,Data 150-H-0,11,2,700.0,150.0,0.0,healthy,normal_balanced,NORMAL,1000.0,10000,g (acceleration),0.10419819342559627,0.6378559349999999,1.109687,6.121564242430624,1.2500031238587122,0.2922110765802188,297.0,0.046285845787253234,261.733247086403,0.02171505889247989,0.09707044905642352,1.1597361897,1.990469,11.947366072509746,6.490513263664388,-0.2637979251228257,125.5,0.01871103267889423,244.0733704700627,0.018845607384928083,"Mendeley belt-drive experimental dataset (DOI: 10.17632/jf8v2ndydr.1). Validated for vibration DSP, operating-condition baselining, and general anomaly detection. DOMAIN LIMITATION: Does NOT contain conveyor belt joint rupture labels."
research,mendeley_belt_drive,10.17632/jf8v2ndydr.1,CC BY 4.0,Data 150-H-0,12,3,700.0,150.0,0.0,healthy,normal_balanced,NORMAL,1000.0,10000,g (acceleration),0.08868770447641093,0.41884539690050226,0.766183683362037,4.7226997177709835,0.7478899530224408,0.23734208940486215,286.1,0.027660469864921124,261.93679958349094,0.01573375515564595,0.09151532088305903,0.9696273339882561,1.555685207905889,10.595245961354104,6.435392787691221,-0.3372135230467181,125.30000000000001,0.023115856892570907,244.88168973882776,0.016750235443252583,"Mendeley belt-drive experimental dataset (DOI: 10.17632/jf8v2ndydr.1). Validated for vibration DSP, operating-condition baselining, and general anomaly detection. DOMAIN LIMITATION: Does NOT contain conveyor belt joint rupture labels."
research,mendeley_belt_drive,10.17632/jf8v2ndydr.1,CC BY 4.0,Data 150-H-0,13,1,800.0,150.0,0.0,healthy,normal_balanced,NORMAL,1000.0,10000,g (acceleration),0.1292243529704582,0.6601046175999999,1.266875,5.108206018651186,0.9349832663513742,0.18149480391467873,133.9,0.023905635743021004,263.42583414052655,0.03339786886540119,0.12436971084153026,0.9668334661,1.788907,7.773865996455701,2.246495516586883,-0.07370654481592374,269.5,0.027301387545699128,241.97758087572808,0.030935688471775556,"Mendeley belt-drive experimental dataset (DOI: 10.17632/jf8v2ndydr.1). Validated for vibration DSP, operating-condition baselining, and general anomaly detection. DOMAIN LIMITATION: Does NOT contain conveyor belt joint rupture labels."
research,mendeley_belt_drive,10.17632/jf8v2ndydr.1,CC BY 4.0,Data 150-H-0,14,2,800.0,150.0,0.0,healthy,normal_balanced,NORMAL,1000.0,10000,g (acceleration),0.1193062640097716,0.5895986268,1.141875,4.9418916239947785,0.6979485739423357,0.1449480991470306,330.70000000000005,0.02769445981210393,262.00957876750243,0.02846840896684913,0.11809357140616888,1.0852015262999999,2.0634379999999997,9.189336162656792,4.010261820999244,-0.14378287459132366,269.5,0.027024194532219662,245.5846492085181,0.02789257405237468,"Mendeley belt-drive experimental dataset (DOI: 10.17632/jf8v2ndydr.1). Validated for vibration DSP, operating-condition baselining, and general anomaly detection. DOMAIN LIMITATION: Does NOT contain conveyor belt joint rupture labels."
research,mendeley_belt_drive,10.17632/jf8v2ndydr.1,CC BY 4.0,Data 150-H-0,15,3,800.0,150.0,0.0,healthy,normal_balanced,NORMAL,1000.0,10000,g (acceleration),0.12149885978716625,0.7189450938999999,1.23875,5.917299101896107,0.7874505007392476,0.15076006510852763,330.6,0.03052102293483419,266.1022491653351,0.029524738164247454,0.11708185973493021,1.1328170112,2.21375,9.675427207636293,3.612802585682725,-0.08408709246634805,269.5,0.03099756539146527,247.6149755233789,0.027417316793602663,"Mendeley belt-drive experimental dataset (DOI: 10.17632/jf8v2ndydr.1). Validated for vibration DSP, operating-condition baselining, and general anomaly detection. DOMAIN LIMITATION: Does NOT contain conveyor belt joint rupture labels."
research,mendeley_belt_drive,10.17632/jf8v2ndydr.1,CC BY 4.0,Data 150-H-0,16,1,900.0,150.0,0.0,healthy,normal_balanced,NORMAL,1000.0,10000,g (acceleration),0.16027437998962804,0.9157940634627989,1.609939747235744,5.713914248316315,0.9527873282412878,0.18467752855950728,149.9,0.04721956548890244,257.2869264396548,0.05137804902154269,0.14548130517637803,1.0877250582529803,2.050919294744956,7.476734257602711,2.129959953835421,0.07507910973638607,149.9,0.035778642459584745,240.68676076752166,0.042331748770572934,"Mendeley belt-drive experimental dataset (DOI: 10.17632/jf8v2ndydr.1). Validated for vibration DSP, operating-condition baselining, and general anomaly detection. DOMAIN LIMITATION: Does NOT contain conveyor belt joint rupture labels."
research,mendeley_belt_drive,10.17632/jf8v2ndydr.1,CC BY 4.0,Data 150-H-0,17,2,900.0,150.0,0.0,healthy,normal_balanced,NORMAL,1000.0,10000,g (acceleration),0.154344381044163,0.8330323387,1.5365630000000001,5.39723139296948,0.6421176497638674,0.060092468720551545,149.9,0.05011359311871176,255.92318044216378,0.04764449637047531,0.14686957585430901,1.249349437,2.016563,8.506523081671617,2.3900465103991193,0.2999644018382528,149.9,0.04052275703570716,238.40455079054163,0.0431413496366983,"Mendeley belt-drive experimental dataset (DOI: 10.17632/jf8v2ndydr.1). Validated for vibration DSP, operating-condition baselining, and general anomaly detection. DOMAIN LIMITATION: Does NOT contain conveyor belt joint rupture labels."
research,mendeley_belt_drive,10.17632/jf8v2ndydr.1,CC BY 4.0,Data 150-H-0,18,3,900.0,150.0,0.0,healthy,normal_balanced,NORMAL,1000.0,10000,g (acceleration),0.15697987771812774,0.8650782469,1.563437,5.510758827658982,0.9725281305986768,0.19174921788934735,149.9,0.046683839456956415,257.4344519574913,0.049285832891867,0.1422569205971519,1.1104047843,2.0867180000000003,7.805629277217964,2.4168822443786233,0.08703126577123167,149.9,0.036197176678573605,239.86589956130516,0.04047671037576056,"Mendeley belt-drive experimental dataset (DOI: 10.17632/jf8v2ndydr.1). Validated for vibration DSP, operating-condition baselining, and general anomaly detection. DOMAIN LIMITATION: Does NOT contain conveyor belt joint rupture labels."
research,mendeley_belt_drive,10.17632/jf8v2ndydr.1,CC BY 4.0,Data 150-H-0,19,1,1000.0,150.0,0.0,healthy,normal_balanced,NORMAL,1000.0,10000,g (acceleration),0.16450891381881633,1.1043709618,1.804687,6.713137520416133,1.1161809542245686,0.12538123162126966,166.70000000000002,0.05876922035280055,256.5219004121465,0.05416273677857751,0.1551653565922935,1.2595290006,2.33,8.11733384475434,3.159858006380336,-0.2472920054767863,166.70000000000002,0.04282443934694088,244.10003127578904,0.0481525997126105,"Mendeley belt-drive experimental dataset (DOI: 10.17632/jf8v2ndydr.1). Validated for vibration DSP, operating-condition baselining, and general anomaly detection. DOMAIN LIMITATION: Does NOT contain conveyor belt joint rupture labels."
research,mendeley_belt_drive,10.17632/jf8v2ndydr.1,CC BY 4.0,Data 150-H-0,20,2,1000.0,150.0,0.0,healthy,normal_balanced,NORMAL,1000.0,10000,g (acceleration),0.1669502907106512,1.10652769463895,1.811802680339791,6.627887198811298,1.0179490137854375,0.11214288480283045,166.70000000000002,0.05840119239389103,255.91848692145214,0.0557718453530809,0.15786250505301203,1.2823830652946102,2.3530665309739502,8.123417684674212,2.9299299766980464,-0.24261676821214462,166.70000000000002,0.04242732773588634,244.10598914246668,0.049841141184208224,"Mendeley belt-drive experimental dataset (DOI: 10.17632/jf8v2ndydr.1). Validated for vibration DSP, operating-condition baselining, and general anomaly detection. DOMAIN LIMITATION: Does NOT contain conveyor belt joint rupture labels."
research,mendeley_belt_drive,10.17632/jf8v2ndydr.1,CC BY 4.0,Data 150-H-0,21,3,1000.0,150.0,0.0,healthy,normal_balanced,NORMAL,1000.0,10000,g (acceleration),0.1680514412652155,1.0036799306000002,1.6600000000000001,5.972456546897519,0.5739617236762511,0.13207460546252334,166.70000000000002,0.060914553984071064,259.0021199384911,0.05652628050247184,0.16223898044701837,1.5679754226,2.689063,9.664603526721782,3.44599293735717,-0.1616439112599984,166.70000000000002,0.04392867194895827,243.9245145996014,0.052643931237795705,"Mendeley belt-drive experimental dataset (DOI: 10.17632/jf8v2ndydr.1). Validated for vibration DSP, operating-condition baselining, and general anomaly detection. DOMAIN LIMITATION: Does NOT contain conveyor belt joint rupture labels."
research,mendeley_belt_drive,10.17632/jf8v2ndydr.1,CC BY 4.0,Data 150-H-0,22,1,1100.0,150.0,0.0,healthy,normal_balanced,NORMAL,1000.0,10000,g (acceleration),0.18496641361319466,0.9544337379,1.801562,5.160038080729241,0.9223754215348752,0.04147719893658016,391.40000000000003,0.02514053874732917,258.6707246278777,0.06843051444602846,0.19421196976065389,1.6999254275,3.275469,8.752938501138637,4.016921961649926,-0.07966765325783497,22.3,0.026810682818749022,243.1538178471764,0.07544075695610118,"Mendeley belt-drive experimental dataset (DOI: 10.17632/jf8v2ndydr.1). Validated for vibration DSP, operating-condition baselining, and general anomaly detection. DOMAIN LIMITATION: Does NOT contain conveyor belt joint rupture labels."
research,mendeley_belt_drive,10.17632/jf8v2ndydr.1,CC BY 4.0,Data 150-H-0,23,2,1100.0,150.0,0.0,healthy,normal_balanced,NORMAL,1000.0,10000,g (acceleration),0.18711507828076654,0.9576679383280658,1.8709636720907539,5.118069303271665,0.8410073082217195,0.040416813612437125,391.40000000000003,0.02508318149528358,258.48839140738187,0.07002631389308803,0.19644316065176345,1.75969103647465,3.35175335778897,8.957761780233572,3.875637041919182,-0.07333721734538622,22.3,0.027363965160187034,243.0946347276661,0.07718472513946631,"Mendeley belt-drive experimental dataset (DOI: 10.17632/jf8v2ndydr.1). Validated for vibration DSP, operating-condition baselining, and general anomaly detection. DOMAIN LIMITATION: Does NOT contain conveyor belt joint rupture labels."
research,mendeley_belt_drive,10.17632/jf8v2ndydr.1,CC BY 4.0,Data 150-H-0,24,3,1100.0,150.0,0.0,healthy,normal_balanced,NORMAL,1000.0,10000,g (acceleration),0.2046924055881324,1.1805610283,2.032813,5.767488172841359,0.7354862296177131,0.13329061870050415,160.10000000000002,0.026609253236970113,257.19094274971445,0.08379821089041506,0.20229405471604095,1.7566109609,3.022656,8.683453220440636,2.7091698336676355,-0.19643151583737314,23.900000000000002,0.025222469495323956,241.3147518662936,0.08184617916437772,"Mendeley belt-drive experimental dataset (DOI: 10.17632/jf8v2ndydr.1). Validated for vibration DSP, operating-condition baselining, and general anomaly detection. DOMAIN LIMITATION: Does NOT contain conveyor belt joint rupture labels."
research,mendeley_belt_drive,10.17632/jf8v2ndydr.1,CC BY 4.0,Data 150-H-0,25,1,1200.0,150.0,0.0,healthy,normal_balanced,NORMAL,1000.0,10000,g (acceleration),0.20440103313788782,1.2439150631,2.090938,6.085659372674803,1.281820141400896,0.33764310739199654,4.6000000000000005,0.041899363276821776,258.38217030698473,0.08356063451182015,0.23385282335916285,2.0052321264,3.7801560000000003,8.574761243400788,2.5417831829103292,-0.11488263382653362,76.3,0.06090762324011089,244.57983443507587,0.10937974132132336,"Mendeley belt-drive experimental dataset (DOI: 10.17632/jf8v2ndydr.1). Validated for vibration DSP, operating-condition baselining, and general anomaly detection. DOMAIN LIMITATION: Does NOT contain conveyor belt joint rupture labels."
research,mendeley_belt_drive,10.17632/jf8v2ndydr.1,CC BY 4.0,Data 150-H-0,26,2,1200.0,150.0,0.0,healthy,normal_balanced,NORMAL,1000.0,10000,g (acceleration),0.18951228705402934,1.0235724095,1.799687,5.401087314239329,0.8530229951416382,0.2994593483582133,200.9,0.038103820877967085,256.3747266225853,0.07183091252252066,0.22008044824519543,1.8702209842,3.3274999999999997,8.497897014987695,2.037897466786551,-0.06784995759620226,76.3,0.05153440073208003,245.05214140257485,0.09687481053773177,"Mendeley belt-drive experimental dataset (DOI: 10.17632/jf8v2ndydr.1). Validated for vibration DSP, operating-condition baselining, and general anomaly detection. DOMAIN LIMITATION: Does NOT contain conveyor belt joint rupture labels."
research,mendeley_belt_drive,10.17632/jf8v2ndydr.1,CC BY 4.0,Data 150-H-0,27,3,1200.0,150.0,0.0,healthy,normal_balanced,NORMAL,1000.0,10000,g (acceleration),0.1808672037670978,1.0760753994,1.755,5.949533010891567,0.699777388906214,0.2172753698650951,200.9,0.036586059569214714,260.36122358274196,0.06542617077918987,0.22145111096075093,1.7148539401999998,3.087344,7.743713421712901,1.8066885202562268,-0.09047818278019523,76.3,0.05570757831884966,245.13068352006357,0.09808198628098416,"Mendeley belt-drive experimental dataset (DOI: 10.17632/jf8v2ndydr.1). Validated for vibration DSP, operating-condition baselining, and general anomaly detection. DOMAIN LIMITATION: Does NOT contain conveyor belt joint rupture labels."
research,mendeley_belt_drive,10.17632/jf8v2ndydr.1,CC BY 4.0,Data 150-H-0,28,1,1300.0,150.0,0.0,healthy,normal_balanced,NORMAL,1000.0,10000,g (acceleration),0.20170063108915276,1.2824091499999999,2.021251,6.3579828336440265,0.9083847931437834,0.22838453859526928,372.0,0.03773595254959005,260.1497115461885,0.08137714668019885,0.24044184223419027,1.6298826886,3.0075000000000003,6.778698222635039,1.2403205837347482,-0.05992399198912189,217.5,0.04622707478889159,248.91553392860754,0.11564208919208104,"Mendeley belt-drive experimental dataset (DOI: 10.17632/jf8v2ndydr.1). Validated for vibration DSP, operating-condition baselining, and general anomaly detection. DOMAIN LIMITATION: Does NOT contain conveyor belt joint rupture labels."
research,mendeley_belt_drive,10.17632/jf8v2ndydr.1,CC BY 4.0,Data 150-H-0,29,2,1300.0,150.0,0.0,healthy,normal_balanced,NORMAL,1000.0,10000,g (acceleration),0.19658642057655784,1.0706486213000002,1.823125,5.446198258048302,0.7739300816432486,0.20525907203241836,371.90000000000003,0.036925844354113925,262.2682022437646,0.07729331155189585,0.24072540780205054,1.9272758601,3.6296869999999997,8.006117333841248,2.6560346789259963,-0.1421872632445418,217.5,0.043603494451319565,249.15716454465917,0.11592148742797537,"Mendeley belt-drive experimental dataset (DOI: 10.17632/jf8v2ndydr.1). Validated for vibration DSP, operating-condition baselining, and general anomaly detection. DOMAIN LIMITATION: Does NOT contain conveyor belt joint rupture labels."
research,mendeley_belt_drive,10.17632/jf8v2ndydr.1,CC BY 4.0,Data 150-H-0,30,3,1300.0,150.0,0.0,healthy,normal_balanced,NORMAL,1000.0,10000,g (acceleration),0.202931537022557,1.0903056089788834,1.9127663036267322,5.372775592083992,0.7228114688587639,0.1855427383456017,371.90000000000003,0.036090227821908176,261.04944191340195,0.08236778378639537,0.2464376983734316,1.9067958132285705,3.65550384614145,7.737435570182804,2.3664465499420713,-0.12098240513853654,217.5,0.043786565566978235,249.50770709472934,0.12148445160899571,"Mendeley belt-drive experimental dataset (DOI: 10.17632/jf8v2ndydr.1). Validated for vibration DSP, operating-condition baselining, and general anomaly detection. DOMAIN LIMITATION: Does NOT contain conveyor belt joint rupture labels."
research,mendeley_belt_drive,10.17632/jf8v2ndydr.1,CC BY 4.0,Data 150-H-0,31,1,1400.0,150.0,0.0,healthy,normal_balanced,NORMAL,1000.0,10000,g (acceleration),0.27376639888980764,1.4344132761000001,2.4365620000000003,5.239551975395486,0.6909811688461138,0.23195156227623803,232.9,0.10834032505216126,258.79144284255386,0.14989726262246228,0.3135493039697359,2.7881426056,5.2448440000000005,8.892198357005807,2.051577120017307,-0.21842658186009783,232.9,0.11568588792290409,246.3297471047233,0.1966531779598361,"Mendeley belt-drive experimental dataset (DOI: 10.17632/jf8v2ndydr.1). Validated for vibration DSP, operating-condition baselining, and general anomaly detection. DOMAIN LIMITATION: Does NOT contain conveyor belt joint rupture labels."
research,mendeley_belt_drive,10.17632/jf8v2ndydr.1,CC BY 4.0,Data 150-H-0,32,2,1400.0,150.0,0.0,healthy,normal_balanced,NORMAL,1000.0,10000,g (acceleration),0.29521775313083987,1.5009748079999998,2.709062,5.084297241889687,0.4645753712842047,0.09858243100090303,232.9,0.11289627116060838,257.85571748749373,0.17431405785993118,0.3288761139141636,2.6346831572,4.534844,8.011172127531433,1.1068482446534906,-0.024282989840320696,232.9,0.11777542959360325,244.91342676221828,0.21632162624928047,"Mendeley belt-drive experimental dataset (DOI: 10.17632/jf8v2ndydr.1). Validated for vibration DSP, operating-condition baselining, and general anomaly detection. DOMAIN LIMITATION: Does NOT contain conveyor belt joint rupture labels."
research,mendeley_belt_drive,10.17632/jf8v2ndydr.1,CC BY 4.0,Data 150-H-0,33,3,1400.0,150.0,0.0,healthy,normal_balanced,NORMAL,1000.0,10000,g (acceleration),0.3062401029193378,1.8003157088000001,3.109999,5.878771890545618,0.5659786468594783,0.037572815628266656,232.9,0.11148058784554132,258.62439108802,0.18756640576968914,0.32837796346072573,2.3007519612,4.325469,7.006414002184321,1.0539114008701072,-0.04422703588414515,232.9,0.11404402849781185,245.0818354810946,0.21566499850856252,"Mendeley belt-drive experimental dataset (DOI: 10.17632/jf8v2ndydr.1). Validated for vibration DSP, operating-condition baselining, and general anomaly detection. DOMAIN LIMITATION: Does NOT contain conveyor belt joint rupture labels."
research,mendeley_belt_drive,10.17632/jf8v2ndydr.1,CC BY 4.0,Data 150-H-0,34,1,1500.0,150.0,0.0,healthy,normal_balanced,NORMAL,1000.0,10000,g (acceleration),0.32987852195292083,1.7370592782999998,3.064062,5.265754399578361,0.6421986198946135,0.050971114590669706,250.20000000000002,0.07954872700856071,257.0288806319434,0.2176411541777527,0.3725619363546689,3.9196529221999996,5.747968999999999,10.520808863492153,1.838164294301544,-0.15328548531273037,250.20000000000002,0.09226431091350032,244.6336085661855,0.27761401731700386,"Mendeley belt-drive experimental dataset (DOI: 10.17632/jf8v2ndydr.1). Validated for vibration DSP, operating-condition baselining, and general anomaly detection. DOMAIN LIMITATION: Does NOT contain conveyor belt joint rupture labels."
research,mendeley_belt_drive,10.17632/jf8v2ndydr.1,CC BY 4.0,Data 150-H-0,35,2,1500.0,150.0,0.0,healthy,normal_balanced,NORMAL,1000.0,10000,g (acceleration),0.3153590110698052,1.4046896905,2.6956239999999996,4.4542557567478855,0.5320733512430547,-0.05732366606650498,250.20000000000002,0.07542361943276152,257.2821225205489,0.1989088232757602,0.3729850293601421,2.9555284096000003,5.449375,7.923986693702495,1.3449205525210086,-0.024491268124692947,250.3,0.0933233070067231,244.62356240107,0.27824289399093294,"Mendeley belt-drive experimental dataset (DOI: 10.17632/jf8v2ndydr.1). Validated for vibration DSP, operating-condition baselining, and general anomaly detection. DOMAIN LIMITATION: Does NOT contain conveyor belt joint rupture labels."
research,mendeley_belt_drive,10.17632/jf8v2ndydr.1,CC BY 4.0,Data 150-H-0,36,3,1500.0,150.0,0.0,healthy,normal_balanced,NORMAL,1000.0,10000,g (acceleration),0.3159278184433198,1.3522046568000001,2.634376,4.280106333980834,0.515136220334945,0.04219883527796754,250.3,0.07834265903781812,258.54489788330187,0.19962094864977525,0.37997693939041377,3.427834468,5.8256250000000005,9.021164477768513,1.9704691807750097,-0.08332459326103607,250.3,0.09196648393134924,246.4224814086379,0.28877376005876776,"Mendeley belt-drive experimental dataset (DOI: 10.17632/jf8v2ndydr.1). Validated for vibration DSP, operating-condition baselining, and general anomaly detection. DOMAIN LIMITATION: Does NOT contain conveyor belt joint rupture labels."
research,mendeley_belt_drive,10.17632/jf8v2ndydr.1,CC BY 4.0,Data 150-H-0,37,1,1600.0,150.0,0.0,healthy,normal_balanced,NORMAL,1000.0,10000,g (acceleration),0.3009730300340922,1.4869227228000002,2.831563,4.940385265189946,0.6062876967282658,0.1155250508484012,266.0,0.07156295337977078,260.8101672458435,0.1811926475051333,0.40596936862444427,2.079198406,3.711719,5.121564745254052,0.4431497592000935,-0.13678467969385305,266.0,0.08575401561855904,246.61719471784247,0.3296230372312538,"Mendeley belt-drive experimental dataset (DOI: 10.17632/jf8v2ndydr.1). Validated for vibration DSP, operating-condition baselining, and general anomaly detection. DOMAIN LIMITATION: Does NOT contain conveyor belt joint rupture labels."
research,mendeley_belt_drive,10.17632/jf8v2ndydr.1,CC BY 4.0,Data 150-H-0,38,2,1600.0,150.0,0.0,healthy,normal_balanced,NORMAL,1000.0,10000,g (acceleration),0.3017938974629064,1.5541843052000002,2.776875,5.149820186112363,0.6613196807819905,0.05390891543250234,266.0,0.07772697736239258,259.93996860420884,0.1821597674578721,0.4078707767455348,2.5062846527,4.704376,6.144800744731064,0.6299853673103786,-0.03744568446290456,266.0,0.07957203478466197,247.20093647595888,0.3327376098692971,"Mendeley belt-drive experimental dataset (DOI: 10.17632/jf8v2ndydr.1). Validated for vibration DSP, operating-condition baselining, and general anomaly detection. DOMAIN LIMITATION: Does NOT contain conveyor belt joint rupture labels."
research,mendeley_belt_drive,10.17632/jf8v2ndydr.1,CC BY 4.0,Data 150-H-0,39,3,1600.0,150.0,0.0,healthy,normal_balanced,NORMAL,1000.0,10000,g (acceleration),0.2987587460081139,2.2863671215,3.517187,7.652887662869977,0.848163430211545,0.10646965316027625,379.70000000000005,0.08250330025078392,260.90510908628596,0.178538179167938,0.3973902196387523,3.474556528,5.691563,8.743437448356294,1.3096619136759662,-0.15222166794765504,266.0,0.08270086109329894,248.10821605130394,0.31585531129422195,"Mendeley belt-drive experimental dataset (DOI: 10.17632/jf8v2ndydr.1). Validated for vibration DSP, operating-condition baselining, and general anomaly detection. DOMAIN LIMITATION: Does NOT contain conveyor belt joint rupture labels."
research,mendeley_belt_drive,10.17632/jf8v2ndydr.1,CC BY 4.0,Data 150-H-0,40,1,1700.0,150.0,0.0,healthy,normal_balanced,NORMAL,1000.0,10000,g (acceleration),0.2900962818378762,1.2682929426,2.414687,4.371972417450013,0.5608129530750046,0.15198288164150003,283.6,0.09773080467817538,259.2740793438193,0.16832338438395666,0.45496270519837,2.386557548,4.506562,5.245611389090515,0.6469470196820954,-0.10240767636289962,283.6,0.13350073594721507,247.8541419485176,0.4139910439874327,"Mendeley belt-drive experimental dataset (DOI: 10.17632/jf8v2ndydr.1). Validated for vibration DSP, operating-condition baselining, and general anomaly detection. DOMAIN LIMITATION: Does NOT contain conveyor belt joint rupture labels."
research,mendeley_belt_drive,10.17632/jf8v2ndydr.1,CC BY 4.0,Data 150-H-0,41,2,1700.0,150.0,0.0,healthy,normal_balanced,NORMAL,1000.0,10000,g (acceleration),0.30354061012000483,1.5479865601999998,2.881874,5.099767571752601,0.5937040507572577,0.1120967328848125,283.6,0.09897353075711586,259.44286426085847,0.18427772538193415,0.4376209578835656,2.9612229681,5.095938,6.766638833800711,0.5578707251632964,-0.056912979580417675,283.6,0.12814988320910103,247.221819655344,0.383051252174398,"Mendeley belt-drive experimental dataset (DOI: 10.17632/jf8v2ndydr.1). Validated for vibration DSP, operating-condition baselining, and general anomaly detection. DOMAIN LIMITATION: Does NOT contain conveyor belt joint rupture labels."
research,mendeley_belt_drive,10.17632/jf8v2ndydr.1,CC BY 4.0,Data 150-H-0,42,3,1700.0,150.0,0.0,healthy,normal_balanced,NORMAL,1000.0,10000,g (acceleration),0.28006493663817345,1.4050468377999998,2.6043760000000002,5.016860927561358,0.5544258542819205,0.13994843294013642,283.6,0.09784745970583536,259.7885084911987,0.1568973562142242,0.4458299110904946,3.0771986608999997,5.842343,6.902180819077861,0.8651082508905765,-0.03701502212044361,283.6,0.132038512326332,245.50647790445655,0.39753843863895444,"Mendeley belt-drive experimental dataset (DOI: 10.17632/jf8v2ndydr.1). Validated for vibration DSP, operating-condition baselining, and general anomaly detection. DOMAIN LIMITATION: Does NOT contain conveyor belt joint rupture labels."
research,mendeley_belt_drive,10.17632/jf8v2ndydr.1,CC BY 4.0,Data 150-H-0,43,1,1800.0,150.0,0.0,healthy,normal_balanced,NORMAL,1000.0,10000,g (acceleration),0.3412560853897694,1.9394636805,3.288125,5.683308704326313,0.7778899572819502,0.18227370037493543,300.1,0.07593178938330332,260.24607713171275,0.2329173170250935,0.4931659355827525,2.5842185350999998,4.588437,5.240058869934604,0.5039431428614858,-0.0798196347516377,300.1,0.118095207779162,247.98803339552697,0.48643374715707577,"Mendeley belt-drive experimental dataset (DOI: 10.17632/jf8v2ndydr.1). Validated for vibration DSP, operating-condition baselining, and general anomaly detection. DOMAIN LIMITATION: Does NOT contain conveyor belt joint rupture labels."
research,mendeley_belt_drive,10.17632/jf8v2ndydr.1,CC BY 4.0,Data 150-H-0,44,2,1800.0,150.0,0.0,healthy,normal_balanced,NORMAL,1000.0,10000,g (acceleration),0.29460265446776873,1.6790487794,3.0146870000000003,5.699367449466406,0.8023687039013199,0.17982933204806922,300.1,0.07963988627779826,262.81790076630006,0.17358855758517228,0.47750882864351774,2.6531494852999997,4.623906,5.55623126976925,0.3685969500596866,-0.08130523879840432,300.1,0.11433076850083737,246.93660413293713,0.4560397262297414,"Mendeley belt-drive experimental dataset (DOI: 10.17632/jf8v2ndydr.1). Validated for vibration DSP, operating-condition baselining, and general anomaly detection. DOMAIN LIMITATION: Does NOT contain conveyor belt joint rupture labels."
research,mendeley_belt_drive,10.17632/jf8v2ndydr.1,CC BY 4.0,Data 150-H-0,45,3,1800.0,150.0,0.0,healthy,normal_balanced,NORMAL,1000.0,10000,g (acceleration),0.28885716192901745,1.7063530312,3.064688,5.907255405421839,0.742490986067375,0.20484986429261398,300.1,0.07995265652745462,261.2431042687236,0.16688875442312737,0.46997122390796864,2.8935104682,5.034374,6.156782204960313,0.4362341622061443,-0.04324815368134277,300.1,0.11339674648508144,246.63170742908986,0.44183350823013773,"Mendeley belt-drive experimental dataset (DOI: 10.17632/jf8v2ndydr.1). Validated for vibration DSP, operating-condition baselining, and general anomaly detection. DOMAIN LIMITATION: Does NOT contain conveyor belt joint rupture labels."
research,mendeley_belt_drive,10.17632/jf8v2ndydr.1,CC BY 4.0,Data 150-H-0,46,1,1900.0,150.0,0.0,healthy,normal_balanced,NORMAL,1000.0,10000,g (acceleration),0.32777793020130985,1.7674850355999998,3.084062,5.392324719710298,0.6722516516154089,0.1862094511079513,317.8,0.12266462006606856,256.728037717693,0.21488700266517063,0.5798839700238122,2.6227796551,4.914688,4.522938709604784,0.33427213020540814,-0.03271987765313943,64.10000000000001,0.19153499830124343,245.66148188780687,0.672844764090849,"Mendeley belt-drive experimental dataset (DOI: 10.17632/jf8v2ndydr.1). Validated for vibration DSP, operating-condition baselining, and general anomaly detection. DOMAIN LIMITATION: Does NOT contain conveyor belt joint rupture labels."
research,mendeley_belt_drive,10.17632/jf8v2ndydr.1,CC BY 4.0,Data 150-H-0,47,2,1900.0,150.0,0.0,healthy,normal_balanced,NORMAL,1000.0,10000,g (acceleration),0.35331869454543396,1.8701964003,3.681875,5.293227981344496,0.8082432844925669,0.2496699397043429,317.8,0.12436569615119097,257.9120994008716,0.24968004885705422,0.5537717638508308,2.6285871975,4.7109369999999995,4.746697771697982,0.20051586192713833,-0.04423231258640431,64.10000000000001,0.16322578881283756,244.3883587735266,0.6133505247750997,"Mendeley belt-drive experimental dataset (DOI: 10.17632/jf8v2ndydr.1). Validated for vibration DSP, operating-condition baselining, and general anomaly detection. DOMAIN LIMITATION: Does NOT contain conveyor belt joint rupture labels."
research,mendeley_belt_drive,10.17632/jf8v2ndydr.1,CC BY 4.0,Data 150-H-0,48,3,1900.0,150.0,0.0,healthy,normal_balanced,NORMAL,1000.0,10000,g (acceleration),0.3749777924766443,2.2551506873,3.741562,6.014091320995932,0.8056418912330541,0.26964802061192994,317.8,0.12454636116740582,256.18825160718046,0.28122042404245784,0.5694994815210207,2.6174033291999996,4.810155999999999,4.59597139967438,0.26001742397362904,-0.019398779117568935,64.0,0.15069720847784238,244.19909923089622,0.6486988129255181,"Mendeley belt-drive experimental dataset (DOI: 10.17632/jf8v2ndydr.1). Validated for vibration DSP, operating-condition baselining, and general anomaly detection. DOMAIN LIMITATION: Does NOT contain conveyor belt joint rupture labels."
research,mendeley_belt_drive,10.17632/jf8v2ndydr.1,CC BY 4.0,Data 150-H-0,49,1,2000.0,150.0,0.0,healthy,normal_balanced,NORMAL,1000.0,10000,g (acceleration),0.4014767425144787,2.1319469035,3.7275,5.310262532637527,0.3827992836605585,0.20875151434036865,333.20000000000005,0.24097570683111189,254.94136621398152,0.3223735526109208,0.618544146332663,3.0025214686,5.6614059999999995,4.854174898270229,0.23919041790415818,0.016207561476691786,333.20000000000005,0.22547780028428482,245.19721760932708,0.765223327046066,"Mendeley belt-drive experimental dataset (DOI: 10.17632/jf8v2ndydr.1). Validated for vibration DSP, operating-condition baselining, and general anomaly detection. DOMAIN LIMITATION: Does NOT contain conveyor belt joint rupture labels."
research,mendeley_belt_drive,10.17632/jf8v2ndydr.1,CC BY 4.0,Data 150-H-0,50,2,2000.0,150.0,0.0,healthy,normal_balanced,NORMAL,1000.0,10000,g (acceleration),0.41737836663201694,2.0812800358000003,4.126251,4.986554652064581,0.4114603203606628,0.16478469050223662,333.20000000000005,0.23910742991490894,256.1676958099502,0.34841165980907257,0.635732710148121,2.7778665294000002,5.198594,4.369551047251883,0.08161573470499128,0.027956432771029174,333.20000000000005,0.2397753369700547,245.88772489305117,0.8083217919232949,"Mendeley belt-drive experimental dataset (DOI: 10.17632/jf8v2ndydr.1). Validated for vibration DSP, operating-condition baselining, and general anomaly detection. DOMAIN LIMITATION: Does NOT contain conveyor belt joint rupture labels."
research,mendeley_belt_drive,10.17632/jf8v2ndydr.1,CC BY 4.0,Data 150-H-0,51,3,2000.0,150.0,0.0,healthy,normal_balanced,NORMAL,1000.0,10000,g (acceleration),0.41205199936589165,1.9657647485999998,3.619376,4.770671545399907,0.5107911004852772,0.1898608618615467,333.20000000000005,0.23242418630236852,257.3796034782942,0.3395829721936565,0.6122197762425019,2.4337327047999997,4.707813,3.9752598645816883,0.12093962536944547,-0.006988445797693678,333.20000000000005,0.21531306872014247,248.68113365359125,0.7497398406986431,"Mendeley belt-drive experimental dataset (DOI: 10.17632/jf8v2ndydr.1). Validated for vibration DSP, operating-condition baselining, and general anomaly detection. DOMAIN LIMITATION: Does NOT contain conveyor belt joint rupture labels."
research,mendeley_belt_drive,10.17632/jf8v2ndydr.1,CC BY 4.0,Data 150-F-0,1,1,400.0,150.0,0.0,faulty_belt,normal_balanced,FAULTY_BELT,1000.0,10000,g (acceleration),0.06735868885283808,0.34627456277685975,0.6732168725763109,5.1407556868184185,0.7864126661224478,0.11796918552217003,330.3,0.0099103012508641,254.51555359858048,0.009076959310023426,0.07270292251719884,0.5506873226122827,0.985827476773249,7.574486740639763,1.0914588130891536,0.03662867462693385,57.800000000000004,0.008644740471142928,241.68752954550777,0.010571625853338503,"Mendeley belt-drive experimental dataset (DOI: 10.17632/jf8v2ndydr.1). Validated for vibration DSP, operating-condition baselining, and general anomaly detection. DOMAIN LIMITATION: Does NOT contain conveyor belt joint rupture labels."
research,mendeley_belt_drive,10.17632/jf8v2ndydr.1,CC BY 4.0,Data 150-F-0,2,2,400.0,150.0,0.0,faulty_belt,normal_balanced,FAULTY_BELT,1000.0,10000,g (acceleration),0.06757289686521044,0.369945159928116,0.736622526577482,5.474756553149645,0.9239389737077524,0.12685664071709454,330.3,0.009882557558873425,256.36590867892477,0.009133087895674028,0.07351796044813455,0.5650155305569518,1.110415593739021,7.685408124937836,1.4887400741798196,-0.03170855805623085,57.800000000000004,0.008454426243774026,243.28159073032427,0.010810454209826854,"Mendeley belt-drive experimental dataset (DOI: 10.17632/jf8v2ndydr.1). Validated for vibration DSP, operating-condition baselining, and general anomaly detection. DOMAIN LIMITATION: Does NOT contain conveyor belt joint rupture labels."
research,mendeley_belt_drive,10.17632/jf8v2ndydr.1,CC BY 4.0,Data 150-F-0,3,3,400.0,150.0,0.0,faulty_belt,normal_balanced,FAULTY_BELT,1000.0,10000,g (acceleration),0.04523264244640124,0.3441803564,0.647188,7.609114519626818,4.230539611159511,0.3286026768711402,330.3,0.010210163383204506,263.02417263945154,0.004092032460820684,0.05317546903275168,0.5265362181,1.039218,9.901863165056378,4.71268978326551,0.062305299107188544,263.3,0.008500534309413249,233.8902938572815,0.0056557837130491485,"Mendeley belt-drive experimental dataset (DOI: 10.17632/jf8v2ndydr.1). Validated for vibration DSP, operating-condition baselining, and general anomaly detection. DOMAIN LIMITATION: Does NOT contain conveyor belt joint rupture labels."
research,mendeley_belt_drive,10.17632/jf8v2ndydr.1,CC BY 4.0,Data 150-F-0,4,1,500.0,150.0,0.0,faulty_belt,normal_balanced,FAULTY_BELT,1000.0,10000,g (acceleration),0.08485991616697579,0.5410004119859032,0.973212024741211,6.375217374966483,1.0865727473265592,0.16863422386561747,253.4,0.016942983229496226,257.00452730512046,0.014404032018183596,0.09262939906360311,0.6648637796976536,1.188823830408864,7.1776756237091766,1.6562942800229807,0.13918377251949893,253.4,0.0196491845252264,239.122886432357,0.01716083383695741,"Mendeley belt-drive experimental dataset (DOI: 10.17632/jf8v2ndydr.1). Validated for vibration DSP, operating-condition baselining, and general anomaly detection. DOMAIN LIMITATION: Does NOT contain conveyor belt joint rupture labels."
research,mendeley_belt_drive,10.17632/jf8v2ndydr.1,CC BY 4.0,Data 150-F-0,5,2,500.0,150.0,0.0,faulty_belt,normal_balanced,FAULTY_BELT,1000.0,10000,g (acceleration),0.0686219180358695,0.47836298969999996,0.913125,6.970994157434566,2.5388624851677504,0.3178646617493416,253.4,0.016020081456367925,262.1373793093097,0.00941794747684319,0.07816969772037852,0.6148499813,1.135938,7.865579620115522,2.929739740490522,0.1395022203213222,253.4,0.020825499926990135,235.07038372314614,0.012221869014265124,"Mendeley belt-drive experimental dataset (DOI: 10.17632/jf8v2ndydr.1). Validated for vibration DSP, operating-condition baselining, and general anomaly detection. DOMAIN LIMITATION: Does NOT contain conveyor belt joint rupture labels."
research,mendeley_belt_drive,10.17632/jf8v2ndydr.1,CC BY 4.0,Data 150-F-0,6,3,500.0,150.0,0.0,faulty_belt,normal_balanced,FAULTY_BELT,1000.0,10000,g (acceleration),0.08513937797092687,0.49244557428653807,0.973010245196892,5.783993094883743,1.1308215415178955,0.11198318809990618,253.4,0.015123899888064474,257.43369144239585,0.014499058061975535,0.09248830042509533,0.6493991558827206,1.2201972512665331,7.021419497362888,1.5316123119727392,0.0963591424912783,253.4,0.022007754329190617,239.15559969863574,0.017109228113182884,"Mendeley belt-drive experimental dataset (DOI: 10.17632/jf8v2ndydr.1). Validated for vibration DSP, operating-condition baselining, and general anomaly detection. DOMAIN LIMITATION: Does NOT contain conveyor belt joint rupture labels."
research,mendeley_belt_drive,10.17632/jf8v2ndydr.1,CC BY 4.0,Data 150-F-0,7,1,600.0,150.0,0.0,faulty_belt,normal_balanced,FAULTY_BELT,1000.0,10000,g (acceleration),0.07469610650992425,0.5791988034,0.9734369999999999,7.754069528684827,2.5234534897567453,0.5015076822392369,299.5,0.017342196472832985,261.28601204632815,0.01115929584586845,0.09171249574289461,0.9516089076,1.759532,10.376000564500236,4.965992183700991,-0.10886660862199996,98.7,0.013984227523248634,243.7404365169412,0.01682792235164258,"Mendeley belt-drive experimental dataset (DOI: 10.17632/jf8v2ndydr.1). Validated for vibration DSP, operating-condition baselining, and general anomaly detection. DOMAIN LIMITATION: Does NOT contain conveyor belt joint rupture labels."
research,mendeley_belt_drive,10.17632/jf8v2ndydr.1,CC BY 4.0,Data 150-F-0,8,2,600.0,150.0,0.0,faulty_belt,normal_balanced,FAULTY_BELT,1000.0,10000,g (acceleration),0.08491260523004944,0.5700653598527465,1.00989676904986,6.713553992464337,1.532078103551978,0.3495589685968488,299.5,0.016237562753535967,257.4573889026957,0.014422975610408222,0.10054667007814422,0.9652546781045452,1.7649514635307901,9.600066092237123,3.5643147901299557,-0.08237894081411047,98.7,0.013426770065901627,244.8291305099484,0.020223817256911348,"Mendeley belt-drive experimental dataset (DOI: 10.17632/jf8v2ndydr.1). Validated for vibration DSP, operating-condition baselining, and general anomaly detection. DOMAIN LIMITATION: Does NOT contain conveyor belt joint rupture labels."
research,mendeley_belt_drive,10.17632/jf8v2ndydr.1,CC BY 4.0,Data 150-F-0,9,3,600.0,150.0,0.0,faulty_belt,normal_balanced,FAULTY_BELT,1000.0,10000,g (acceleration),0.08520663268893544,0.539502021981801,0.919238210832866,6.331690444232968,1.472467548781804,0.33557559496871836,299.5,0.01700359517735622,258.49360083932334,0.014520504385831318,0.10009272624874842,0.9364440649554481,1.756785375403275,9.355765399258047,3.392033510628539,-0.03543723887613937,98.7,0.013830092543826356,244.66216805002153,0.020043040191989492,"Mendeley belt-drive experimental dataset (DOI: 10.17632/jf8v2ndydr.1). Validated for vibration DSP, operating-condition baselining, and general anomaly detection. DOMAIN LIMITATION: Does NOT contain conveyor belt joint rupture labels."
research,mendeley_belt_drive,10.17632/jf8v2ndydr.1,CC BY 4.0,Data 150-F-0,10,1,700.0,150.0,0.0,faulty_belt,normal_balanced,FAULTY_BELT,1000.0,10000,g (acceleration),0.08312679064538485,0.4734905525,0.830625,5.696004246331238,0.9692026910484035,0.18787314423023058,300.2,0.017865013194269017,263.8928158998663,0.013820866432506351,0.1055884745789059,0.9949424537,1.8087490000000002,9.42283196786296,6.403145713416794,-0.2327417267573101,235.0,0.020292532111721242,243.40092397940063,0.022303572904973604,"Mendeley belt-drive experimental dataset (DOI: 10.17632/jf8v2ndydr.1). Validated for vibration DSP, operating-condition baselining, and general anomaly detection. DOMAIN LIMITATION: Does NOT contain conveyor belt joint rupture labels."
research,mendeley_belt_drive,10.17632/jf8v2ndydr.1,CC BY 4.0,Data 150-F-0,11,2,700.0,150.0,0.0,faulty_belt,normal_balanced,FAULTY_BELT,1000.0,10000,g (acceleration),0.09241617427668915,0.47409490921287456,0.874083348354152,5.129999298536849,0.654468399315415,0.13824744189940041,300.2,0.01808617919240651,260.9585966970059,0.017085368139727664,0.11314834666801096,1.0091468948904696,1.8205801921855298,8.918794879534667,4.835422776909497,-0.1800214816579505,235.0,0.019303250231083348,245.07246200727357,0.025609795280626232,"Mendeley belt-drive experimental dataset (DOI: 10.17632/jf8v2ndydr.1). Validated for vibration DSP, operating-condition baselining, and general anomaly detection. DOMAIN LIMITATION: Does NOT contain conveyor belt joint rupture labels."
research,mendeley_belt_drive,10.17632/jf8v2ndydr.1,CC BY 4.0,Data 150-F-0,12,3,700.0,150.0,0.0,faulty_belt,normal_balanced,FAULTY_BELT,1000.0,10000,g (acceleration),0.09262863192432687,0.487482157332034,0.901113772221375,5.262758902995388,0.6090259925146917,0.15117579887516427,300.2,0.018055113528870244,260.1445120129804,0.017160132247088754,0.11251408996248802,1.0715139570188488,1.90747859091459,9.523375760103374,5.1373489771089975,-0.1894754851013493,235.0,0.018889006288784153,244.69516565549074,0.02532494108618503,"Mendeley belt-drive experimental dataset (DOI: 10.17632/jf8v2ndydr.1). Validated for vibration DSP, operating-condition baselining, and general anomaly detection. DOMAIN LIMITATION: Does NOT contain conveyor belt joint rupture labels."
research,mendeley_belt_drive,10.17632/jf8v2ndydr.1,CC BY 4.0,Data 150-F-0,13,1,800.0,150.0,0.0,faulty_belt,normal_balanced,FAULTY_BELT,1000.0,10000,g (acceleration),0.10364944521804176,0.5462328313,0.978125,5.2700024602246485,0.7305950759135662,0.20492242132051616,133.70000000000002,0.022447148450100544,266.13015034366373,0.02148648453095795,0.12679894944879339,1.6220503293,2.604532,12.792301011571475,8.114025086087109,-0.411624551473818,269.3,0.031181350605167718,246.90497674644115,0.03215764819853246,"Mendeley belt-drive experimental dataset (DOI: 10.17632/jf8v2ndydr.1). Validated for vibration DSP, operating-condition baselining, and general anomaly detection. DOMAIN LIMITATION: Does NOT contain conveyor belt joint rupture labels."
research,mendeley_belt_drive,10.17632/jf8v2ndydr.1,CC BY 4.0,Data 150-F-0,14,2,800.0,150.0,0.0,faulty_belt,normal_balanced,FAULTY_BELT,1000.0,10000,g (acceleration),0.10567457836897698,0.7133996804,1.1875010000000001,6.750911064996817,1.2549185959866476,0.20496724834338562,133.70000000000002,0.02338166989786044,267.70054400828934,0.02233424631279135,0.1280232562895985,1.0980517348999999,2.180625,8.576970831113075,4.164752512624059,-0.08835279775980677,269.3,0.030352067213942468,244.21011554282063,0.0327801084327141,"Mendeley belt-drive experimental dataset (DOI: 10.17632/jf8v2ndydr.1). Validated for vibration DSP, operating-condition baselining, and general anomaly detection. DOMAIN LIMITATION: Does NOT contain conveyor belt joint rupture labels."
research,mendeley_belt_drive,10.17632/jf8v2ndydr.1,CC BY 4.0,Data 150-F-0,15,3,800.0,150.0,0.0,faulty_belt,normal_balanced,FAULTY_BELT,1000.0,10000,g (acceleration),0.10366504952403621,0.6358249957,1.1225,6.133455765653928,0.7937232163320074,0.2160337002107928,133.70000000000002,0.025024015889984104,263.96148367071544,0.021493357252650832,0.13134043846607846,1.6002236608,2.49625,12.183784975053916,6.679755023372987,-0.35089801358279554,269.3,0.028619965075346237,244.9376876512537,0.03450097562246354,"Mendeley belt-drive experimental dataset (DOI: 10.17632/jf8v2ndydr.1). Validated for vibration DSP, operating-condition baselining, and general anomaly detection. DOMAIN LIMITATION: Does NOT contain conveyor belt joint rupture labels."
research,mendeley_belt_drive,10.17632/jf8v2ndydr.1,CC BY 4.0,Data 150-F-0,16,1,900.0,150.0,0.0,faulty_belt,normal_balanced,FAULTY_BELT,1000.0,10000,g (acceleration),0.1333807741642145,0.9633148066,1.7493750000000001,7.222291313244254,2.214361987402234,0.4524478243482469,150.0,0.04634130941803628,263.9184220923855,0.03609302216584045,0.1665550472662162,1.4778398315,2.557188,8.872981370164476,5.101956149905291,-0.33139329774163123,150.0,0.03473001552978574,245.68789303902105,0.05548673857558295,"Mendeley belt-drive experimental dataset (DOI: 10.17632/jf8v2ndydr.1). Validated for vibration DSP, operating-condition baselining, and general anomaly detection. DOMAIN LIMITATION: Does NOT contain conveyor belt joint rupture labels."
research,mendeley_belt_drive,10.17632/jf8v2ndydr.1,CC BY 4.0,Data 150-F-0,17,2,900.0,150.0,0.0,faulty_belt,normal_balanced,FAULTY_BELT,1000.0,10000,g (acceleration),0.13943731387217767,1.1778550521000002,2.099375,8.447201250446787,3.1389264836393744,0.47013316773697605,150.0,0.045396395121893855,264.64516009604813,0.0388935866496635,0.17575912734479832,1.7378821577,3.294687,9.887862917586531,4.533246682526463,-0.1873213040347469,150.0,0.03605739600048788,243.78740019197923,0.061838951161576325,"Mendeley belt-drive experimental dataset (DOI: 10.17632/jf8v2ndydr.1). Validated for vibration DSP, operating-condition baselining, and general anomaly detection. DOMAIN LIMITATION: Does NOT contain conveyor belt joint rupture labels."
research,mendeley_belt_drive,10.17632/jf8v2ndydr.1,CC BY 4.0,Data 150-F-0,18,3,900.0,150.0,0.0,faulty_belt,normal_balanced,FAULTY_BELT,1000.0,10000,g (acceleration),0.145282914822692,1.1557132529578467,2.075442557174094,7.954915100432261,2.7105539118340136,0.41947387236226824,150.0,0.04565507981967662,262.7476257918426,0.04222981861510927,0.18004316574082121,1.8128465492972803,3.36802712177039,10.068955085509549,4.258002442794083,-0.1763926227977308,150.0,0.035822119949481514,244.1461143975633,0.06489091113604155,"Mendeley belt-drive experimental dataset (DOI: 10.17632/jf8v2ndydr.1). Validated for vibration DSP, operating-condition baselining, and general anomaly detection. DOMAIN LIMITATION: Does NOT contain conveyor belt joint rupture labels."
research,mendeley_belt_drive,10.17632/jf8v2ndydr.1,CC BY 4.0,Data 150-F-0,19,1,1000.0,150.0,0.0,faulty_belt,normal_balanced,FAULTY_BELT,1000.0,10000,g (acceleration),0.16446425270145196,0.9030805935,1.687812,5.491044884625115,0.8150170960748833,0.2932622995368643,166.8,0.06157228146278281,260.0318143118613,0.05410046813699166,0.21576675984116434,1.9043756383,3.481875,8.826084424226869,3.0577430320974637,-0.012847612133555166,166.8,0.04737624413850148,245.47544600163033,0.09313209027834064,"Mendeley belt-drive experimental dataset (DOI: 10.17632/jf8v2ndydr.1). Validated for vibration DSP, operating-condition baselining, and general anomaly detection. DOMAIN LIMITATION: Does NOT contain conveyor belt joint rupture labels."
research,mendeley_belt_drive,10.17632/jf8v2ndydr.1,CC BY 4.0,Data 150-F-0,20,2,1000.0,150.0,0.0,faulty_belt,normal_balanced,FAULTY_BELT,1000.0,10000,g (acceleration),0.16690295491930304,0.9256672428999999,1.661562,5.546140530271358,1.037374015862115,0.1951390059104475,166.8,0.05901906387366365,259.283940159366,0.055750157664522806,0.2168582636133609,1.6136785476,2.9940629999999997,7.441166966443326,2.312142929705626,-0.05524045163042999,166.8,0.05093424584918427,246.11928035569414,0.09405707617808973,"Mendeley belt-drive experimental dataset (DOI: 10.17632/jf8v2ndydr.1). Validated for vibration DSP, operating-condition baselining, and general anomaly detection. DOMAIN LIMITATION: Does NOT contain conveyor belt joint rupture labels."
research,mendeley_belt_drive,10.17632/jf8v2ndydr.1,CC BY 4.0,Data 150-F-0,21,3,1000.0,150.0,0.0,faulty_belt,normal_balanced,FAULTY_BELT,1000.0,10000,g (acceleration),0.17196112588852364,0.8522060867434056,1.609814816061991,4.955806623968378,0.8696519007861738,0.15852444377526936,166.8,0.05971253974217264,258.55848256440777,0.059192909202913604,0.22002755158727627,1.6402216701166703,2.98857053197796,7.454619470535075,2.2013541204032165,-0.060493026386864435,166.8,0.05044996437935723,246.20730179296166,0.09682571620164607,"Mendeley belt-drive experimental dataset (DOI: 10.17632/jf8v2ndydr.1). Validated for vibration DSP, operating-condition baselining, and general anomaly detection. DOMAIN LIMITATION: Does NOT contain conveyor belt joint rupture labels."
research,mendeley_belt_drive,10.17632/jf8v2ndydr.1,CC BY 4.0,Data 150-F-0,22,1,1100.0,150.0,0.0,faulty_belt,normal_balanced,FAULTY_BELT,1000.0,10000,g (acceleration),0.17883054254470576,1.0711132941047534,2.0012428678293492,5.989543390424968,1.1503788560662933,0.3075305587873884,466.6,0.04500227157342633,259.7974822032612,0.06397423028648182,0.254539248741207,1.7669458294231801,3.2186398648107,6.941742140598736,1.8502706608299508,-0.1717038728119459,239.5,0.03293174123289969,246.2975960385583,0.12958286327430496,"Mendeley belt-drive experimental dataset (DOI: 10.17632/jf8v2ndydr.1). Validated for vibration DSP, operating-condition baselining, and general anomaly detection. DOMAIN LIMITATION: Does NOT contain conveyor belt joint rupture labels."
research,mendeley_belt_drive,10.17632/jf8v2ndydr.1,CC BY 4.0,Data 150-F-0,23,2,1100.0,150.0,0.0,faulty_belt,normal_balanced,FAULTY_BELT,1000.0,10000,g (acceleration),0.1790926379468353,0.977151281454088,1.855850350509681,5.456121997288136,1.0511192197494674,0.31494370935797883,466.6,0.04524942475731877,260.0075065793948,0.0641510178748937,0.25482249807157675,1.794239475356391,3.2396555440325203,7.041134471778114,1.9022171524435407,-0.17403317216659456,239.5,0.0332368828324128,246.00646982959103,0.12987244479814428,"Mendeley belt-drive experimental dataset (DOI: 10.17632/jf8v2ndydr.1). Validated for vibration DSP, operating-condition baselining, and general anomaly detection. DOMAIN LIMITATION: Does NOT contain conveyor belt joint rupture labels."
research,mendeley_belt_drive,10.17632/jf8v2ndydr.1,CC BY 4.0,Data 150-F-0,24,3,1100.0,150.0,0.0,faulty_belt,normal_balanced,FAULTY_BELT,1000.0,10000,g (acceleration),0.17465272317740158,1.005067156,1.885937,5.754660664403807,1.2047729778029534,0.34530328755858597,466.6,0.04560468304419883,260.63956369682313,0.06101374107429687,0.25126071074240647,1.7483535441,3.222499,6.958324438922802,1.9954759610737947,-0.18470169297225206,239.5,0.03318048033195329,246.02121326861808,0.12626704027588745,"Mendeley belt-drive experimental dataset (DOI: 10.17632/jf8v2ndydr.1). Validated for vibration DSP, operating-condition baselining, and general anomaly detection. DOMAIN LIMITATION: Does NOT contain conveyor belt joint rupture labels."
research,mendeley_belt_drive,10.17632/jf8v2ndydr.1,CC BY 4.0,Data 150-F-0,25,1,1200.0,150.0,0.0,faulty_belt,normal_balanced,FAULTY_BELT,1000.0,10000,g (acceleration),0.1676786697009805,0.8408634026,1.5290629999999998,5.014730878408699,0.551910179994235,0.2535949787362628,199.8,0.0370211464909502,260.64173188759196,0.05623249394898078,0.2909405468270985,2.6286452488,4.568125,9.034991091709754,2.1489213461923926,-0.1788206782401996,348.0,0.03482272451860196,248.14712919779666,0.16929453359410107,"Mendeley belt-drive experimental dataset (DOI: 10.17632/jf8v2ndydr.1). Validated for vibration DSP, operating-condition baselining, and general anomaly detection. DOMAIN LIMITATION: Does NOT contain conveyor belt joint rupture labels."
research,mendeley_belt_drive,10.17632/jf8v2ndydr.1,CC BY 4.0,Data 150-F-0,26,2,1200.0,150.0,0.0,faulty_belt,normal_balanced,FAULTY_BELT,1000.0,10000,g (acceleration),0.15215475847396503,0.6067108423,1.1643750000000002,3.987458876639822,0.34243644931695494,0.11170819684021291,304.0,0.04030299132371183,260.8550775527215,0.046302148857018326,0.2795636903174501,2.3208489875,4.421718,8.301682471227325,2.0753193072026743,-0.07452531395001076,348.0,0.037486963957497975,249.27343307781652,0.15634884969611473,"Mendeley belt-drive experimental dataset (DOI: 10.17632/jf8v2ndydr.1). Validated for vibration DSP, operating-condition baselining, and general anomaly detection. DOMAIN LIMITATION: Does NOT contain conveyor belt joint rupture labels."
research,mendeley_belt_drive,10.17632/jf8v2ndydr.1,CC BY 4.0,Data 150-F-0,27,3,1200.0,150.0,0.0,faulty_belt,normal_balanced,FAULTY_BELT,1000.0,10000,g (acceleration),0.1582996568438298,0.6541516844223185,1.291382659561748,4.132363249957456,0.2759874203457042,0.08090071889458894,304.0,0.04047862205032663,259.3556459187976,0.05011899161217243,0.28162290925658834,2.3026587926890696,4.40604219429223,8.176390190583193,1.9509560761095237,-0.07826166366986693,348.0,0.03759095130306793,249.06583661422823,0.1586628450917923,"Mendeley belt-drive experimental dataset (DOI: 10.17632/jf8v2ndydr.1). Validated for vibration DSP, operating-condition baselining, and general anomaly detection. DOMAIN LIMITATION: Does NOT contain conveyor belt joint rupture labels."
research,mendeley_belt_drive,10.17632/jf8v2ndydr.1,CC BY 4.0,Data 150-F-0,28,1,1300.0,150.0,0.0,faulty_belt,normal_balanced,FAULTY_BELT,1000.0,10000,g (acceleration),0.2077897037600209,0.8835683994650666,1.651656856677123,4.252224164511595,0.19347507994040747,0.0928620681118338,340.6,0.10677196642067976,259.4499308347672,0.08636355503332621,0.3378062984899671,2.83321829142425,5.289924765040309,8.387109133515452,1.5369713051497147,-0.02320705851192724,340.6,0.06003806099853331,249.31235882826223,0.228273937004761,"Mendeley belt-drive experimental dataset (DOI: 10.17632/jf8v2ndydr.1). Validated for vibration DSP, operating-condition baselining, and general anomaly detection. DOMAIN LIMITATION: Does NOT contain conveyor belt joint rupture labels."
research,mendeley_belt_drive,10.17632/jf8v2ndydr.1,CC BY 4.0,Data 150-F-0,29,2,1300.0,150.0,0.0,faulty_belt,normal_balanced,FAULTY_BELT,1000.0,10000,g (acceleration),0.20362942731968395,0.8966829363,1.6681249999999999,4.403503698373961,0.1952117464879799,0.10757837277533983,340.6,0.10672725422838214,259.86185922521935,0.08293439447731185,0.33534762612507163,2.8467445774,5.350313,8.488936123669696,1.6140708541691167,-0.018440915338716255,340.6,0.059768027813445916,249.56659557424857,0.2249669562863371,"Mendeley belt-drive experimental dataset (DOI: 10.17632/jf8v2ndydr.1). Validated for vibration DSP, operating-condition baselining, and general anomaly detection. DOMAIN LIMITATION: Does NOT contain conveyor belt joint rupture labels."
research,mendeley_belt_drive,10.17632/jf8v2ndydr.1,CC BY 4.0,Data 150-F-0,30,3,1300.0,150.0,0.0,faulty_belt,normal_balanced,FAULTY_BELT,1000.0,10000,g (acceleration),0.20741555877548726,0.920918467597499,1.7111934005104041,4.439968115382937,0.17972632271497258,0.10237685688500898,340.6,0.10705481967670458,259.5230775226953,0.08604384366643437,0.33741340492150795,2.7928727047586612,5.37793404796432,8.277302158188895,1.5708912237859174,-0.018736679159698212,340.6,0.05964768341544738,249.6225601723794,0.22774762628270984,"Mendeley belt-drive experimental dataset (DOI: 10.17632/jf8v2ndydr.1). Validated for vibration DSP, operating-condition baselining, and general anomaly detection. DOMAIN LIMITATION: Does NOT contain conveyor belt joint rupture labels."
research,mendeley_belt_drive,10.17632/jf8v2ndydr.1,CC BY 4.0,Data 150-F-0,31,1,1400.0,150.0,0.0,faulty_belt,normal_balanced,FAULTY_BELT,1000.0,10000,g (acceleration),0.29957647765447626,1.457563678,2.8690629999999997,4.8654142989194105,0.6833755254332234,0.12006230684610796,232.9,0.10139887827209931,253.21322533246774,0.17950910453157912,0.4268727682921408,2.3228132246,4.261094,5.441464991766178,0.43169393751913177,-0.10335543875965604,232.9,0.10632141489078153,249.90358217100416,0.36444723013777286,"Mendeley belt-drive experimental dataset (DOI: 10.17632/jf8v2ndydr.1). Validated for vibration DSP, operating-condition baselining, and general anomaly detection. DOMAIN LIMITATION: Does NOT contain conveyor belt joint rupture labels."
research,mendeley_belt_drive,10.17632/jf8v2ndydr.1,CC BY 4.0,Data 150-F-0,32,2,1400.0,150.0,0.0,faulty_belt,normal_balanced,FAULTY_BELT,1000.0,10000,g (acceleration),0.3205628227087336,2.1623452446,3.5599999999999996,6.745464824424531,1.0336705454323099,0.21258945965710152,232.9,0.10273464429444948,252.6998304382798,0.2055244399446358,0.44199272408828805,2.6005202934000002,4.6640630000000005,5.883626927941344,0.611872829837786,-0.06443785410062601,232.9,0.10913409391928926,248.3110771090576,0.39072398953210663,"Mendeley belt-drive experimental dataset (DOI: 10.17632/jf8v2ndydr.1). Validated for vibration DSP, operating-condition baselining, and general anomaly detection. DOMAIN LIMITATION: Does NOT contain conveyor belt joint rupture labels."
research,mendeley_belt_drive,10.17632/jf8v2ndydr.1,CC BY 4.0,Data 150-F-0,33,3,1400.0,150.0,0.0,faulty_belt,normal_balanced,FAULTY_BELT,1000.0,10000,g (acceleration),0.3284153575333541,1.7335244681000002,3.184374,5.2784512914379835,0.8006684254823209,0.15802533027848753,232.9,0.10718924760025084,250.60299364359912,0.21571880470669905,0.4552321996625567,2.6962357315000003,4.959375,5.9227702554841235,0.7055441376767453,-0.13153423608496026,232.9,0.11360702633660807,248.95670623080218,0.4144774015219206,"Mendeley belt-drive experimental dataset (DOI: 10.17632/jf8v2ndydr.1). Validated for vibration DSP, operating-condition baselining, and general anomaly detection. DOMAIN LIMITATION: Does NOT contain conveyor belt joint rupture labels."
research,mendeley_belt_drive,10.17632/jf8v2ndydr.1,CC BY 4.0,Data 150-F-0,34,1,1500.0,150.0,0.0,faulty_belt,normal_balanced,FAULTY_BELT,1000.0,10000,g (acceleration),0.23937355749069078,1.0425569842636166,1.875770672602427,4.355355684197331,0.22184432531550957,0.06557425840445257,250.20000000000002,0.09855538229771668,257.35810981967865,0.1147962999339571,0.5043576623769893,2.52781747513269,4.7656961997478895,5.011954142263505,0.32971344090148014,-0.06574952095575791,250.20000000000002,0.1308757513715323,246.4990184593858,0.5087539717940044,"Mendeley belt-drive experimental dataset (DOI: 10.17632/jf8v2ndydr.1). Validated for vibration DSP, operating-condition baselining, and general anomaly detection. DOMAIN LIMITATION: Does NOT contain conveyor belt joint rupture labels."
research,mendeley_belt_drive,10.17632/jf8v2ndydr.1,CC BY 4.0,Data 150-F-0,35,2,1500.0,150.0,0.0,faulty_belt,normal_balanced,FAULTY_BELT,1000.0,10000,g (acceleration),0.2392829021318067,1.080555714899234,1.984462166117377,4.515808297510619,0.1985658021711445,0.07252282558255155,250.20000000000002,0.0988424038413875,257.6548687371304,0.11465641961710485,0.5044274382708177,2.5048658545645885,4.79479923659435,4.9657605128525395,0.3447901743353956,-0.0704649530776645,250.20000000000002,0.13078569004615515,246.51443842532342,0.5088943466369378,"Mendeley belt-drive experimental dataset (DOI: 10.17632/jf8v2ndydr.1). Validated for vibration DSP, operating-condition baselining, and general anomaly detection. DOMAIN LIMITATION: Does NOT contain conveyor belt joint rupture labels."
research,mendeley_belt_drive,10.17632/jf8v2ndydr.1,CC BY 4.0,Data 150-F-0,36,3,1500.0,150.0,0.0,faulty_belt,normal_balanced,FAULTY_BELT,1000.0,10000,g (acceleration),0.23567833906279526,1.0210092145,1.8487500000000001,4.332214910204189,0.19869080040834275,0.06947542162231912,250.20000000000002,0.0982319397705757,257.46559538600167,0.1112556166846169,0.5026040175715617,2.4835055298,4.777656,4.941276716806971,0.3545179168716386,-0.06974613829348883,250.20000000000002,0.13012264132948526,246.41958756489643,0.5052219491301092,"Mendeley belt-drive experimental dataset (DOI: 10.17632/jf8v2ndydr.1). Validated for vibration DSP, operating-condition baselining, and general anomaly detection. DOMAIN LIMITATION: Does NOT contain conveyor belt joint rupture labels."
research,mendeley_belt_drive,10.17632/jf8v2ndydr.1,CC BY 4.0,Data 150-F-0,37,1,1600.0,150.0,0.0,faulty_belt,normal_balanced,FAULTY_BELT,1000.0,10000,g (acceleration),0.2840254751778205,2.2554625590043464,3.85650108882276,7.941057250559175,1.8494379327315391,0.19269177591897524,232.5,0.06888884126008653,258.57804524336416,0.161341221742915,0.5703115412691288,3.18680209991817,5.57248023810381,5.5878267741636405,0.30440008162316756,-0.006959524481559578,267.1,0.08331361212274639,248.4528306798698,0.650528968234636,"Mendeley belt-drive experimental dataset (DOI: 10.17632/jf8v2ndydr.1). Validated for vibration DSP, operating-condition baselining, and general anomaly detection. DOMAIN LIMITATION: Does NOT contain conveyor belt joint rupture labels."
research,mendeley_belt_drive,10.17632/jf8v2ndydr.1,CC BY 4.0,Data 150-F-0,38,2,1600.0,150.0,0.0,faulty_belt,normal_balanced,FAULTY_BELT,1000.0,10000,g (acceleration),0.3041054347105798,2.8027395952000003,4.285001,9.216341687110576,2.1146456792508985,0.3947174051337737,232.5,0.06175771074535747,259.2869427673696,0.18496264137533575,0.5780680175316794,3.1174517282,6.043906,5.392880480590083,0.3534401921036321,-0.018535047430166252,232.5,0.07270790419988264,249.20127609727683,0.6683484902538357,"Mendeley belt-drive experimental dataset (DOI: 10.17632/jf8v2ndydr.1). Validated for vibration DSP, operating-condition baselining, and general anomaly detection. DOMAIN LIMITATION: Does NOT contain conveyor belt joint rupture labels."
research,mendeley_belt_drive,10.17632/jf8v2ndydr.1,CC BY 4.0,Data 150-F-0,39,3,1600.0,150.0,0.0,faulty_belt,normal_balanced,FAULTY_BELT,1000.0,10000,g (acceleration),0.28109572135927147,2.2306078703999996,3.8175,7.935403141725646,1.8951739901547695,0.2008564180921309,232.5,0.0692946453014562,258.75193319251997,0.1580299423678651,0.569248305331067,3.1772233136,5.500313,5.58143657845792,0.30214311248740167,-0.0006876008907984445,267.1,0.08381382647877368,248.3570531864707,0.6481077034279454,"Mendeley belt-drive experimental dataset (DOI: 10.17632/jf8v2ndydr.1). Validated for vibration DSP, operating-condition baselining, and general anomaly detection. DOMAIN LIMITATION: Does NOT contain conveyor belt joint rupture labels."
research,mendeley_belt_drive,10.17632/jf8v2ndydr.1,CC BY 4.0,Data 150-F-0,40,1,1700.0,150.0,0.0,faulty_belt,normal_balanced,FAULTY_BELT,1000.0,10000,g (acceleration),0.2775474851548666,1.5299966884,3.0543750000000003,5.512558283661943,0.5206898665429964,0.11963777957852517,283.6,0.0895231849109624,257.77957444442495,0.15409948087567446,0.6264496737420437,3.1025750001,5.476094,4.952632478147898,0.10856796373704958,-0.038936586890185275,283.6,0.1294148391863685,249.88857106146037,0.7849286678289534,"Mendeley belt-drive experimental dataset (DOI: 10.17632/jf8v2ndydr.1). Validated for vibration DSP, operating-condition baselining, and general anomaly detection. DOMAIN LIMITATION: Does NOT contain conveyor belt joint rupture labels."
research,mendeley_belt_drive,10.17632/jf8v2ndydr.1,CC BY 4.0,Data 150-F-0,41,2,1700.0,150.0,0.0,faulty_belt,normal_balanced,FAULTY_BELT,1000.0,10000,g (acceleration),0.284290277086609,1.5367307816,2.763749,5.405498905373522,0.6416389209083877,0.22402357069997297,283.6,0.09807360201847633,260.1965979179968,0.1616819952692628,0.6212179299144013,2.8321620955,5.111563,4.559047572709707,0.23240636217239086,-0.08763736721630952,283.6,0.11893741256806512,249.40481411282664,0.7720663894252024,"Mendeley belt-drive experimental dataset (DOI: 10.17632/jf8v2ndydr.1). Validated for vibration DSP, operating-condition baselining, and general anomaly detection. DOMAIN LIMITATION: Does NOT contain conveyor belt joint rupture labels."
research,mendeley_belt_drive,10.17632/jf8v2ndydr.1,CC BY 4.0,Data 150-F-0,42,3,1700.0,150.0,0.0,faulty_belt,normal_balanced,FAULTY_BELT,1000.0,10000,g (acceleration),0.2852700387041711,1.617005282,2.7268749999999997,5.6683319753633725,0.4039623153850913,0.16892949645722025,283.6,0.0987957492117632,258.6860284374591,0.16276929881371804,0.625256473301744,2.9478762527,5.282813,4.7146673062549445,0.24985701511524905,-0.07639543320563819,283.6,0.11460230836669388,248.02762767789432,0.7820880880326593,"Mendeley belt-drive experimental dataset (DOI: 10.17632/jf8v2ndydr.1). Validated for vibration DSP, operating-condition baselining, and general anomaly detection. DOMAIN LIMITATION: Does NOT contain conveyor belt joint rupture labels."
research,mendeley_belt_drive,10.17632/jf8v2ndydr.1,CC BY 4.0,Data 150-F-0,43,1,1800.0,150.0,0.0,faulty_belt,normal_balanced,FAULTY_BELT,1000.0,10000,g (acceleration),0.34028991888582105,1.4476314045,2.717187,4.254111932671535,0.3348054277418906,0.1144652179637164,300.1,0.07209989008393798,259.19458890683944,0.2319131836798911,0.6619833395239576,2.5862462036,5.002187,3.9068146419814878,0.055139896535836286,-0.08231703367182928,300.1,0.10060459204467977,248.06185179112936,0.8764558605814071,"Mendeley belt-drive experimental dataset (DOI: 10.17632/jf8v2ndydr.1). Validated for vibration DSP, operating-condition baselining, and general anomaly detection. DOMAIN LIMITATION: Does NOT contain conveyor belt joint rupture labels."
research,mendeley_belt_drive,10.17632/jf8v2ndydr.1,CC BY 4.0,Data 150-F-0,44,2,1800.0,150.0,0.0,faulty_belt,normal_balanced,FAULTY_BELT,1000.0,10000,g (acceleration),0.3527812302532558,1.7823267128,3.05875,5.052215253970561,0.4147259493568245,0.09896863038326062,300.1,0.08304071637258613,259.2562790225966,0.24897537323359842,0.6757489892325609,3.2567911284999997,5.93125,4.81952793181192,0.2521282548608541,-0.028877069945509152,300.1,0.10513749106467449,247.17780749766607,0.9133117309859874,"Mendeley belt-drive experimental dataset (DOI: 10.17632/jf8v2ndydr.1). Validated for vibration DSP, operating-condition baselining, and general anomaly detection. DOMAIN LIMITATION: Does NOT contain conveyor belt joint rupture labels."
research,mendeley_belt_drive,10.17632/jf8v2ndydr.1,CC BY 4.0,Data 150-F-0,45,3,1800.0,150.0,0.0,faulty_belt,normal_balanced,FAULTY_BELT,1000.0,10000,g (acceleration),0.3767434576930591,1.568533281,3.0975,4.163398856624386,0.4760336298896002,0.17050811994758971,300.1,0.08199015976078021,262.921434397676,0.2848401163421831,0.6832923538004803,3.6164932348,7.124219,5.29274653036145,0.2868117836251671,-0.0442989764597607,300.1,0.09170577304612648,247.19511324102697,0.9338904098757361,"Mendeley belt-drive experimental dataset (DOI: 10.17632/jf8v2ndydr.1). Validated for vibration DSP, operating-condition baselining, and general anomaly detection. DOMAIN LIMITATION: Does NOT contain conveyor belt joint rupture labels."
research,mendeley_belt_drive,10.17632/jf8v2ndydr.1,CC BY 4.0,Data 150-F-0,46,1,1900.0,150.0,0.0,faulty_belt,normal_balanced,FAULTY_BELT,1000.0,10000,g (acceleration),0.31690160660344807,1.3695937140999999,2.608751,4.321826351022033,0.29681572977480375,0.11735776768511495,316.70000000000005,0.1064371298162227,256.40709895864893,0.20085666142016684,0.69850064588444,5.1224393746,7.776249999999999,7.333478365097255,0.4084939389281672,-0.10838489165023833,316.70000000000005,0.12286122632931411,249.74199246009564,0.976566926598852,"Mendeley belt-drive experimental dataset (DOI: 10.17632/jf8v2ndydr.1). Validated for vibration DSP, operating-condition baselining, and general anomaly detection. DOMAIN LIMITATION: Does NOT contain conveyor belt joint rupture labels."
research,mendeley_belt_drive,10.17632/jf8v2ndydr.1,CC BY 4.0,Data 150-F-0,47,2,1900.0,150.0,0.0,faulty_belt,normal_balanced,FAULTY_BELT,1000.0,10000,g (acceleration),0.3459690159648929,1.5696809051,3.050312,4.537056304658458,0.48264163181009545,0.16780489573715987,316.70000000000005,0.10936949170274915,258.2555179308417,0.23941595375418484,0.7120848552328131,3.2490529897,6.3123439999999995,4.562732890362815,0.173763108598032,0.014385657833511211,316.70000000000005,0.13216484200995446,247.5998848580856,1.0141667909217404,"Mendeley belt-drive experimental dataset (DOI: 10.17632/jf8v2ndydr.1). Validated for vibration DSP, operating-condition baselining, and general anomaly detection. DOMAIN LIMITATION: Does NOT contain conveyor belt joint rupture labels."
research,mendeley_belt_drive,10.17632/jf8v2ndydr.1,CC BY 4.0,Data 150-F-0,48,3,1900.0,150.0,0.0,faulty_belt,normal_balanced,FAULTY_BELT,1000.0,10000,g (acceleration),0.31909509372328543,1.3346954706,2.638125,4.182751464544386,0.1630255600718491,0.05124012970582802,316.70000000000005,0.10562154765038831,256.58482964710106,0.20364485901327967,0.6978778522778603,2.9150096558,5.51125,4.176962553383036,0.056274400284544335,-0.017142369798078965,316.70000000000005,0.10265457599827593,248.6148624190621,0.9740734810644229,"Mendeley belt-drive experimental dataset (DOI: 10.17632/jf8v2ndydr.1). Validated for vibration DSP, operating-condition baselining, and general anomaly detection. DOMAIN LIMITATION: Does NOT contain conveyor belt joint rupture labels."
research,mendeley_belt_drive,10.17632/jf8v2ndydr.1,CC BY 4.0,Data 150-F-0,49,1,2000.0,150.0,0.0,faulty_belt,normal_balanced,FAULTY_BELT,1000.0,10000,g (acceleration),0.3975415118795852,1.9207402799,3.4856249999999998,4.831546448617899,0.2905485025411654,0.18749778479147755,333.20000000000005,0.13191000749611376,257.24582588704124,0.3160790801203998,0.7588258000650516,3.2316394094,6.183282,4.2587368657246,0.14887032421263502,-0.04979717077719881,333.20000000000005,0.12382018506681211,247.6461211643593,1.151755932687922,"Mendeley belt-drive experimental dataset (DOI: 10.17632/jf8v2ndydr.1). Validated for vibration DSP, operating-condition baselining, and general anomaly detection. DOMAIN LIMITATION: Does NOT contain conveyor belt joint rupture labels."
research,mendeley_belt_drive,10.17632/jf8v2ndydr.1,CC BY 4.0,Data 150-F-0,50,2,2000.0,150.0,0.0,faulty_belt,normal_balanced,FAULTY_BELT,1000.0,10000,g (acceleration),0.3734676597187578,1.873480842,3.48875,5.016447323473301,0.39315232445260895,0.2001491138451664,333.20000000000005,0.23352452692487435,254.73035076171064,0.2789644505657751,0.7548460910988201,3.3128880154,6.417968999999999,4.38882582087359,0.1323249538911453,-0.01393621793408937,333.20000000000005,0.21208451095021577,248.06883742009512,1.1395885243589476,"Mendeley belt-drive experimental dataset (DOI: 10.17632/jf8v2ndydr.1). Validated for vibration DSP, operating-condition baselining, and general anomaly detection. DOMAIN LIMITATION: Does NOT contain conveyor belt joint rupture labels."
research,mendeley_belt_drive,10.17632/jf8v2ndydr.1,CC BY 4.0,Data 150-F-0,51,3,2000.0,150.0,0.0,faulty_belt,normal_balanced,FAULTY_BELT,1000.0,10000,g (acceleration),0.37888291290068177,1.6630405618000001,2.934062,4.389325844937062,0.15436838791216445,0.17856442695431782,333.20000000000005,0.2191430010462696,254.6332115480866,0.28714617216994454,0.7376291573124878,3.7670551059,7.198907,5.1069769525177975,0.23089126922083247,-0.03926708118600723,333.20000000000005,0.21426515857629605,247.87027120338627,1.0883358960844864,"Mendeley belt-drive experimental dataset (DOI: 10.17632/jf8v2ndydr.1). Validated for vibration DSP, operating-condition baselining, and general anomaly detection. DOMAIN LIMITATION: Does NOT contain conveyor belt joint rupture labels."
research,mendeley_belt_drive,10.17632/jf8v2ndydr.1,CC BY 4.0,Data 150-H-U,1,1,400.0,150.0,2.2,healthy,unbalanced_load,UNBALANCED,1000.0,10000,g (acceleration),0.07382735188402863,0.5951650273753355,1.10209411496495,8.06157897022025,2.417803408788145,0.26912303393386494,330.20000000000005,0.006391801546675697,257.56021157831054,0.010903460973918883,0.0811844532110171,0.7712639728070843,1.5230349142902528,9.500143713506224,3.5255431452999346,-0.175667072607833,407.8,0.007951536061934631,244.82322743294188,0.013181886153515687,"Mendeley belt-drive experimental dataset (DOI: 10.17632/jf8v2ndydr.1). Validated for vibration DSP, operating-condition baselining, and general anomaly detection. DOMAIN LIMITATION: Does NOT contain conveyor belt joint rupture labels."
research,mendeley_belt_drive,10.17632/jf8v2ndydr.1,CC BY 4.0,Data 150-H-U,2,2,400.0,150.0,2.2,healthy,unbalanced_load,UNBALANCED,1000.0,10000,g (acceleration),0.06152241277387108,0.524984585,1.0340630000000002,8.533224906663023,4.703790376605357,0.4653220678507961,349.5,0.006098115464683346,261.4093737222587,0.007570240894988549,0.07123465817563403,0.7511380817,1.471563,10.544559361091009,6.106669954991855,-0.29494667283191234,407.8,0.007717164702182536,244.27701774000167,0.010148753168576333,"Mendeley belt-drive experimental dataset (DOI: 10.17632/jf8v2ndydr.1). Validated for vibration DSP, operating-condition baselining, and general anomaly detection. DOMAIN LIMITATION: Does NOT contain conveyor belt joint rupture labels."
research,mendeley_belt_drive,10.17632/jf8v2ndydr.1,CC BY 4.0,Data 150-H-U,3,3,400.0,150.0,2.2,healthy,unbalanced_load,UNBALANCED,1000.0,10000,g (acceleration),0.07375384022275719,0.585501601310376,1.081245839751252,7.938591394590406,2.132817877071923,0.24686551030643047,349.5,0.006104338767596387,257.272377843469,0.010879467148490186,0.081667525120762,0.789583958278786,1.505663629056827,9.668273369509189,3.2457783549658297,-0.13966175088737515,407.8,0.007819853178549163,246.59385975866516,0.013339173827897061,"Mendeley belt-drive experimental dataset (DOI: 10.17632/jf8v2ndydr.1). Validated for vibration DSP, operating-condition baselining, and general anomaly detection. DOMAIN LIMITATION: Does NOT contain conveyor belt joint rupture labels."
research,mendeley_belt_drive,10.17632/jf8v2ndydr.1,CC BY 4.0,Data 150-H-U,4,1,500.0,150.0,2.2,healthy,unbalanced_load,UNBALANCED,1000.0,10000,g (acceleration),0.0836547483604481,0.5426022942862146,0.8909738673785571,6.48621034574478,0.9284745650192119,0.17456220648947873,167.4,0.011457366046067124,256.29925323278883,0.013996462037664229,0.09382027265093315,0.7949218900979672,1.5318906573153002,8.472815817275935,4.062883552992113,-0.1974772560057285,89.4,0.010919938304051182,245.05778677979862,0.017605022161657238,"Mendeley belt-drive experimental dataset (DOI: 10.17632/jf8v2ndydr.1). Validated for vibration DSP, operating-condition baselining, and general anomaly detection. DOMAIN LIMITATION: Does NOT contain conveyor belt joint rupture labels."
research,mendeley_belt_drive,10.17632/jf8v2ndydr.1,CC BY 4.0,Data 150-H-U,5,2,500.0,150.0,2.2,healthy,unbalanced_load,UNBALANCED,1000.0,10000,g (acceleration),0.07288684203262073,0.4995716685,0.853126,6.854072073480905,1.5195851664110354,0.2984268833179892,167.4,0.010972132192824443,258.55340921262626,0.01062537953778243,0.08486993402374389,0.7905336859,1.5575,9.31464946913749,5.914409914096458,-0.2378626837910831,89.4,0.011292773526269928,244.27292388159398,0.014406724769067028,"Mendeley belt-drive experimental dataset (DOI: 10.17632/jf8v2ndydr.1). Validated for vibration DSP, operating-condition baselining, and general anomaly detection. DOMAIN LIMITATION: Does NOT contain conveyor belt joint rupture labels."
research,mendeley_belt_drive,10.17632/jf8v2ndydr.1,CC BY 4.0,Data 150-H-U,6,3,500.0,150.0,2.2,healthy,unbalanced_load,UNBALANCED,1000.0,10000,g (acceleration),0.08231307347989127,0.5005923872839909,0.8319190235534779,6.081565978778372,0.9236231563253994,0.22468805831423272,167.4,0.010530498311701334,256.5014828675501,0.01355332563564576,0.09420524776105246,0.8002733590860289,1.562574732667918,8.494997657836299,3.847301292720692,-0.1426165611421897,89.4,0.011082124954446458,245.00846407970198,0.01775032595803854,"Mendeley belt-drive experimental dataset (DOI: 10.17632/jf8v2ndydr.1). Validated for vibration DSP, operating-condition baselining, and general anomaly detection. DOMAIN LIMITATION: Does NOT contain conveyor belt joint rupture labels."
research,mendeley_belt_drive,10.17632/jf8v2ndydr.1,CC BY 4.0,Data 150-H-U,7,1,600.0,150.0,2.2,healthy,unbalanced_load,UNBALANCED,1000.0,10000,g (acceleration),0.10548396137727596,0.4255433773717476,0.814993981388894,4.034199814033728,0.1404818203143159,0.01268678752259936,303.5,0.023393735936892965,261.03114932194467,0.022260707540900516,0.12042075073595364,1.1501032117049197,2.2842224251271803,9.550706208656255,5.940625613327136,-0.06442542603698949,98.30000000000001,0.016850364427999004,247.75688260086682,0.02900236144133672,"Mendeley belt-drive experimental dataset (DOI: 10.17632/jf8v2ndydr.1). Validated for vibration DSP, operating-condition baselining, and general anomaly detection. DOMAIN LIMITATION: Does NOT contain conveyor belt joint rupture labels."
research,mendeley_belt_drive,10.17632/jf8v2ndydr.1,CC BY 4.0,Data 150-H-U,8,2,600.0,150.0,2.2,healthy,unbalanced_load,UNBALANCED,1000.0,10000,g (acceleration),0.09684538741870152,0.4149506158,0.7984370000000001,4.284670926102053,0.23645260343980734,0.024460630640739542,303.5,0.022851601893234662,262.83680743182356,0.018760411473722427,0.11380038772595664,1.1698162805999999,2.337968,10.279545649853505,7.877827631128232,-0.14941421056662352,98.30000000000001,0.01751311419161655,247.516231907525,0.02590105654766546,"Mendeley belt-drive experimental dataset (DOI: 10.17632/jf8v2ndydr.1). Validated for vibration DSP, operating-condition baselining, and general anomaly detection. DOMAIN LIMITATION: Does NOT contain conveyor belt joint rupture labels."
research,mendeley_belt_drive,10.17632/jf8v2ndydr.1,CC BY 4.0,Data 150-H-U,9,3,600.0,150.0,2.2,healthy,unbalanced_load,UNBALANCED,1000.0,10000,g (acceleration),0.10464195023125289,0.41668462460379896,0.82435864154422,3.9820036198001767,0.1275347201521444,0.007772804689013761,303.5,0.022776085163654345,259.734666008867,0.021900236528124804,0.12027441911458527,1.161734322173069,2.25094266345147,9.659030829043425,6.021885603341607,-0.10068584566671254,98.30000000000001,0.01764670891094757,247.73336112892437,0.028931879077492617,"Mendeley belt-drive experimental dataset (DOI: 10.17632/jf8v2ndydr.1). Validated for vibration DSP, operating-condition baselining, and general anomaly detection. DOMAIN LIMITATION: Does NOT contain conveyor belt joint rupture labels."
research,mendeley_belt_drive,10.17632/jf8v2ndydr.1,CC BY 4.0,Data 150-H-U,10,1,700.0,150.0,2.2,healthy,unbalanced_load,UNBALANCED,1000.0,10000,g (acceleration),0.15428412834174235,1.6959779455657267,2.594258164336033,10.99256264266602,4.348042048087692,0.5305634952158689,286.6,0.02417995752225758,259.80487224780353,0.0476071867610601,0.15433277676629686,1.1556027605840398,2.2857798223279797,7.4877338747941184,2.640300054782071,0.061317447837036756,125.2,0.0448870090432014,243.3337295311874,0.04763861652809401,"Mendeley belt-drive experimental dataset (DOI: 10.17632/jf8v2ndydr.1). Validated for vibration DSP, operating-condition baselining, and general anomaly detection. DOMAIN LIMITATION: Does NOT contain conveyor belt joint rupture labels."
research,mendeley_belt_drive,10.17632/jf8v2ndydr.1,CC BY 4.0,Data 150-H-U,11,2,700.0,150.0,2.2,healthy,unbalanced_load,UNBALANCED,1000.0,10000,g (acceleration),0.1485890718049359,1.7184632133,2.618125,11.565205922787891,5.19724413521714,0.5742031527816254,286.6,0.024983871626000225,261.5316746979818,0.044158757161127715,0.14906228235053376,1.1340503280999998,2.224218,7.607895909128612,3.0448918010640567,0.0514207928794966,125.2,0.04535579279760822,243.16002528983583,0.04444111438608099,"Mendeley belt-drive experimental dataset (DOI: 10.17632/jf8v2ndydr.1). Validated for vibration DSP, operating-condition baselining, and general anomaly detection. DOMAIN LIMITATION: Does NOT contain conveyor belt joint rupture labels."
research,mendeley_belt_drive,10.17632/jf8v2ndydr.1,CC BY 4.0,Data 150-H-U,12,3,700.0,150.0,2.2,healthy,unbalanced_load,UNBALANCED,1000.0,10000,g (acceleration),0.15430178840888922,1.757861304659614,2.651637793088705,11.392358590176553,4.561780209464241,0.5319518433346204,286.6,0.02425126292689603,261.44815257827366,0.047622441900295416,0.15485935979281054,1.164355646328941,2.3230265999876,7.5187941360906825,2.6313039390866964,0.06288237622124371,125.2,0.04534379321101373,243.69659919995735,0.04796505493403684,"Mendeley belt-drive experimental dataset (DOI: 10.17632/jf8v2ndydr.1). Validated for vibration DSP, operating-condition baselining, and general anomaly detection. DOMAIN LIMITATION: Does NOT contain conveyor belt joint rupture labels."
research,mendeley_belt_drive,10.17632/jf8v2ndydr.1,CC BY 4.0,Data 150-H-U,13,1,800.0,150.0,2.2,healthy,unbalanced_load,UNBALANCED,1000.0,10000,g (acceleration),0.16246114051923438,0.8074488046,1.472188,4.970104247817977,0.5445490707299179,0.17134959090798307,302.3,0.032308992124325746,266.38149262448144,0.05278819932349045,0.16190466621352337,1.6844839101,3.227812,10.404171476308571,5.995826775675569,-0.10633738284505496,269.3,0.028624214464952336,249.0580870872469,0.05246871263062966,"Mendeley belt-drive experimental dataset (DOI: 10.17632/jf8v2ndydr.1). Validated for vibration DSP, operating-condition baselining, and general anomaly detection. DOMAIN LIMITATION: Does NOT contain conveyor belt joint rupture labels."
research,mendeley_belt_drive,10.17632/jf8v2ndydr.1,CC BY 4.0,Data 150-H-U,14,2,800.0,150.0,2.2,healthy,unbalanced_load,UNBALANCED,1000.0,10000,g (acceleration),0.16736801921856945,0.8083244185774635,1.463898070299724,4.829622901385094,0.49801447739431426,0.1489624324299333,302.3,0.03265178888254872,265.2770868430503,0.056024124562046876,0.16665515472422357,1.6921956486642697,3.2595681288218303,10.153875236949432,5.432890946169655,-0.10015421945039024,269.3,0.030134635645603966,249.09149811095796,0.055593324910551155,"Mendeley belt-drive experimental dataset (DOI: 10.17632/jf8v2ndydr.1). Validated for vibration DSP, operating-condition baselining, and general anomaly detection. DOMAIN LIMITATION: Does NOT contain conveyor belt joint rupture labels."
research,mendeley_belt_drive,10.17632/jf8v2ndydr.1,CC BY 4.0,Data 150-H-U,15,3,800.0,150.0,2.2,healthy,unbalanced_load,UNBALANCED,1000.0,10000,g (acceleration),0.1675155447618913,0.82739241706069,1.4869237941400488,4.939197841231726,0.49079761917311515,0.14751519419047907,302.3,0.032860735245433814,265.2709334715113,0.056126565201447993,0.16677931498157705,1.6626768610511689,3.26403559619341,9.96932300168539,5.367438369624562,-0.09976054370842055,269.3,0.028441683558327754,249.19779203070004,0.05567213995741858,"Mendeley belt-drive experimental dataset (DOI: 10.17632/jf8v2ndydr.1). Validated for vibration DSP, operating-condition baselining, and general anomaly detection. DOMAIN LIMITATION: Does NOT contain conveyor belt joint rupture labels."
research,mendeley_belt_drive,10.17632/jf8v2ndydr.1,CC BY 4.0,Data 150-H-U,16,1,900.0,150.0,2.2,healthy,unbalanced_load,UNBALANCED,1000.0,10000,g (acceleration),0.15069844514579253,0.6854599742999999,1.271876,4.548553726860651,0.20096294650992208,0.051283933593302945,150.20000000000002,0.04690653001981694,256.79471263101277,0.04544455986791181,0.19002516491750845,1.7844447152,3.158124,9.39057053824762,4.306487378507991,-0.011269840237428896,150.20000000000002,0.0372112476525404,246.89625143218382,0.07222269706602163,"Mendeley belt-drive experimental dataset (DOI: 10.17632/jf8v2ndydr.1). Validated for vibration DSP, operating-condition baselining, and general anomaly detection. DOMAIN LIMITATION: Does NOT contain conveyor belt joint rupture labels."
research,mendeley_belt_drive,10.17632/jf8v2ndydr.1,CC BY 4.0,Data 150-H-U,17,2,900.0,150.0,2.2,healthy,unbalanced_load,UNBALANCED,1000.0,10000,g (acceleration),0.1561425246140345,0.6461314768582025,1.227133078537968,4.138087804429714,0.16367731854220846,0.07135182685892091,150.20000000000002,0.04780044100520913,256.489207124681,0.04877575582019475,0.19388128241135166,1.8482943211224796,3.1712700190841696,9.533124075386572,3.993069116018245,0.020723600683478022,150.20000000000002,0.03634957580142295,246.70907073795917,0.07518437150560985,"Mendeley belt-drive experimental dataset (DOI: 10.17632/jf8v2ndydr.1). Validated for vibration DSP, operating-condition baselining, and general anomaly detection. DOMAIN LIMITATION: Does NOT contain conveyor belt joint rupture labels."
research,mendeley_belt_drive,10.17632/jf8v2ndydr.1,CC BY 4.0,Data 150-H-U,18,3,900.0,150.0,2.2,healthy,unbalanced_load,UNBALANCED,1000.0,10000,g (acceleration),0.15624330654602508,0.6920006882645959,1.300975212627573,4.428994134611143,0.1276565872051023,0.02117780684722811,150.20000000000002,0.046941922840226524,256.09202250597036,0.048858571139297646,0.1943114236114565,1.766832532300779,3.2140220004013598,9.092787750007547,3.9212049475095077,-0.004782464749501817,150.20000000000002,0.03755968354204954,246.72743526227322,0.07551714045441689,"Mendeley belt-drive experimental dataset (DOI: 10.17632/jf8v2ndydr.1). Validated for vibration DSP, operating-condition baselining, and general anomaly detection. DOMAIN LIMITATION: Does NOT contain conveyor belt joint rupture labels."
research,mendeley_belt_drive,10.17632/jf8v2ndydr.1,CC BY 4.0,Data 150-H-U,19,1,1000.0,150.0,2.2,healthy,unbalanced_load,UNBALANCED,1000.0,10000,g (acceleration),0.17785431342498892,0.8408141005,1.630626,4.7275440460690215,0.4540785460111607,0.0524518546642915,166.8,0.06068923604990367,261.7825634043109,0.06327095051336157,0.23613836422237272,2.1074828889000004,3.9967190000000006,8.924779740217785,2.8936840450203105,-0.1542972409627976,166.8,0.03965093662601711,247.31332231634093,0.1115239054281944,"Mendeley belt-drive experimental dataset (DOI: 10.17632/jf8v2ndydr.1). Validated for vibration DSP, operating-condition baselining, and general anomaly detection. DOMAIN LIMITATION: Does NOT contain conveyor belt joint rupture labels."
research,mendeley_belt_drive,10.17632/jf8v2ndydr.1,CC BY 4.0,Data 150-H-U,20,2,1000.0,150.0,2.2,healthy,unbalanced_load,UNBALANCED,1000.0,10000,g (acceleration),0.1824603437897734,0.9063116603236905,1.732760000098162,4.967170627322296,0.45749968123798235,0.06482115019014127,166.8,0.0605973891598882,261.03300760598387,0.06658571265101881,0.2387622535314865,2.0687891710597603,3.90210959967938,8.664640831876472,2.674310791765783,-0.14749507492091954,166.8,0.0390055620561557,247.87116036346544,0.11401663069097187,"Mendeley belt-drive experimental dataset (DOI: 10.17632/jf8v2ndydr.1). Validated for vibration DSP, operating-condition baselining, and general anomaly detection. DOMAIN LIMITATION: Does NOT contain conveyor belt joint rupture labels."
research,mendeley_belt_drive,10.17632/jf8v2ndydr.1,CC BY 4.0,Data 150-H-U,21,3,1000.0,150.0,2.2,healthy,unbalanced_load,UNBALANCED,1000.0,10000,g (acceleration),0.18290346435415394,0.8054381563265249,1.605918518929544,4.403624388256332,0.42668452841325744,0.04874229559755919,166.8,0.060110945491034726,260.3452122952873,0.06691967058651316,0.23947886039410374,2.1012029159254513,4.0066725917954304,8.774064284703709,2.7429512321408476,-0.14874327046114624,166.8,0.0392128121956137,247.14437716558874,0.11470133203697944,"Mendeley belt-drive experimental dataset (DOI: 10.17632/jf8v2ndydr.1). Validated for vibration DSP, operating-condition baselining, and general anomaly detection. DOMAIN LIMITATION: Does NOT contain conveyor belt joint rupture labels."
research,mendeley_belt_drive,10.17632/jf8v2ndydr.1,CC BY 4.0,Data 150-H-U,22,1,1100.0,150.0,2.2,healthy,unbalanced_load,UNBALANCED,1000.0,10000,g (acceleration),0.18372571944845617,0.7608899673,1.4962499999999999,4.1414450278610335,0.27204848832006956,0.028612824888301833,464.70000000000005,0.02210761167159931,260.61769056995604,0.06751029036640196,0.2859274143389828,2.0900700123,3.719219,7.309792302119399,1.2143650069297243,-0.11232221791318263,86.60000000000001,0.0351995059142266,247.4643900673534,0.16351685929597926,"Mendeley belt-drive experimental dataset (DOI: 10.17632/jf8v2ndydr.1). Validated for vibration DSP, operating-condition baselining, and general anomaly detection. DOMAIN LIMITATION: Does NOT contain conveyor belt joint rupture labels."
research,mendeley_belt_drive,10.17632/jf8v2ndydr.1,CC BY 4.0,Data 150-H-U,23,2,1100.0,150.0,2.2,healthy,unbalanced_load,UNBALANCED,1000.0,10000,g (acceleration),0.17981827319703134,0.8722211,1.7253129999999999,4.8505698808723725,0.36125933134488264,0.11351057079642034,466.40000000000003,0.027947957403145308,261.0250863870142,0.06466983044295195,0.288239925211434,2.2339791745,3.683125,7.7504154667723375,1.3831007431954099,-0.06501499211462831,86.60000000000001,0.034890865236247647,245.7294147463523,0.16617328452723737,"Mendeley belt-drive experimental dataset (DOI: 10.17632/jf8v2ndydr.1). Validated for vibration DSP, operating-condition baselining, and general anomaly detection. DOMAIN LIMITATION: Does NOT contain conveyor belt joint rupture labels."
research,mendeley_belt_drive,10.17632/jf8v2ndydr.1,CC BY 4.0,Data 150-H-U,24,3,1100.0,150.0,2.2,healthy,unbalanced_load,UNBALANCED,1000.0,10000,g (acceleration),0.18448454041954024,0.8403186278680244,1.67938127475356,4.554954176415205,0.3144075034352749,0.10952978139937938,466.40000000000003,0.02794009920442478,259.7511311770478,0.06806919854849627,0.291014602839359,2.2354164971259403,3.7014096363122,7.681458165038878,1.3180872854669126,-0.06817199164729652,86.60000000000001,0.0345468180341927,245.95490395880702,0.16938649542838805,"Mendeley belt-drive experimental dataset (DOI: 10.17632/jf8v2ndydr.1). Validated for vibration DSP, operating-condition baselining, and general anomaly detection. DOMAIN LIMITATION: Does NOT contain conveyor belt joint rupture labels."
research,mendeley_belt_drive,10.17632/jf8v2ndydr.1,CC BY 4.0,Data 150-H-U,25,1,1200.0,150.0,2.2,healthy,unbalanced_load,UNBALANCED,1000.0,10000,g (acceleration),0.21516906416840154,1.1487450300000002,2.154062,5.338801999440485,0.4194105022958148,0.03848672147362434,199.9,0.047502196605211836,256.5138202056279,0.09259564497328397,0.3496043006658445,2.3414072498,4.490313,6.697306770370488,1.3250750988949243,-0.02852239998713049,199.9,0.04115043893163107,248.74689364241837,0.24444814073996618,"Mendeley belt-drive experimental dataset (DOI: 10.17632/jf8v2ndydr.1). Validated for vibration DSP, operating-condition baselining, and general anomaly detection. DOMAIN LIMITATION: Does NOT contain conveyor belt joint rupture labels."
research,mendeley_belt_drive,10.17632/jf8v2ndydr.1,CC BY 4.0,Data 150-H-U,26,2,1200.0,150.0,2.2,healthy,unbalanced_load,UNBALANCED,1000.0,10000,g (acceleration),0.21919953302459347,1.1809137505318865,2.20627142874404,5.387391725872846,0.37070923283782475,0.0393872174233657,199.9,0.04737577859791346,256.5946658068236,0.09609731695942951,0.35129009322520577,2.2838807247890798,4.334626447070191,6.5014094300829735,1.2952635192200823,-0.02494166612211182,199.9,0.04149101248207748,249.00606646568212,0.2468119189327455,"Mendeley belt-drive experimental dataset (DOI: 10.17632/jf8v2ndydr.1). Validated for vibration DSP, operating-condition baselining, and general anomaly detection. DOMAIN LIMITATION: Does NOT contain conveyor belt joint rupture labels."
research,mendeley_belt_drive,10.17632/jf8v2ndydr.1,CC BY 4.0,Data 150-H-U,27,3,1200.0,150.0,2.2,healthy,unbalanced_load,UNBALANCED,1000.0,10000,g (acceleration),0.21826654739788087,1.104977627509514,2.1253912195873497,5.062514804411307,0.41050382968489574,0.032183953820408964,199.9,0.04630640721847912,256.3749799331602,0.09528245405956338,0.3520760404134097,2.383190152963479,4.49240054639999,6.768964312837431,1.2702194192018492,-0.02614495708368264,199.9,0.04126651259469128,248.7335775379602,0.24791667951208718,"Mendeley belt-drive experimental dataset (DOI: 10.17632/jf8v2ndydr.1). Validated for vibration DSP, operating-condition baselining, and general anomaly detection. DOMAIN LIMITATION: Does NOT contain conveyor belt joint rupture labels."
research,mendeley_belt_drive,10.17632/jf8v2ndydr.1,CC BY 4.0,Data 150-H-U,28,1,1300.0,150.0,2.2,healthy,unbalanced_load,UNBALANCED,1000.0,10000,g (acceleration),0.2278682431995637,1.0594332174298335,2.03153748472887,4.649323672987628,0.49684703896471216,0.10305702956217323,217.20000000000002,0.04110498210252765,263.5418780597832,0.10397148080595008,0.430857133351189,2.30036739699944,4.310325211941519,5.33904911613573,0.3840969357975408,-0.1206959589240736,217.20000000000002,0.05952132501052764,249.06417552355316,0.3712773388216671,"Mendeley belt-drive experimental dataset (DOI: 10.17632/jf8v2ndydr.1). Validated for vibration DSP, operating-condition baselining, and general anomaly detection. DOMAIN LIMITATION: Does NOT contain conveyor belt joint rupture labels."
research,mendeley_belt_drive,10.17632/jf8v2ndydr.1,CC BY 4.0,Data 150-H-U,29,2,1300.0,150.0,2.2,healthy,unbalanced_load,UNBALANCED,1000.0,10000,g (acceleration),0.22398780316189604,1.0995059713,2.055625,4.908776084139227,0.5476924522797684,0.12443815460556654,217.20000000000002,0.04173973338953544,263.9659339180436,0.10044129012936265,0.42935590983755706,2.2628670786,4.227812999999999,5.270375990529943,0.4012155907141417,-0.11723452839641742,217.20000000000002,0.059039314374643576,249.22772849423092,0.3686940777113072,"Mendeley belt-drive experimental dataset (DOI: 10.17632/jf8v2ndydr.1). Validated for vibration DSP, operating-condition baselining, and general anomaly detection. DOMAIN LIMITATION: Does NOT contain conveyor belt joint rupture labels."
research,mendeley_belt_drive,10.17632/jf8v2ndydr.1,CC BY 4.0,Data 150-H-U,30,3,1300.0,150.0,2.2,healthy,unbalanced_load,UNBALANCED,1000.0,10000,g (acceleration),0.22770202800256473,1.086549777332636,2.09701639113627,4.7718054461965425,0.5150347037628515,0.11738343438167902,217.20000000000002,0.042348891343606275,263.60835568797955,0.10377883177736086,0.431712981408864,2.2417964642887007,4.181424279531649,5.19279373293979,0.39290274273554626,-0.11897100673982659,217.20000000000002,0.05866573464873154,249.45237139925015,0.3727531234469118,"Mendeley belt-drive experimental dataset (DOI: 10.17632/jf8v2ndydr.1). Validated for vibration DSP, operating-condition baselining, and general anomaly detection. DOMAIN LIMITATION: Does NOT contain conveyor belt joint rupture labels."
research,mendeley_belt_drive,10.17632/jf8v2ndydr.1,CC BY 4.0,Data 150-H-U,31,1,1400.0,150.0,2.2,healthy,unbalanced_load,UNBALANCED,1000.0,10000,g (acceleration),0.2651906219711006,1.2232132098000001,2.319063,4.6125809453899205,0.2601548044930686,0.06644039196046524,233.70000000000002,0.12302867097993175,264.15161389011274,0.1406660128187699,0.5097773501131567,3.0232498603,5.841405999999999,5.930529984568598,0.5246264468313995,-0.08728939995971571,233.70000000000002,0.13545548740334928,250.66749236945026,0.5197461565314503,"Mendeley belt-drive experimental dataset (DOI: 10.17632/jf8v2ndydr.1). Validated for vibration DSP, operating-condition baselining, and general anomaly detection. DOMAIN LIMITATION: Does NOT contain conveyor belt joint rupture labels."
research,mendeley_belt_drive,10.17632/jf8v2ndydr.1,CC BY 4.0,Data 150-H-U,32,2,1400.0,150.0,2.2,healthy,unbalanced_load,UNBALANCED,1000.0,10000,g (acceleration),0.26787467256305053,1.2398072081214067,2.32613840199649,4.628310680732943,0.2368364988868712,0.056501197091173946,233.70000000000002,0.12272388876253547,263.89729077933606,0.14353703562775488,0.5108594602526313,3.05116848355862,5.85650688771646,5.972618148345045,0.5137155499136852,-0.0871235737724182,233.70000000000002,0.1356030863957601,250.4700013076286,0.5219553197572758,"Mendeley belt-drive experimental dataset (DOI: 10.17632/jf8v2ndydr.1). Validated for vibration DSP, operating-condition baselining, and general anomaly detection. DOMAIN LIMITATION: Does NOT contain conveyor belt joint rupture labels."
research,mendeley_belt_drive,10.17632/jf8v2ndydr.1,CC BY 4.0,Data 150-H-U,33,3,1400.0,150.0,2.2,healthy,unbalanced_load,UNBALANCED,1000.0,10000,g (acceleration),0.26803976812138,1.268553088254284,2.38809265235258,4.732704766703978,0.23226176680997623,0.06429086915288137,233.70000000000002,0.12261060506850877,263.8170121659087,0.1436984326429827,0.5114399766266048,3.030644946912731,5.82202401073644,5.925709927687883,0.4987315603359832,-0.08510362246181649,233.70000000000002,0.13525448404895804,250.81754084851198,0.5231418885938066,"Mendeley belt-drive experimental dataset (DOI: 10.17632/jf8v2ndydr.1). Validated for vibration DSP, operating-condition baselining, and general anomaly detection. DOMAIN LIMITATION: Does NOT contain conveyor belt joint rupture labels."
research,mendeley_belt_drive,10.17632/jf8v2ndydr.1,CC BY 4.0,Data 150-H-U,34,1,1500.0,150.0,2.2,healthy,unbalanced_load,UNBALANCED,1000.0,10000,g (acceleration),0.32415725478880336,1.7476243236418134,3.31695558042557,5.391285549911369,0.6851188676342397,0.03569929122701181,250.20000000000002,0.10391007890082976,263.2421773254462,0.21069038253284975,0.5795657686561848,2.52090973572125,4.6651303345747,4.349652571038451,0.19764508432170214,-0.14146784790436379,250.20000000000002,0.16253988840652622,249.48787821594237,0.6718680013623834,"Mendeley belt-drive experimental dataset (DOI: 10.17632/jf8v2ndydr.1). Validated for vibration DSP, operating-condition baselining, and general anomaly detection. DOMAIN LIMITATION: Does NOT contain conveyor belt joint rupture labels."
research,mendeley_belt_drive,10.17632/jf8v2ndydr.1,CC BY 4.0,Data 150-H-U,35,2,1500.0,150.0,2.2,healthy,unbalanced_load,UNBALANCED,1000.0,10000,g (acceleration),0.3212115616860199,1.7714920337,3.375625,5.515031975815399,0.7119435163734327,0.03880688831717414,250.20000000000002,0.10455559873853806,263.4908281691806,0.20683830254003055,0.5780123236088857,2.5588160749999997,4.753594,4.426923043826714,0.19323973303808017,-0.1447320913626149,250.20000000000002,0.16268218003404022,249.37067541743454,0.6682754686985335,"Mendeley belt-drive experimental dataset (DOI: 10.17632/jf8v2ndydr.1). Validated for vibration DSP, operating-condition baselining, and general anomaly detection. DOMAIN LIMITATION: Does NOT contain conveyor belt joint rupture labels."
research,mendeley_belt_drive,10.17632/jf8v2ndydr.1,CC BY 4.0,Data 150-H-U,36,3,1500.0,150.0,2.2,healthy,unbalanced_load,UNBALANCED,1000.0,10000,g (acceleration),0.3240264885818339,1.7848241371125462,3.37809836757741,5.508266144919764,0.6764377433565474,0.033749984782356135,250.20000000000002,0.10458228460872561,263.34814027738247,0.21043068430187084,0.5797818184928836,2.586030340145671,4.73091522412285,4.460350872795457,0.20193395373819945,-0.1432096543665471,250.20000000000002,0.16323842768616945,249.35135847210412,0.6723742828097261,"Mendeley belt-drive experimental dataset (DOI: 10.17632/jf8v2ndydr.1). Validated for vibration DSP, operating-condition baselining, and general anomaly detection. DOMAIN LIMITATION: Does NOT contain conveyor belt joint rupture labels."
research,mendeley_belt_drive,10.17632/jf8v2ndydr.1,CC BY 4.0,Data 150-H-U,37,1,1600.0,150.0,2.2,healthy,unbalanced_load,UNBALANCED,1000.0,10000,g (acceleration),0.3127123881171897,1.5441905330999999,2.725938,4.938053597420358,0.5880985065552791,0.05788577852273255,373.70000000000005,0.07303039494823894,259.7583098228682,0.19567204449131007,0.6408496340808917,2.7350165818,5.297968,4.267797680375629,0.2302708139636982,-0.05419236988098202,106.60000000000001,0.07483487492146056,249.99052046103918,0.8214966887027145,"Mendeley belt-drive experimental dataset (DOI: 10.17632/jf8v2ndydr.1). Validated for vibration DSP, operating-condition baselining, and general anomaly detection. DOMAIN LIMITATION: Does NOT contain conveyor belt joint rupture labels."
research,mendeley_belt_drive,10.17632/jf8v2ndydr.1,CC BY 4.0,Data 150-H-U,38,2,1600.0,150.0,2.2,healthy,unbalanced_load,UNBALANCED,1000.0,10000,g (acceleration),0.3152909211791301,1.5571848900869167,2.73714520459484,4.938882744429594,0.5547761250258652,0.048298319557579385,373.70000000000005,0.0735221954344677,259.5981835725129,0.19893338701828786,0.6428608047559708,2.69802206536846,5.2271449595057,4.196899306052149,0.2315476543896544,-0.051338561167517865,106.60000000000001,0.07505773847101377,249.7914673893146,0.8266651770731704,"Mendeley belt-drive experimental dataset (DOI: 10.17632/jf8v2ndydr.1). Validated for vibration DSP, operating-condition baselining, and general anomaly detection. DOMAIN LIMITATION: Does NOT contain conveyor belt joint rupture labels."
research,mendeley_belt_drive,10.17632/jf8v2ndydr.1,CC BY 4.0,Data 150-H-U,39,3,1600.0,150.0,2.2,healthy,unbalanced_load,UNBALANCED,1000.0,10000,g (acceleration),0.31475186784362896,1.5900005204185939,2.79126194552116,5.051599951770637,0.5753258868191025,0.05885607556549585,373.70000000000005,0.07281155966823966,259.42955866083554,0.19821422412035578,0.6423180025730324,2.723123200143019,5.261290917839769,4.23952495373722,0.2348864485284743,-0.054729146493514944,106.60000000000001,0.07482899733091922,250.1815013781283,0.8252633103875041,"Mendeley belt-drive experimental dataset (DOI: 10.17632/jf8v2ndydr.1). Validated for vibration DSP, operating-condition baselining, and general anomaly detection. DOMAIN LIMITATION: Does NOT contain conveyor belt joint rupture labels."
research,mendeley_belt_drive,10.17632/jf8v2ndydr.1,CC BY 4.0,Data 150-H-U,40,1,1700.0,150.0,2.2,healthy,unbalanced_load,UNBALANCED,1000.0,10000,g (acceleration),0.3385135434351013,1.5218957699264135,3.01822508392671,4.4958194419130715,0.24893025070214891,0.0074133035603383985,149.8,0.09798432640548471,258.415658593469,0.22920213114515775,0.695418968291448,3.46611652280979,6.243849274463511,4.984213374745267,0.2824698002015249,-0.07351820379941146,283.6,0.09602821598692761,248.28723586879136,0.9672150880960368,"Mendeley belt-drive experimental dataset (DOI: 10.17632/jf8v2ndydr.1). Validated for vibration DSP, operating-condition baselining, and general anomaly detection. DOMAIN LIMITATION: Does NOT contain conveyor belt joint rupture labels."
research,mendeley_belt_drive,10.17632/jf8v2ndydr.1,CC BY 4.0,Data 150-H-U,41,2,1700.0,150.0,2.2,healthy,unbalanced_load,UNBALANCED,1000.0,10000,g (acceleration),0.3361098827547693,1.5515635352,3.045313,4.616238958769456,0.2671201789755675,0.007242226882090257,149.8,0.09798777819796556,258.3712592766765,0.2259505001190415,0.6948156356222571,3.4148930329000002,6.231562,4.914818921485149,0.2807509808118436,-0.07279262715265708,283.6,0.09583353484574553,248.27680669439417,0.9655376227377851,"Mendeley belt-drive experimental dataset (DOI: 10.17632/jf8v2ndydr.1). Validated for vibration DSP, operating-condition baselining, and general anomaly detection. DOMAIN LIMITATION: Does NOT contain conveyor belt joint rupture labels."
research,mendeley_belt_drive,10.17632/jf8v2ndydr.1,CC BY 4.0,Data 150-H-U,42,3,1700.0,150.0,2.2,healthy,unbalanced_load,UNBALANCED,1000.0,10000,g (acceleration),0.3377433777148995,1.517919740076364,3.017590530382,4.4942990454654925,0.25711184636325335,0.010369548045210161,149.8,0.09880282015315962,258.22587557344673,0.22814671099527079,0.6959368182590162,3.386491235049411,6.23000094450804,4.8660900619127965,0.2760289483720477,-0.07236951821633543,283.6,0.09632529317219904,248.42304077442353,0.9686562500360996,"Mendeley belt-drive experimental dataset (DOI: 10.17632/jf8v2ndydr.1). Validated for vibration DSP, operating-condition baselining, and general anomaly detection. DOMAIN LIMITATION: Does NOT contain conveyor belt joint rupture labels."
research,mendeley_belt_drive,10.17632/jf8v2ndydr.1,CC BY 4.0,Data 150-H-U,43,1,1800.0,150.0,2.2,healthy,unbalanced_load,UNBALANCED,1000.0,10000,g (acceleration),0.3691853859545441,1.8973329672832966,3.34847298150981,5.1392417995573245,0.28199022963195075,0.0874527907824979,172.60000000000002,0.10038697198573754,260.10580650391574,0.2732398412161423,0.7754699805773798,3.47894567121353,6.92891661248327,4.4862415803939495,0.29074615467220655,-0.006259885842984432,172.60000000000002,0.19975671993649705,249.6625646349015,1.2027191182308692,"Mendeley belt-drive experimental dataset (DOI: 10.17632/jf8v2ndydr.1). Validated for vibration DSP, operating-condition baselining, and general anomaly detection. DOMAIN LIMITATION: Does NOT contain conveyor belt joint rupture labels."
research,mendeley_belt_drive,10.17632/jf8v2ndydr.1,CC BY 4.0,Data 150-H-U,44,2,1800.0,150.0,2.2,healthy,unbalanced_load,UNBALANCED,1000.0,10000,g (acceleration),0.3674472887890451,1.9017269366999998,3.405626,5.17550950768288,0.30108965306569013,0.08832088480351723,172.60000000000002,0.10036096509127447,260.3892352994178,0.27062419599699283,0.7755175355662141,3.5040238732000004,6.907500000000001,4.518303858392671,0.2795541140484228,-0.005868630987669766,172.60000000000002,0.20089876493006156,249.72121423009276,1.2028651464803308,"Mendeley belt-drive experimental dataset (DOI: 10.17632/jf8v2ndydr.1). Validated for vibration DSP, operating-condition baselining, and general anomaly detection. DOMAIN LIMITATION: Does NOT contain conveyor belt joint rupture labels."
research,mendeley_belt_drive,10.17632/jf8v2ndydr.1,CC BY 4.0,Data 150-H-U,45,3,1800.0,150.0,2.2,healthy,unbalanced_load,UNBALANCED,1000.0,10000,g (acceleration),0.36898500509797194,1.8874396829398439,3.4096256570237298,5.115220556018789,0.29852511105846347,0.0864382198310264,172.60000000000002,0.09965335837568112,260.14340541602485,0.27284461161305434,0.77734468971433,3.493386341259681,6.873892198426169,4.493999106809981,0.2755647055047734,-0.0037854736465926745,172.60000000000002,0.20081375124766232,249.85056215340725,1.2085392904009893,"Mendeley belt-drive experimental dataset (DOI: 10.17632/jf8v2ndydr.1). Validated for vibration DSP, operating-condition baselining, and general anomaly detection. DOMAIN LIMITATION: Does NOT contain conveyor belt joint rupture labels."
research,mendeley_belt_drive,10.17632/jf8v2ndydr.1,CC BY 4.0,Data 150-H-U,46,1,1900.0,150.0,2.2,healthy,unbalanced_load,UNBALANCED,1000.0,10000,g (acceleration),0.383825634959095,1.8085218783788366,3.5595280265761,4.711831919646467,0.5060544713698065,0.06968577330019961,70.2,0.11243035307865328,254.9587513872078,0.29464591880385566,0.802609335894399,3.58423981770999,6.76789893945659,4.465734022039305,0.09942614785892046,-0.030494592812940337,70.2,0.20705140625509222,250.28643403668497,1.2883838712682198,"Mendeley belt-drive experimental dataset (DOI: 10.17632/jf8v2ndydr.1). Validated for vibration DSP, operating-condition baselining, and general anomaly detection. DOMAIN LIMITATION: Does NOT contain conveyor belt joint rupture labels."
research,mendeley_belt_drive,10.17632/jf8v2ndydr.1,CC BY 4.0,Data 150-H-U,47,2,1900.0,150.0,2.2,healthy,unbalanced_load,UNBALANCED,1000.0,10000,g (acceleration),0.3816999515149863,1.7597300927000001,3.490625,4.610244475315081,0.5159076687774222,0.07199715930193923,70.2,0.11308359241847751,255.0866867886724,0.29139548620768824,0.8010668285060486,3.5937454221,6.745469,4.486199271042297,0.10545901045307815,-0.03297328112891998,70.2,0.2063263785604476,250.25348824312815,1.2834385814457165,"Mendeley belt-drive experimental dataset (DOI: 10.17632/jf8v2ndydr.1). Validated for vibration DSP, operating-condition baselining, and general anomaly detection. DOMAIN LIMITATION: Does NOT contain conveyor belt joint rupture labels."
research,mendeley_belt_drive,10.17632/jf8v2ndydr.1,CC BY 4.0,Data 150-H-U,48,3,1900.0,150.0,2.2,healthy,unbalanced_load,UNBALANCED,1000.0,10000,g (acceleration),0.3833150580185637,1.829412869459216,3.57688252533843,4.772608931451419,0.525440511172679,0.06958162307276124,70.2,0.11391972922728717,255.26578949524367,0.2938720057420751,0.8019939493561261,3.6584355821343713,6.813581551024139,4.561674792024945,0.11777379289528822,-0.03482224996813016,70.2,0.20638522121723143,250.2549048148519,1.2864117889174662,"Mendeley belt-drive experimental dataset (DOI: 10.17632/jf8v2ndydr.1). Validated for vibration DSP, operating-condition baselining, and general anomaly detection. DOMAIN LIMITATION: Does NOT contain conveyor belt joint rupture labels."
research,mendeley_belt_drive,10.17632/jf8v2ndydr.1,CC BY 4.0,Data 150-H-U,49,1,2000.0,150.0,2.2,healthy,unbalanced_load,UNBALANCED,1000.0,10000,g (acceleration),0.4453873475698237,2.43652953,4.380625,5.470585420296484,0.5417544267359959,0.07660464717171116,333.40000000000003,0.1992855567809251,256.58632870689746,0.39673980783928586,0.8515648396690667,3.5904048433,6.780937,4.216243644694508,0.1868215228433665,-0.06261856689499774,333.40000000000003,0.2226236998345702,246.3652836963254,1.450338260927909,"Mendeley belt-drive experimental dataset (DOI: 10.17632/jf8v2ndydr.1). Validated for vibration DSP, operating-condition baselining, and general anomaly detection. DOMAIN LIMITATION: Does NOT contain conveyor belt joint rupture labels."
research,mendeley_belt_drive,10.17632/jf8v2ndydr.1,CC BY 4.0,Data 150-H-U,50,2,2000.0,150.0,2.2,healthy,unbalanced_load,UNBALANCED,1000.0,10000,g (acceleration),0.43355092542611495,1.9880669735999998,3.8915629999999997,4.585544297122722,0.4373892056545974,0.151373880155889,333.40000000000003,0.1918872215647044,259.11299197271575,0.3759504193721306,0.8425654702223231,3.9470243089,7.781875,4.684531289726982,0.2611844447697629,-0.0572762394526218,333.40000000000003,0.21439726725757802,247.897895019272,1.4198332587482718,"Mendeley belt-drive experimental dataset (DOI: 10.17632/jf8v2ndydr.1). Validated for vibration DSP, operating-condition baselining, and general anomaly detection. DOMAIN LIMITATION: Does NOT contain conveyor belt joint rupture labels."
research,mendeley_belt_drive,10.17632/jf8v2ndydr.1,CC BY 4.0,Data 150-H-U,51,3,2000.0,150.0,2.2,healthy,unbalanced_load,UNBALANCED,1000.0,10000,g (acceleration),0.4472473493753763,2.3917064735999065,4.29618059089615,5.347614640847293,0.5312526071997801,0.08118215709089546,333.40000000000003,0.19944799856452017,256.59507317206004,0.4000620152485629,0.8517318622850054,3.5929821959531503,6.75897764439799,4.218442863360759,0.18567635957260942,-0.06251449715598839,333.40000000000003,0.2217313877487106,246.48445099427607,1.4509056780486764,"Mendeley belt-drive experimental dataset (DOI: 10.17632/jf8v2ndydr.1). Validated for vibration DSP, operating-condition baselining, and general anomaly detection. DOMAIN LIMITATION: Does NOT contain conveyor belt joint rupture labels."
