sample_index,driver_pulley_accel_g_clean,driven_pulley_accel_g_clean,condition,data_source
0,0.012069792999999995,-0.00010274199999999942,70-H-0_healthy_belt_400rpm,research
1,0.00019479299999999866,0.0033342580000000005,70-H-0_healthy_belt_400rpm,research
2,-0.056680207,0.009585258000000001,70-H-0_healthy_belt_400rpm,research
3,-0.006055207000000003,-0.034946742,70-H-0_healthy_belt_400rpm,research
4,0.042694792999999995,-0.018227741999999998,70-H-0_healthy_belt_400rpm,research
5,-0.028867207000000002,0.044116258,70-H-0_healthy_belt_400rpm,research
6,0.022069792999999997,-0.001665742,70-H-0_healthy_belt_400rpm,research
7,0.011132792999999998,-0.036665742,70-H-0_healthy_belt_400rpm,research
8,-0.00011720700000000459,-0.021508742,70-H-0_healthy_belt_400rpm,research
9,-0.017618207000000004,-0.008852742,70-H-0_healthy_belt_400rpm,research
10,0.009569792999999997,-0.009321742000000001,70-H-0_healthy_belt_400rpm,research
11,0.097694793,-0.067602742,70-H-0_healthy_belt_400rpm,research
12,-0.058243207000000005,0.042553258000000004,70-H-0_healthy_belt_400rpm,research
13,0.009256792999999996,-0.022602742,70-H-0_healthy_belt_400rpm,research
14,0.026444792999999994,0.045522258,70-H-0_healthy_belt_400rpm,research
15,-0.040430207,0.015991258,70-H-0_healthy_belt_400rpm,research
16,0.019881792999999995,0.025210258,70-H-0_healthy_belt_400rpm,research
17,-0.021680207000000003,0.014272258,70-H-0_healthy_belt_400rpm,research
18,-0.039805207,-0.0051027419999999995,70-H-0_healthy_belt_400rpm,research
19,0.057382793,-0.001821742,70-H-0_healthy_belt_400rpm,research
20,0.0011327929999999965,-0.024008742,70-H-0_healthy_belt_400rpm,research
21,-0.023243207000000002,0.006772258,70-H-0_healthy_belt_400rpm,research
22,-0.009493207000000004,-0.017602741999999998,70-H-0_healthy_belt_400rpm,research
23,-0.006680207000000002,-0.010102742,70-H-0_healthy_belt_400rpm,research
24,-0.026992207000000004,-0.006352742,70-H-0_healthy_belt_400rpm,research
25,0.019256792999999994,0.026147258,70-H-0_healthy_belt_400rpm,research
26,-0.025743207000000004,-0.018383742,70-H-0_healthy_belt_400rpm,research
27,0.027694792999999995,0.036772258,70-H-0_healthy_belt_400rpm,research
28,0.00019479299999999866,0.031616258,70-H-0_healthy_belt_400rpm,research
29,0.036756792999999996,-0.022446742,70-H-0_healthy_belt_400rpm,research
30,-0.011055207000000003,0.004272258000000001,70-H-0_healthy_belt_400rpm,research
31,0.005506792999999996,-0.010415741999999999,70-H-0_healthy_belt_400rpm,research
32,-0.005430207000000003,-0.031196742,70-H-0_healthy_belt_400rpm,research
33,-0.023555207,0.000834258,70-H-0_healthy_belt_400rpm,research
34,0.012694792999999996,0.025678258,70-H-0_healthy_belt_400rpm,research
35,-0.011992207000000003,-0.0008837419999999999,70-H-0_healthy_belt_400rpm,research
36,0.008944792999999996,0.043960258,70-H-0_healthy_belt_400rpm,research
37,-0.031368207,-0.026821742,70-H-0_healthy_belt_400rpm,research
38,-0.018242207000000003,0.014116258,70-H-0_healthy_belt_400rpm,research
39,-0.011055207000000003,-0.044477742,70-H-0_healthy_belt_400rpm,research
40,0.023319793,-0.003696742,70-H-0_healthy_belt_400rpm,research
41,0.026757792999999995,0.021772258,70-H-0_healthy_belt_400rpm,research
42,-0.038867207,-0.010727742,70-H-0_healthy_belt_400rpm,research
43,-0.034493207,-0.070102742,70-H-0_healthy_belt_400rpm,research
44,0.035506792999999995,-0.038696742,70-H-0_healthy_belt_400rpm,research
45,-0.00011720700000000459,0.032866258,70-H-0_healthy_belt_400rpm,research
46,-0.031992207,0.009741258000000001,70-H-0_healthy_belt_400rpm,research
47,0.034569792999999994,-0.010415741999999999,70-H-0_healthy_belt_400rpm,research
48,0.024257793,0.048334258,70-H-0_healthy_belt_400rpm,research
49,-0.036680207000000006,0.023022258,70-H-0_healthy_belt_400rpm,research
50,0.006757792999999998,-0.006040742,70-H-0_healthy_belt_400rpm,research
51,0.024569793,0.026459258,70-H-0_healthy_belt_400rpm,research
52,0.0023827929999999976,0.012710257999999999,70-H-0_healthy_belt_400rpm,research
53,-0.014180207000000004,0.0006782580000000002,70-H-0_healthy_belt_400rpm,research
54,-0.027305207000000005,0.010678258,70-H-0_healthy_belt_400rpm,research
55,0.052069793,-0.020571742,70-H-0_healthy_belt_400rpm,research
56,0.041132792999999994,-0.047602741999999997,70-H-0_healthy_belt_400rpm,research
57,0.019256792999999994,-0.010102742,70-H-0_healthy_belt_400rpm,research
58,-0.006680207000000002,0.041459258,70-H-0_healthy_belt_400rpm,research
59,0.050194793,-0.013071741999999999,70-H-0_healthy_belt_400rpm,research
60,-0.0063682070000000025,-0.026352742,70-H-0_healthy_belt_400rpm,research
61,0.036131792999999995,0.0033342580000000005,70-H-0_healthy_belt_400rpm,research
62,-0.004805207000000002,0.010210258,70-H-0_healthy_belt_400rpm,research
63,0.033319793,-0.053227742,70-H-0_healthy_belt_400rpm,research
64,-0.011680207000000003,0.025991258,70-H-0_healthy_belt_400rpm,research
65,0.003319792999999998,0.000834258,70-H-0_healthy_belt_400rpm,research
66,-0.00011720700000000459,-0.035258741999999996,70-H-0_healthy_belt_400rpm,research
67,0.027069792999999995,-0.014946741999999999,70-H-0_healthy_belt_400rpm,research
68,0.026132792999999994,0.010522258,70-H-0_healthy_belt_400rpm,research
69,-0.031680207,-0.029165742,70-H-0_healthy_belt_400rpm,research
70,-0.052930207,0.039272258,70-H-0_healthy_belt_400rpm,research
71,-0.013867207000000003,-0.0021337419999999997,70-H-0_healthy_belt_400rpm,research
72,-0.0007422070000000017,0.010053258,70-H-0_healthy_belt_400rpm,research
73,0.024882793,-0.023383742,70-H-0_healthy_belt_400rpm,research
74,0.012694792999999996,0.051772258,70-H-0_healthy_belt_400rpm,research
75,0.017069793,-0.008852742,70-H-0_healthy_belt_400rpm,research
76,-0.015117207000000004,-0.0032277419999999996,70-H-0_healthy_belt_400rpm,research
77,-0.027930207000000006,0.031616258,70-H-0_healthy_belt_400rpm,research
78,-0.0019932070000000038,-0.012758742,70-H-0_healthy_belt_400rpm,research
79,0.011757792999999996,0.000834258,70-H-0_healthy_belt_400rpm,research
80,0.073944793,0.009897258,70-H-0_healthy_belt_400rpm,research
81,-0.0029302070000000024,0.020991258,70-H-0_healthy_belt_400rpm,research
82,-0.014180207000000004,-0.050414742,70-H-0_healthy_belt_400rpm,research
83,0.059569792999999996,-0.020415742,70-H-0_healthy_belt_400rpm,research
84,0.027069792999999995,0.036772258,70-H-0_healthy_belt_400rpm,research
85,0.021131792999999996,-0.004633742,70-H-0_healthy_belt_400rpm,research
86,-0.006992207000000004,0.000991258,70-H-0_healthy_belt_400rpm,research
87,0.011757792999999996,0.033803258,70-H-0_healthy_belt_400rpm,research
88,-0.027930207000000006,-0.008383742,70-H-0_healthy_belt_400rpm,research
89,0.017694793,0.002397258,70-H-0_healthy_belt_400rpm,research
90,0.024257793,0.017866258,70-H-0_healthy_belt_400rpm,research
91,-0.039180207,-0.027758742,70-H-0_healthy_belt_400rpm,research
92,0.013006792999999996,-0.015102742,70-H-0_healthy_belt_400rpm,research
93,-0.013555207000000003,0.036147258,70-H-0_healthy_belt_400rpm,research
94,-0.015430207000000003,-0.010727742,70-H-0_healthy_belt_400rpm,research
95,0.040507793,0.018647258,70-H-0_healthy_belt_400rpm,research
96,0.027069792999999995,0.0036472580000000004,70-H-0_healthy_belt_400rpm,research
97,-0.062305207,0.032866258,70-H-0_healthy_belt_400rpm,research
98,0.035819792999999996,-0.014164742,70-H-0_healthy_belt_400rpm,research
99,0.0039447929999999985,-0.010883742,70-H-0_healthy_belt_400rpm,research
100,0.056757793,0.009741258000000001,70-H-0_healthy_belt_400rpm,research
101,0.009881792999999996,-0.010571741999999999,70-H-0_healthy_belt_400rpm,research
102,-0.024805207000000003,-0.006352742,70-H-0_healthy_belt_400rpm,research
103,-0.006992207000000004,-0.017758742,70-H-0_healthy_belt_400rpm,research
104,0.019256792999999994,-0.015102742,70-H-0_healthy_belt_400rpm,research
105,0.033944792999999994,-0.028071742,70-H-0_healthy_belt_400rpm,research
106,-0.025117207000000003,0.049584258,70-H-0_healthy_belt_400rpm,research
107,0.027069792999999995,-0.034008742,70-H-0_healthy_belt_400rpm,research
108,-0.012618207000000003,0.008178258,70-H-0_healthy_belt_400rpm,research
109,0.019256792999999994,0.024897258,70-H-0_healthy_belt_400rpm,research
110,-0.019805207000000002,0.032084258,70-H-0_healthy_belt_400rpm,research
111,0.025507792999999994,-0.08041574200000001,70-H-0_healthy_belt_400rpm,research
112,-0.006992207000000004,0.024272258,70-H-0_healthy_belt_400rpm,research
113,-0.010430207000000004,-0.056196742,70-H-0_healthy_belt_400rpm,research
114,-0.079180207,0.0014602579999999999,70-H-0_healthy_belt_400rpm,research
115,-0.053867207,-0.034633741999999995,70-H-0_healthy_belt_400rpm,research
116,0.018319792999999994,-0.056821742,70-H-0_healthy_belt_400rpm,research
117,0.073007793,-0.017914741999999997,70-H-0_healthy_belt_400rpm,research
118,-0.00011720700000000459,-0.024633742,70-H-0_healthy_belt_400rpm,research
119,-0.082930207,0.048178258,70-H-0_healthy_belt_400rpm,research
120,0.04550779299999999,-0.025102742,70-H-0_healthy_belt_400rpm,research
121,0.048319793,-0.008383742,70-H-0_healthy_belt_400rpm,research
122,-0.068555207,0.033491258,70-H-0_healthy_belt_400rpm,research
123,-0.0007422070000000017,-0.045102742,70-H-0_healthy_belt_400rpm,research
124,0.022382792999999998,-0.007915742,70-H-0_healthy_belt_400rpm,research
125,-0.0023052070000000036,0.006147258000000001,70-H-0_healthy_belt_400rpm,research
126,-0.025743207000000004,0.020991258,70-H-0_healthy_belt_400rpm,research
127,0.011757792999999996,-0.011977742,70-H-0_healthy_belt_400rpm,research
128,0.024882793,-0.034008742,70-H-0_healthy_belt_400rpm,research
129,0.06050779299999999,0.015366258,70-H-0_healthy_belt_400rpm,research
130,0.023007793,0.008178258,70-H-0_healthy_belt_400rpm,research
131,0.027069792999999995,-0.018852742,70-H-0_healthy_belt_400rpm,research
132,0.025507792999999994,-0.028071742,70-H-0_healthy_belt_400rpm,research
133,0.011444792999999998,0.0019282580000000004,70-H-0_healthy_belt_400rpm,research
134,-0.051993207,0.0019282580000000004,70-H-0_healthy_belt_400rpm,research
135,-0.031992207,0.019585258,70-H-0_healthy_belt_400rpm,research
136,0.064881793,-0.022446742,70-H-0_healthy_belt_400rpm,research
137,0.030819792999999998,0.027553257999999997,70-H-0_healthy_belt_400rpm,research
138,-0.013555207000000003,-0.008071742,70-H-0_healthy_belt_400rpm,research
139,0.014882792999999998,-0.001508742,70-H-0_healthy_belt_400rpm,research
140,0.004256792999999998,-0.070102742,70-H-0_healthy_belt_400rpm,research
141,-0.001680207000000003,0.038335258,70-H-0_healthy_belt_400rpm,research
142,-0.027930207000000006,-0.0011967419999999998,70-H-0_healthy_belt_400rpm,research
143,0.0061317929999999965,-0.0021337419999999997,70-H-0_healthy_belt_400rpm,research
144,0.037381792999999996,0.031616258,70-H-0_healthy_belt_400rpm,research
145,0.031757793,-0.076821742,70-H-0_healthy_belt_400rpm,research
146,-0.007305207000000003,0.005991257999999999,70-H-0_healthy_belt_400rpm,research
147,0.001756792999999996,0.028335258000000002,70-H-0_healthy_belt_400rpm,research
148,-0.023867207,-0.003540742,70-H-0_healthy_belt_400rpm,research
149,0.003007792999999998,0.033022258,70-H-0_healthy_belt_400rpm,research
150,0.007069792999999998,0.018022258,70-H-0_healthy_belt_400rpm,research
151,-0.012305207000000002,-0.015727742,70-H-0_healthy_belt_400rpm,research
152,-0.023243207000000002,-0.007133742,70-H-0_healthy_belt_400rpm,research
153,-0.011680207000000003,0.049272258,70-H-0_healthy_belt_400rpm,research
154,-0.007305207000000003,-0.024633742,70-H-0_healthy_belt_400rpm,research
155,-0.033555207000000004,-0.006196742,70-H-0_healthy_belt_400rpm,research
156,0.025819792999999994,0.042866258,70-H-0_healthy_belt_400rpm,research
157,0.0036327929999999953,-0.028227742,70-H-0_healthy_belt_400rpm,research
158,0.011132792999999998,0.0005222580000000003,70-H-0_healthy_belt_400rpm,research
159,-0.009180207000000003,-0.008071742,70-H-0_healthy_belt_400rpm,research
160,0.040507793,0.0033342580000000005,70-H-0_healthy_belt_400rpm,research
161,0.019256792999999994,-0.012289742,70-H-0_healthy_belt_400rpm,research
162,0.041444792999999994,-0.008227742,70-H-0_healthy_belt_400rpm,research
163,-0.017930207000000004,-0.0030717419999999997,70-H-0_healthy_belt_400rpm,research
164,-0.008242207000000003,-0.032602742000000004,70-H-0_healthy_belt_400rpm,research
165,-0.0038672070000000027,-0.013383742,70-H-0_healthy_belt_400rpm,research
166,-0.030118207,0.003022258,70-H-0_healthy_belt_400rpm,research
167,0.037381792999999996,5.325800000000047e-05,70-H-0_healthy_belt_400rpm,research
168,0.067381793,-0.00041474200000000006,70-H-0_healthy_belt_400rpm,research
169,-0.021368207000000004,0.016616258000000002,70-H-0_healthy_belt_400rpm,research
170,-0.018867207000000004,0.008178258,70-H-0_healthy_belt_400rpm,research
171,-0.0010552070000000024,0.013335258,70-H-0_healthy_belt_400rpm,research
172,-0.043867207000000005,0.013178258000000002,70-H-0_healthy_belt_400rpm,research
173,0.016444793,-0.00041474200000000006,70-H-0_healthy_belt_400rpm,research
174,0.005506792999999996,0.0034912580000000006,70-H-0_healthy_belt_400rpm,research
175,0.010194792999999997,0.049897258,70-H-0_healthy_belt_400rpm,research
176,-0.014180207000000004,0.023335258,70-H-0_healthy_belt_400rpm,research
177,0.04613279299999999,-0.015102742,70-H-0_healthy_belt_400rpm,research
178,0.016132793,-0.021040742,70-H-0_healthy_belt_400rpm,research
179,-0.022930207,0.050366258,70-H-0_healthy_belt_400rpm,research
180,0.009569792999999997,0.017709258,70-H-0_healthy_belt_400rpm,research
181,0.018944792999999994,-0.06400874200000001,70-H-0_healthy_belt_400rpm,research
182,-0.009180207000000003,0.010678258,70-H-0_healthy_belt_400rpm,research
183,-0.019805207000000002,0.044585258,70-H-0_healthy_belt_400rpm,research
184,0.038632793,-0.004165742,70-H-0_healthy_belt_400rpm,research
185,0.026444792999999994,0.021460258,70-H-0_healthy_belt_400rpm,research
186,-0.026368207000000005,0.0039602579999999995,70-H-0_healthy_belt_400rpm,research
187,-0.015117207000000004,0.015991258,70-H-0_healthy_belt_400rpm,research
188,-0.013555207000000003,0.022709258,70-H-0_healthy_belt_400rpm,research
189,0.022382792999999998,-0.011821742,70-H-0_healthy_belt_400rpm,research
190,0.041757792999999994,-0.007446741999999999,70-H-0_healthy_belt_400rpm,research
191,-0.0038672070000000027,-0.011665742,70-H-0_healthy_belt_400rpm,research
192,-0.038867207,0.011772258,70-H-0_healthy_belt_400rpm,research
193,-0.011055207000000003,-0.012602742,70-H-0_healthy_belt_400rpm,research
194,0.021756792999999996,-0.046665742,70-H-0_healthy_belt_400rpm,research
195,-0.018867207000000004,0.017553258,70-H-0_healthy_belt_400rpm,research
196,-0.029493207,-0.002446742,70-H-0_healthy_belt_400rpm,research
197,0.008944792999999996,-0.043227742,70-H-0_healthy_belt_400rpm,research
198,-0.016055207000000002,0.040522258,70-H-0_healthy_belt_400rpm,research
199,0.003007792999999998,-0.009789742,70-H-0_healthy_belt_400rpm,research
200,0.032382793,-0.023539742,70-H-0_healthy_belt_400rpm,research
201,0.040507793,-0.021665741999999998,70-H-0_healthy_belt_400rpm,research
202,0.0039447929999999985,-0.005883742,70-H-0_healthy_belt_400rpm,research
203,-0.061992207,0.018178258,70-H-0_healthy_belt_400rpm,research
204,-0.011992207000000003,-0.013227742,70-H-0_healthy_belt_400rpm,research
205,0.025507792999999994,-0.002289742,70-H-0_healthy_belt_400rpm,research
206,0.016757793,-0.0002587420000000002,70-H-0_healthy_belt_400rpm,research
207,-0.040742207,0.013022258000000002,70-H-0_healthy_belt_400rpm,research
208,-0.047305207,0.038960258,70-H-0_healthy_belt_400rpm,research
209,0.007382792999999999,-0.002446742,70-H-0_healthy_belt_400rpm,research
210,0.04925679299999999,0.024897258,70-H-0_healthy_belt_400rpm,research
211,-0.032305207,-0.026821742,70-H-0_healthy_belt_400rpm,research
212,0.019256792999999994,0.027397258,70-H-0_healthy_belt_400rpm,research
213,0.011132792999999998,-0.003540742,70-H-0_healthy_belt_400rpm,research
214,0.032069793,-0.042289742,70-H-0_healthy_belt_400rpm,research
215,-0.039180207,0.044116258,70-H-0_healthy_belt_400rpm,research
216,0.051131792999999995,-0.051352742,70-H-0_healthy_belt_400rpm,research
217,0.0036327929999999953,-0.012446742,70-H-0_healthy_belt_400rpm,research
218,0.048944793,0.018959258,70-H-0_healthy_belt_400rpm,research
219,-0.046680207,-0.008852742,70-H-0_healthy_belt_400rpm,research
220,-0.061992207,0.036772258,70-H-0_healthy_belt_400rpm,research
221,0.038944793,-0.025415741999999998,70-H-0_healthy_belt_400rpm,research
222,0.024882793,-0.029633742,70-H-0_healthy_belt_400rpm,research
223,-0.0004302070000000019,0.044116258,70-H-0_healthy_belt_400rpm,research
224,-0.026680207000000004,-0.002602742,70-H-0_healthy_belt_400rpm,research
225,-0.027618207000000002,-0.003383742,70-H-0_healthy_belt_400rpm,research
226,-0.009805207000000003,-0.008852742,70-H-0_healthy_belt_400rpm,research
227,0.023007793,-0.024633742,70-H-0_healthy_belt_400rpm,research
228,-0.033555207000000004,0.031616258,70-H-0_healthy_belt_400rpm,research
229,0.019256792999999994,-0.029633742,70-H-0_healthy_belt_400rpm,research
230,0.033319793,0.002866258,70-H-0_healthy_belt_400rpm,research
231,-0.024805207000000003,0.010210258,70-H-0_healthy_belt_400rpm,research
232,-0.026368207000000005,0.023491258,70-H-0_healthy_belt_400rpm,research
233,0.016444793,-0.032446742,70-H-0_healthy_belt_400rpm,research
234,0.016757793,-0.049008742,70-H-0_healthy_belt_400rpm,research
235,-0.021992207000000003,0.061616258,70-H-0_healthy_belt_400rpm,research
236,-0.064805207,-0.062446742,70-H-0_healthy_belt_400rpm,research
237,0.013944792999999997,-0.059946742,70-H-0_healthy_belt_400rpm,research
238,0.088632793,-0.018696742000000002,70-H-0_healthy_belt_400rpm,research
239,-0.013867207000000003,-0.008696742,70-H-0_healthy_belt_400rpm,research
240,-0.029180207000000003,0.011460258000000001,70-H-0_healthy_belt_400rpm,research
241,-0.016992207000000002,-0.0011967419999999998,70-H-0_healthy_belt_400rpm,research
242,0.025507792999999994,-0.0002587420000000002,70-H-0_healthy_belt_400rpm,research
243,-0.028867207000000002,5.325800000000047e-05,70-H-0_healthy_belt_400rpm,research
244,-0.0029302070000000024,0.007710257999999999,70-H-0_healthy_belt_400rpm,research
245,-0.047305207,0.009741258000000001,70-H-0_healthy_belt_400rpm,research
246,0.037069793,0.004897258,70-H-0_healthy_belt_400rpm,research
247,0.0023827929999999976,0.0036472580000000004,70-H-0_healthy_belt_400rpm,research
248,-0.008555207000000002,0.07974125800000001,70-H-0_healthy_belt_400rpm,research
249,-0.023867207,0.016928258,70-H-0_healthy_belt_400rpm,research
250,-0.020743207000000003,-0.018540742,70-H-0_healthy_belt_400rpm,research
251,0.037069793,-0.064165742,70-H-0_healthy_belt_400rpm,research
252,0.031757793,0.046147258000000003,70-H-0_healthy_belt_400rpm,research
253,-0.031055207,0.032241258,70-H-0_healthy_belt_400rpm,research
254,0.004569792999999996,-0.036977742,70-H-0_healthy_belt_400rpm,research
255,0.05581979299999999,0.023647258,70-H-0_healthy_belt_400rpm,research
256,-0.06261720700000001,0.068491258,70-H-0_healthy_belt_400rpm,research
257,0.040819793,-0.012446742,70-H-0_healthy_belt_400rpm,research
258,0.026132792999999994,-0.012758742,70-H-0_healthy_belt_400rpm,research
259,-0.026368207000000005,-0.030415742,70-H-0_healthy_belt_400rpm,research
260,-0.026368207000000005,0.0006782580000000002,70-H-0_healthy_belt_400rpm,research
261,-0.0038672070000000027,0.022709258,70-H-0_healthy_belt_400rpm,research
262,-0.006055207000000003,0.011303258,70-H-0_healthy_belt_400rpm,research
263,0.009256792999999996,-0.026040742,70-H-0_healthy_belt_400rpm,research
264,-0.005430207000000003,0.013803257999999999,70-H-0_healthy_belt_400rpm,research
265,-0.027930207000000006,0.031928258,70-H-0_healthy_belt_400rpm,research
266,-0.013555207000000003,0.0005222580000000003,70-H-0_healthy_belt_400rpm,research
267,0.024257793,-0.028696742,70-H-0_healthy_belt_400rpm,research
268,0.007069792999999998,0.046147258000000003,70-H-0_healthy_belt_400rpm,research
269,-0.042618207000000005,0.034116258000000003,70-H-0_healthy_belt_400rpm,research
270,0.027381792999999995,-0.030415742,70-H-0_healthy_belt_400rpm,research
271,-0.029493207,0.035366258,70-H-0_healthy_belt_400rpm,research
272,0.023319793,-0.036352742,70-H-0_healthy_belt_400rpm,research
273,0.014569792999999998,-0.0005717419999999996,70-H-0_healthy_belt_400rpm,research
274,0.036756792999999996,-0.038696742,70-H-0_healthy_belt_400rpm,research
275,-0.014493207000000003,0.017085258,70-H-0_healthy_belt_400rpm,research
276,-0.0026182070000000026,0.0020852580000000004,70-H-0_healthy_belt_400rpm,research
277,-0.008242207000000003,-0.017133742,70-H-0_healthy_belt_400rpm,research
278,-0.017305207000000003,0.008491258,70-H-0_healthy_belt_400rpm,research
279,0.021131792999999996,-0.005414742,70-H-0_healthy_belt_400rpm,research
280,-0.001680207000000003,0.034741258,70-H-0_healthy_belt_400rpm,research
281,-0.0026182070000000026,0.008335258,70-H-0_healthy_belt_400rpm,research
282,0.00019479299999999866,-0.011508741999999999,70-H-0_healthy_belt_400rpm,research
283,0.014882792999999998,0.005209258,70-H-0_healthy_belt_400rpm,research
284,-0.005117207000000004,0.010991258,70-H-0_healthy_belt_400rpm,research
285,-0.024180207000000002,0.024428258,70-H-0_healthy_belt_400rpm,research
286,0.027069792999999995,-0.054946742,70-H-0_healthy_belt_400rpm,research
287,0.022694792999999998,-0.014164742,70-H-0_healthy_belt_400rpm,research
288,-0.018867207000000004,0.035991258,70-H-0_healthy_belt_400rpm,research
289,0.042694792999999995,-0.053071742,70-H-0_healthy_belt_400rpm,research
290,0.05331979299999999,-0.041977742,70-H-0_healthy_belt_400rpm,research
291,0.002069792999999997,-0.061040742,70-H-0_healthy_belt_400rpm,research
292,-0.034805207000000005,0.0019282580000000004,70-H-0_healthy_belt_400rpm,research
293,-0.014180207000000004,0.040366258,70-H-0_healthy_belt_400rpm,research
294,0.00019479299999999866,0.018959258,70-H-0_healthy_belt_400rpm,research
295,-0.0026182070000000026,-0.005414742,70-H-0_healthy_belt_400rpm,research
296,0.0023827929999999976,-0.016508742,70-H-0_healthy_belt_400rpm,research
297,0.0039447929999999985,0.034741258,70-H-0_healthy_belt_400rpm,research
298,0.013006792999999996,0.025522258,70-H-0_healthy_belt_400rpm,research
299,0.035506792999999995,-0.034321742,70-H-0_healthy_belt_400rpm,research
300,0.004569792999999996,-0.000727742,70-H-0_healthy_belt_400rpm,research
301,-0.042305207000000004,0.025991258,70-H-0_healthy_belt_400rpm,research
302,0.04550779299999999,0.010991258,70-H-0_healthy_belt_400rpm,research
303,0.039569793,0.008335258,70-H-0_healthy_belt_400rpm,research
304,-0.037618207,0.030210257999999997,70-H-0_healthy_belt_400rpm,research
305,0.047069793,-0.044946742,70-H-0_healthy_belt_400rpm,research
306,0.021756792999999996,-0.004633742,70-H-0_healthy_belt_400rpm,research
307,-0.035743207,0.014584258,70-H-0_healthy_belt_400rpm,research
308,0.013319792999999996,-0.034633741999999995,70-H-0_healthy_belt_400rpm,research
309,0.023632793,-0.027602742,70-H-0_healthy_belt_400rpm,research
310,-0.04511820700000001,-0.006977742,70-H-0_healthy_belt_400rpm,research
311,0.021756792999999996,-0.009165742000000001,70-H-0_healthy_belt_400rpm,research
312,-0.043555207,-0.000727742,70-H-0_healthy_belt_400rpm,research
313,0.018944792999999994,-0.008227742,70-H-0_healthy_belt_400rpm,research
314,-0.004805207000000002,0.004116257999999999,70-H-0_healthy_belt_400rpm,research
315,-0.018867207000000004,0.000834258,70-H-0_healthy_belt_400rpm,research
316,-0.026992207000000004,0.033803258,70-H-0_healthy_belt_400rpm,research
317,-0.011992207000000003,-0.078071742,70-H-0_healthy_belt_400rpm,research
318,0.06113279299999999,-0.019946742,70-H-0_healthy_belt_400rpm,research
319,0.035819792999999996,-0.033852742,70-H-0_healthy_belt_400rpm,research
320,-0.030118207,-0.024946742,70-H-0_healthy_belt_400rpm,research
321,-0.064493207,0.027085258,70-H-0_healthy_belt_400rpm,research
322,0.016757793,0.012866257999999998,70-H-0_healthy_belt_400rpm,research
323,-0.006055207000000003,-0.024477742,70-H-0_healthy_belt_400rpm,research
324,-0.026055207000000004,0.050522258,70-H-0_healthy_belt_400rpm,research
325,-0.027930207000000006,-0.037446742,70-H-0_healthy_belt_400rpm,research
326,-0.005117207000000004,0.008647258,70-H-0_healthy_belt_400rpm,research
327,0.009569792999999997,0.018178258,70-H-0_healthy_belt_400rpm,research
328,0.026132792999999994,0.004272258000000001,70-H-0_healthy_belt_400rpm,research
329,-0.008242207000000003,0.005053258,70-H-0_healthy_belt_400rpm,research
330,0.018944792999999994,-0.0010397419999999997,70-H-0_healthy_belt_400rpm,research
331,0.024257793,-0.034633741999999995,70-H-0_healthy_belt_400rpm,research
332,0.017069793,0.032553258,70-H-0_healthy_belt_400rpm,research
333,0.006757792999999998,0.0038032580000000003,70-H-0_healthy_belt_400rpm,research
334,0.012694792999999996,0.033803258,70-H-0_healthy_belt_400rpm,research
335,0.04550779299999999,-0.002602742,70-H-0_healthy_belt_400rpm,research
336,-0.020743207000000003,5.325800000000047e-05,70-H-0_healthy_belt_400rpm,research
337,-0.038867207,-0.006040742,70-H-0_healthy_belt_400rpm,research
338,-0.023555207,-0.025571742,70-H-0_healthy_belt_400rpm,research
339,0.07019479299999999,-0.047290742,70-H-0_healthy_belt_400rpm,research
340,-0.009180207000000003,0.017241258,70-H-0_healthy_belt_400rpm,research
341,-0.027305207000000005,0.051772258,70-H-0_healthy_belt_400rpm,research
342,-0.035743207,-0.021196742,70-H-0_healthy_belt_400rpm,research
343,-0.009180207000000003,0.016928258,70-H-0_healthy_belt_400rpm,research
344,0.031132793,-0.001821742,70-H-0_healthy_belt_400rpm,research
345,-0.011055207000000003,0.0006782580000000002,70-H-0_healthy_belt_400rpm,research
346,-0.035743207,-0.004165742,70-H-0_healthy_belt_400rpm,research
347,0.020819792999999996,-0.006196742,70-H-0_healthy_belt_400rpm,research
348,0.011132792999999998,0.0013032579999999998,70-H-0_healthy_belt_400rpm,research
349,0.027069792999999995,0.025991258,70-H-0_healthy_belt_400rpm,research
350,-0.06980520700000001,-0.001508742,70-H-0_healthy_belt_400rpm,research
351,0.0011327929999999965,0.028178257999999998,70-H-0_healthy_belt_400rpm,research
352,-0.007305207000000003,-0.09729074200000001,70-H-0_healthy_belt_400rpm,research
353,-0.041368207000000004,0.025210258,70-H-0_healthy_belt_400rpm,research
354,-0.019180207000000005,0.015366258,70-H-0_healthy_belt_400rpm,research
355,-0.058555207000000005,0.0038032580000000003,70-H-0_healthy_belt_400rpm,research
356,0.015507792999999999,0.028647258000000002,70-H-0_healthy_belt_400rpm,research
357,0.037069793,-0.031196742,70-H-0_healthy_belt_400rpm,research
358,-0.033868207000000004,0.0013032579999999998,70-H-0_healthy_belt_400rpm,research
359,-0.031992207,-0.022758742,70-H-0_healthy_belt_400rpm,research
360,0.0008197929999999957,-0.011508741999999999,70-H-0_healthy_belt_400rpm,research
361,0.028006792999999995,-0.021821741999999998,70-H-0_healthy_belt_400rpm,research
362,0.022694792999999998,-0.011977742,70-H-0_healthy_belt_400rpm,research
363,-0.003555207000000003,0.0053662580000000005,70-H-0_healthy_belt_400rpm,research
364,0.000507792999999996,-0.014946741999999999,70-H-0_healthy_belt_400rpm,research
365,0.020506792999999995,0.011147258,70-H-0_healthy_belt_400rpm,research
366,-0.013242207000000002,-0.0005717419999999996,70-H-0_healthy_belt_400rpm,research
367,-0.015117207000000004,0.007710257999999999,70-H-0_healthy_belt_400rpm,research
368,-0.010743207000000003,-0.011352741999999999,70-H-0_healthy_belt_400rpm,research
369,0.026444792999999994,0.005991257999999999,70-H-0_healthy_belt_400rpm,research
370,-0.030430207,0.012397258000000001,70-H-0_healthy_belt_400rpm,research
371,-0.043555207,0.015835258,70-H-0_healthy_belt_400rpm,research
372,0.024569793,-0.012602742,70-H-0_healthy_belt_400rpm,research
373,0.035819792999999996,-0.011196741999999999,70-H-0_healthy_belt_400rpm,research
374,-0.051993207,-0.0011967419999999998,70-H-0_healthy_belt_400rpm,research
375,0.010819792999999998,0.009897258,70-H-0_healthy_belt_400rpm,research
376,0.022694792999999998,0.014428258,70-H-0_healthy_belt_400rpm,research
377,0.021756792999999996,0.012710257999999999,70-H-0_healthy_belt_400rpm,research
378,-0.021680207000000003,0.015522258,70-H-0_healthy_belt_400rpm,research
379,-0.042305207000000004,0.006147258000000001,70-H-0_healthy_belt_400rpm,research
380,0.004881792999999995,0.024428258,70-H-0_healthy_belt_400rpm,research
381,0.051756792999999995,0.011772258,70-H-0_healthy_belt_400rpm,research
382,-0.056055207,0.005991257999999999,70-H-0_healthy_belt_400rpm,research
383,-0.001680207000000003,-0.007915742,70-H-0_healthy_belt_400rpm,research
384,0.017694793,-0.049946742,70-H-0_healthy_belt_400rpm,research
385,0.0036327929999999953,0.0053662580000000005,70-H-0_healthy_belt_400rpm,research
386,0.020194792999999996,-0.029946742,70-H-0_healthy_belt_400rpm,research
387,-0.065743207,-0.046196742,70-H-0_healthy_belt_400rpm,research
388,-0.037618207,-0.027758742,70-H-0_healthy_belt_400rpm,research
389,0.058007793,-0.039790742,70-H-0_healthy_belt_400rpm,research
390,-0.007305207000000003,0.050991258,70-H-0_healthy_belt_400rpm,research
391,-0.012618207000000003,0.026772258,70-H-0_healthy_belt_400rpm,research
392,0.083319793,0.002866258,70-H-0_healthy_belt_400rpm,research
393,0.0036327929999999953,-0.011977742,70-H-0_healthy_belt_400rpm,research
394,-0.047305207,-0.029477742,70-H-0_healthy_belt_400rpm,research
395,-0.005743207000000004,-0.011821742,70-H-0_healthy_belt_400rpm,research
396,-0.025430207000000003,0.006303258000000001,70-H-0_healthy_belt_400rpm,research
397,-0.030430207,0.024116258,70-H-0_healthy_belt_400rpm,research
398,0.042694792999999995,-0.0038527419999999997,70-H-0_healthy_belt_400rpm,research
399,-0.005117207000000004,-0.014633742,70-H-0_healthy_belt_400rpm,research
400,-0.010430207000000004,0.025210258,70-H-0_healthy_belt_400rpm,research
401,0.05331979299999999,-0.034008742,70-H-0_healthy_belt_400rpm,research
402,-0.032930207,-0.019946742,70-H-0_healthy_belt_400rpm,research
403,-0.014805207000000003,0.023022258,70-H-0_healthy_belt_400rpm,research
404,-0.007305207000000003,0.006616258,70-H-0_healthy_belt_400rpm,research
405,-0.004492207000000003,-0.022602742,70-H-0_healthy_belt_400rpm,research
406,0.0023827929999999976,0.010366258,70-H-0_healthy_belt_400rpm,research
407,0.022382792999999998,0.015522258,70-H-0_healthy_belt_400rpm,research
408,0.019256792999999994,-0.018227741999999998,70-H-0_healthy_belt_400rpm,research
409,-0.012618207000000003,0.0070842579999999995,70-H-0_healthy_belt_400rpm,research
410,-0.024493207000000003,-0.039321742,70-H-0_healthy_belt_400rpm,research
411,-0.017930207000000004,-0.007289742,70-H-0_healthy_belt_400rpm,research
412,0.028631792999999996,-0.015414742,70-H-0_healthy_belt_400rpm,research
413,0.018631792999999994,-0.026977742,70-H-0_healthy_belt_400rpm,research
414,0.005194792999999996,0.021772258,70-H-0_healthy_belt_400rpm,research
415,-0.020117207,0.024585258,70-H-0_healthy_belt_400rpm,research
416,-0.046055207,-0.023539742,70-H-0_healthy_belt_400rpm,research
417,0.026444792999999994,-0.064633742,70-H-0_healthy_belt_400rpm,research
418,-0.031992207,0.018647258,70-H-0_healthy_belt_400rpm,research
419,-0.081055207,0.058491258,70-H-0_healthy_belt_400rpm,research
420,0.009881792999999996,0.044428258,70-H-0_healthy_belt_400rpm,research
421,0.013319792999999996,-0.052290742,70-H-0_healthy_belt_400rpm,research
422,0.032382793,0.013178258000000002,70-H-0_healthy_belt_400rpm,research
423,0.013006792999999996,-0.024790742,70-H-0_healthy_belt_400rpm,research
424,0.058944792999999995,-0.011196741999999999,70-H-0_healthy_belt_400rpm,research
425,0.0011327929999999965,0.014428258,70-H-0_healthy_belt_400rpm,research
426,-0.031992207,0.009116258,70-H-0_healthy_belt_400rpm,research
427,-0.063242207,0.057084258,70-H-0_healthy_belt_400rpm,research
428,0.062694793,-0.020883742,70-H-0_healthy_belt_400rpm,research
429,0.04675679299999999,-0.07400874199999999,70-H-0_healthy_belt_400rpm,research
430,0.012069792999999995,-0.005883742,70-H-0_healthy_belt_400rpm,research
431,-0.007305207000000003,-0.013540742,70-H-0_healthy_belt_400rpm,research
432,0.029882792999999998,-0.003540742,70-H-0_healthy_belt_400rpm,research
433,-0.048868207000000004,-0.038540742,70-H-0_healthy_belt_400rpm,research
434,-0.0019932070000000038,-0.004321742,70-H-0_healthy_belt_400rpm,research
435,0.005819792999999997,-0.028227742,70-H-0_healthy_belt_400rpm,research
436,-0.012618207000000003,-0.007758742,70-H-0_healthy_belt_400rpm,research
437,0.072694793,0.022084258,70-H-0_healthy_belt_400rpm,research
438,0.030507793,0.033022258,70-H-0_healthy_belt_400rpm,research
439,-0.057618207000000005,-0.022914742,70-H-0_healthy_belt_400rpm,research
440,0.0036327929999999953,-0.005727742,70-H-0_healthy_belt_400rpm,research
441,0.0036327929999999953,0.020678258,70-H-0_healthy_belt_400rpm,research
442,-0.034180207000000004,-0.002289742,70-H-0_healthy_belt_400rpm,research
443,0.021444792999999997,0.038335258,70-H-0_healthy_belt_400rpm,research
444,0.04675679299999999,-0.037915742,70-H-0_healthy_belt_400rpm,research
445,0.024257793,-0.048383742,70-H-0_healthy_belt_400rpm,research
446,0.015194792999999998,0.011928258,70-H-0_healthy_belt_400rpm,research
447,0.049569793,-0.055883742,70-H-0_healthy_belt_400rpm,research
448,-0.0004302070000000019,-0.040571742,70-H-0_healthy_belt_400rpm,research
449,0.010194792999999997,0.010834258,70-H-0_healthy_belt_400rpm,research
450,-0.0041802070000000035,0.018959258,70-H-0_healthy_belt_400rpm,research
451,-0.008242207000000003,-0.00010274199999999942,70-H-0_healthy_belt_400rpm,research
452,0.023319793,0.021303258,70-H-0_healthy_belt_400rpm,research
453,0.034569792999999994,-0.032446742,70-H-0_healthy_belt_400rpm,research
454,0.029882792999999998,0.031303258,70-H-0_healthy_belt_400rpm,research
455,-0.037618207,0.037866258,70-H-0_healthy_belt_400rpm,research
456,-0.04511820700000001,0.038022258,70-H-0_healthy_belt_400rpm,research
457,0.042694792999999995,-0.047915742,70-H-0_healthy_belt_400rpm,research
458,0.042382792999999995,-0.034633741999999995,70-H-0_healthy_belt_400rpm,research
459,-0.031680207,0.042866258,70-H-0_healthy_belt_400rpm,research
460,-0.011367207000000004,-0.027914742,70-H-0_healthy_belt_400rpm,research
461,-0.022305207000000004,-0.032915742,70-H-0_healthy_belt_400rpm,research
462,0.057382793,-0.044790742,70-H-0_healthy_belt_400rpm,research
463,-0.0023052070000000036,-0.007133742,70-H-0_healthy_belt_400rpm,research
464,-0.04511820700000001,-0.002446742,70-H-0_healthy_belt_400rpm,research
465,0.006757792999999998,0.016147258,70-H-0_healthy_belt_400rpm,research
466,0.020194792999999996,0.020366258,70-H-0_healthy_belt_400rpm,research
467,0.012381792999999999,-0.006352742,70-H-0_healthy_belt_400rpm,research
468,-0.004492207000000003,0.012397258000000001,70-H-0_healthy_belt_400rpm,research
469,0.006757792999999998,-0.0021337419999999997,70-H-0_healthy_belt_400rpm,research
470,-0.006680207000000002,-0.056352742,70-H-0_healthy_belt_400rpm,research
471,0.0061317929999999965,-0.006508742,70-H-0_healthy_belt_400rpm,research
472,-0.028242207000000005,0.025834258,70-H-0_healthy_belt_400rpm,research
473,-0.009493207000000004,-0.023071742,70-H-0_healthy_belt_400rpm,research
474,0.039882793,0.037241258,70-H-0_healthy_belt_400rpm,research
475,0.005819792999999997,0.018803258,70-H-0_healthy_belt_400rpm,research
476,-0.051055207000000005,-0.0013527419999999997,70-H-0_healthy_belt_400rpm,research
477,-0.0004302070000000019,-0.079790742,70-H-0_healthy_belt_400rpm,research
478,0.04863179299999999,-0.023852742,70-H-0_healthy_belt_400rpm,research
479,-0.032305207,0.049584258,70-H-0_healthy_belt_400rpm,research
480,-0.006680207000000002,-0.024946742,70-H-0_healthy_belt_400rpm,research
481,0.0008197929999999957,-0.017133742,70-H-0_healthy_belt_400rpm,research
482,0.016132793,0.002553258,70-H-0_healthy_belt_400rpm,research
483,-0.022618207,0.032866258,70-H-0_healthy_belt_400rpm,research
484,0.007694792999999998,0.0036472580000000004,70-H-0_healthy_belt_400rpm,research
485,0.007694792999999998,-0.008852742,70-H-0_healthy_belt_400rpm,research
486,0.011132792999999998,0.024116258,70-H-0_healthy_belt_400rpm,research
487,0.013944792999999997,0.002710258,70-H-0_healthy_belt_400rpm,research
488,0.010194792999999997,0.038335258,70-H-0_healthy_belt_400rpm,research
489,0.009256792999999996,0.037866258,70-H-0_healthy_belt_400rpm,research
490,-0.0029302070000000024,-0.037758742,70-H-0_healthy_belt_400rpm,research
491,0.015819793,0.07114725799999999,70-H-0_healthy_belt_400rpm,research
492,-0.0010552070000000024,0.056772258,70-H-0_healthy_belt_400rpm,research
493,0.011757792999999996,0.002866258,70-H-0_healthy_belt_400rpm,research
494,0.009256792999999996,-0.025415741999999998,70-H-0_healthy_belt_400rpm,research
495,-0.048242207,0.06989725799999999,70-H-0_healthy_belt_400rpm,research
496,0.011444792999999998,-0.019789742,70-H-0_healthy_belt_400rpm,research
497,0.026132792999999994,-0.006196742,70-H-0_healthy_belt_400rpm,research
498,-0.023555207,0.013491257999999999,70-H-0_healthy_belt_400rpm,research
499,-0.0038672070000000027,-0.10525874199999999,70-H-0_healthy_belt_400rpm,research
500,0.0061317929999999965,0.036616258,70-H-0_healthy_belt_400rpm,research
501,-0.031368207,-0.008071742,70-H-0_healthy_belt_400rpm,research
502,0.017069793,-0.067915742,70-H-0_healthy_belt_400rpm,research
503,0.007382792999999999,-0.002758742,70-H-0_healthy_belt_400rpm,research
504,-0.016992207000000002,-0.022914742,70-H-0_healthy_belt_400rpm,research
505,-0.060118207,-0.002758742,70-H-0_healthy_belt_400rpm,research
506,0.011132792999999998,0.008647258,70-H-0_healthy_belt_400rpm,research
507,0.033944792999999994,-0.0030717419999999997,70-H-0_healthy_belt_400rpm,research
508,-0.014180207000000004,-0.025727742,70-H-0_healthy_belt_400rpm,research
509,-0.0038672070000000027,0.017866258,70-H-0_healthy_belt_400rpm,research
510,0.032694793,-0.035414742,70-H-0_healthy_belt_400rpm,research
511,0.010819792999999998,0.017397258,70-H-0_healthy_belt_400rpm,research
512,-0.005430207000000003,0.031772258,70-H-0_healthy_belt_400rpm,research
513,0.053632793,-0.034321742,70-H-0_healthy_belt_400rpm,research
514,-0.010430207000000004,0.021147258,70-H-0_healthy_belt_400rpm,research
515,0.0039447929999999985,0.0053662580000000005,70-H-0_healthy_belt_400rpm,research
516,-0.016992207000000002,-0.023539742,70-H-0_healthy_belt_400rpm,research
517,0.005819792999999997,0.013959257999999999,70-H-0_healthy_belt_400rpm,research
518,0.0026947929999999974,0.020210258000000002,70-H-0_healthy_belt_400rpm,research
519,-0.0029302070000000024,-0.029946742,70-H-0_healthy_belt_400rpm,research
520,0.006757792999999998,0.021772258,70-H-0_healthy_belt_400rpm,research
521,-0.012618207000000003,0.0053662580000000005,70-H-0_healthy_belt_400rpm,research
522,0.045194793,0.044585258,70-H-0_healthy_belt_400rpm,research
523,0.028944792999999996,-0.019008742000000002,70-H-0_healthy_belt_400rpm,research
524,-0.031992207,0.025991258,70-H-0_healthy_belt_400rpm,research
525,0.011132792999999998,0.015991258,70-H-0_healthy_belt_400rpm,research
526,-0.053555207,-0.021196742,70-H-0_healthy_belt_400rpm,research
527,-0.031368207,0.026772258,70-H-0_healthy_belt_400rpm,research
528,-0.020117207,0.054741258,70-H-0_healthy_belt_400rpm,research
529,0.06425679299999999,-0.020102742,70-H-0_healthy_belt_400rpm,research
530,-0.023867207,-0.028540742,70-H-0_healthy_belt_400rpm,research
531,-0.018867207000000004,0.006147258000000001,70-H-0_healthy_belt_400rpm,research
532,-0.009180207000000003,0.032866258,70-H-0_healthy_belt_400rpm,research
533,0.005194792999999996,-0.024008742,70-H-0_healthy_belt_400rpm,research
534,0.005194792999999996,-0.012915742,70-H-0_healthy_belt_400rpm,research
535,-0.011055207000000003,-0.005258742,70-H-0_healthy_belt_400rpm,research
536,0.000507792999999996,0.043960258,70-H-0_healthy_belt_400rpm,research
537,-0.031368207,0.056772258,70-H-0_healthy_belt_400rpm,research
538,0.035506792999999995,-0.009633742,70-H-0_healthy_belt_400rpm,research
539,0.015194792999999998,-0.001821742,70-H-0_healthy_belt_400rpm,research
540,-0.021992207000000003,-0.0002587420000000002,70-H-0_healthy_belt_400rpm,research
541,0.037381792999999996,0.015210258,70-H-0_healthy_belt_400rpm,research
542,0.007694792999999998,-0.009321742000000001,70-H-0_healthy_belt_400rpm,research
543,0.011444792999999998,0.009897258,70-H-0_healthy_belt_400rpm,research
544,-0.024805207000000003,0.053022258,70-H-0_healthy_belt_400rpm,research
545,0.023007793,-0.048071742,70-H-0_healthy_belt_400rpm,research
546,0.030819792999999998,-0.006508742,70-H-0_healthy_belt_400rpm,research
547,-0.0063682070000000025,-0.016508742,70-H-0_healthy_belt_400rpm,research
548,-0.028555207000000003,-0.017290741999999998,70-H-0_healthy_belt_400rpm,research
549,-0.014493207000000003,0.014741258,70-H-0_healthy_belt_400rpm,research
550,0.0014447929999999963,-0.031039742,70-H-0_healthy_belt_400rpm,research
551,0.001756792999999996,0.015835258,70-H-0_healthy_belt_400rpm,research
552,0.015507792999999999,0.0036472580000000004,70-H-0_healthy_belt_400rpm,research
553,-0.018867207000000004,0.014741258,70-H-0_healthy_belt_400rpm,research
554,0.022694792999999998,-0.093696742,70-H-0_healthy_belt_400rpm,research
555,0.040507793,0.0039602579999999995,70-H-0_healthy_belt_400rpm,research
556,-0.027930207000000006,-0.013071741999999999,70-H-0_healthy_belt_400rpm,research
557,-0.013242207000000002,-0.022758742,70-H-0_healthy_belt_400rpm,research
558,0.028631792999999996,-0.009633742,70-H-0_healthy_belt_400rpm,research
559,0.0061317929999999965,0.022866258,70-H-0_healthy_belt_400rpm,research
560,-0.044180207,0.029741258,70-H-0_healthy_belt_400rpm,research
561,-0.033243207000000004,-0.017758742,70-H-0_healthy_belt_400rpm,research
562,0.019569792999999995,-0.048227742,70-H-0_healthy_belt_400rpm,research
563,0.043319792999999995,-0.006977742,70-H-0_healthy_belt_400rpm,research
564,-0.04511820700000001,-0.006040742,70-H-0_healthy_belt_400rpm,research
565,-0.051993207,-0.014946741999999999,70-H-0_healthy_belt_400rpm,research
566,0.013319792999999996,-0.009321742000000001,70-H-0_healthy_belt_400rpm,research
567,-0.025117207000000003,-0.005727742,70-H-0_healthy_belt_400rpm,research
568,-0.011992207000000003,0.058335257999999994,70-H-0_healthy_belt_400rpm,research
569,0.012694792999999996,0.051772258,70-H-0_healthy_belt_400rpm,research
570,0.026444792999999994,-0.021821741999999998,70-H-0_healthy_belt_400rpm,research
571,-0.023243207000000002,0.018803258,70-H-0_healthy_belt_400rpm,research
572,-0.026368207000000005,0.014897258,70-H-0_healthy_belt_400rpm,research
573,0.0023827929999999976,-0.009946742,70-H-0_healthy_belt_400rpm,research
574,0.027069792999999995,0.011460258000000001,70-H-0_healthy_belt_400rpm,research
575,0.005194792999999996,-0.013383742,70-H-0_healthy_belt_400rpm,research
576,-0.019180207000000005,0.034428258,70-H-0_healthy_belt_400rpm,research
577,0.013319792999999996,-0.015414742,70-H-0_healthy_belt_400rpm,research
578,0.070507793,-0.030258741999999998,70-H-0_healthy_belt_400rpm,research
579,0.028631792999999996,-0.005571741999999999,70-H-0_healthy_belt_400rpm,research
580,-0.035118207,0.0013032579999999998,70-H-0_healthy_belt_400rpm,research
581,-0.057618207000000005,0.013959257999999999,70-H-0_healthy_belt_400rpm,research
582,0.029569792999999997,-0.032915742,70-H-0_healthy_belt_400rpm,research
583,0.027694792999999995,-0.004477742,70-H-0_healthy_belt_400rpm,research
584,-0.012305207000000002,-0.020258742,70-H-0_healthy_belt_400rpm,research
585,-0.051368207000000006,0.037553258,70-H-0_healthy_belt_400rpm,research
586,0.032069793,0.012085258000000001,70-H-0_healthy_belt_400rpm,research
587,0.000507792999999996,0.009741258000000001,70-H-0_healthy_belt_400rpm,research
588,-0.089180207,0.047085258,70-H-0_healthy_belt_400rpm,research
589,0.036756792999999996,-0.026040742,70-H-0_healthy_belt_400rpm,research
590,-0.011992207000000003,-0.073071742,70-H-0_healthy_belt_400rpm,research
591,0.059569792999999996,-0.026196742,70-H-0_healthy_belt_400rpm,research
592,-0.035118207,0.015053258,70-H-0_healthy_belt_400rpm,research
593,-0.042618207000000005,0.053960258,70-H-0_healthy_belt_400rpm,research
594,-0.021680207000000003,-0.015258742,70-H-0_healthy_belt_400rpm,research
595,0.024569793,-0.020883742,70-H-0_healthy_belt_400rpm,research
596,-0.041055207,0.06317825799999999,70-H-0_healthy_belt_400rpm,research
597,-0.021680207000000003,-0.024477742,70-H-0_healthy_belt_400rpm,research
598,-0.027618207000000002,-0.003540742,70-H-0_healthy_belt_400rpm,research
599,0.015194792999999998,0.005522258,70-H-0_healthy_belt_400rpm,research
600,0.026757792999999995,0.005678258,70-H-0_healthy_belt_400rpm,research
601,-0.023555207,0.034897258,70-H-0_healthy_belt_400rpm,research
602,-0.022305207000000004,-0.095883742,70-H-0_healthy_belt_400rpm,research
603,-0.015743207000000002,-0.003540742,70-H-0_healthy_belt_400rpm,research
604,-0.019805207000000002,0.032241258,70-H-0_healthy_belt_400rpm,research
605,-0.025117207000000003,0.067241258,70-H-0_healthy_belt_400rpm,research
606,0.020194792999999996,-0.005571741999999999,70-H-0_healthy_belt_400rpm,research
607,0.032694793,-0.036352742,70-H-0_healthy_belt_400rpm,research
608,0.036756792999999996,0.044585258,70-H-0_healthy_belt_400rpm,research
609,-0.003555207000000003,0.045991258,70-H-0_healthy_belt_400rpm,research
610,-0.017305207000000003,-0.053227742,70-H-0_healthy_belt_400rpm,research
611,0.015819793,-0.073383742,70-H-0_healthy_belt_400rpm,research
612,-0.009493207000000004,-0.038852742,70-H-0_healthy_belt_400rpm,research
613,-0.038867207,0.002866258,70-H-0_healthy_belt_400rpm,research
614,0.026757792999999995,0.054428258,70-H-0_healthy_belt_400rpm,research
615,0.004256792999999998,-0.013852742,70-H-0_healthy_belt_400rpm,research
616,-0.016992207000000002,0.027710258,70-H-0_healthy_belt_400rpm,research
617,-0.016680207000000002,0.009897258,70-H-0_healthy_belt_400rpm,research
618,-0.014805207000000003,0.010678258,70-H-0_healthy_belt_400rpm,research
619,0.023319793,-0.012602742,70-H-0_healthy_belt_400rpm,research
620,0.017694793,0.014897258,70-H-0_healthy_belt_400rpm,research
621,-0.04574320700000001,0.032397258,70-H-0_healthy_belt_400rpm,research
622,0.004256792999999998,-0.004789742,70-H-0_healthy_belt_400rpm,research
623,0.024257793,0.0053662580000000005,70-H-0_healthy_belt_400rpm,research
624,0.023007793,-0.022758742,70-H-0_healthy_belt_400rpm,research
625,-0.005117207000000004,0.005835257999999999,70-H-0_healthy_belt_400rpm,research
626,-0.018242207000000003,-0.0029147419999999997,70-H-0_healthy_belt_400rpm,research
627,0.039569793,-0.041508742,70-H-0_healthy_belt_400rpm,research
628,-0.0019932070000000038,0.041772258,70-H-0_healthy_belt_400rpm,research
629,-0.018242207000000003,0.002397258,70-H-0_healthy_belt_400rpm,research
630,0.035819792999999996,0.043491258,70-H-0_healthy_belt_400rpm,research
631,0.05394479299999999,0.0019282580000000004,70-H-0_healthy_belt_400rpm,research
632,-0.050118207000000005,0.06192825800000001,70-H-0_healthy_belt_400rpm,research
633,-0.121680207,-0.043227742,70-H-0_healthy_belt_400rpm,research
634,0.025507792999999994,0.005522258,70-H-0_healthy_belt_400rpm,research
635,0.027069792999999995,-0.004165742,70-H-0_healthy_belt_400rpm,research
636,-0.012930207000000003,0.013803257999999999,70-H-0_healthy_belt_400rpm,research
637,-0.025430207000000003,0.006616258,70-H-0_healthy_belt_400rpm,research
638,-0.005430207000000003,0.018647258,70-H-0_healthy_belt_400rpm,research
639,0.016444793,-0.014321742,70-H-0_healthy_belt_400rpm,research
640,0.022069792999999997,0.022866258,70-H-0_healthy_belt_400rpm,research
641,-0.020117207,-0.006196742,70-H-0_healthy_belt_400rpm,research
642,-0.008242207000000003,0.013959257999999999,70-H-0_healthy_belt_400rpm,research
643,-0.011055207000000003,-0.002289742,70-H-0_healthy_belt_400rpm,research
644,-0.018242207000000003,0.036616258,70-H-0_healthy_belt_400rpm,research
645,0.035819792999999996,-0.045883742,70-H-0_healthy_belt_400rpm,research
646,0.036756792999999996,0.017709258,70-H-0_healthy_belt_400rpm,research
647,0.001756792999999996,0.008178258,70-H-0_healthy_belt_400rpm,research
648,-0.039492207,-0.013227742,70-H-0_healthy_belt_400rpm,research
649,-0.005743207000000004,-0.009633742,70-H-0_healthy_belt_400rpm,research
650,0.008007792999999996,-0.029946742,70-H-0_healthy_belt_400rpm,research
651,-0.0041802070000000035,0.006772258,70-H-0_healthy_belt_400rpm,research
652,-0.003242207000000002,-0.032133742,70-H-0_healthy_belt_400rpm,research
653,0.006757792999999998,0.028647258000000002,70-H-0_healthy_belt_400rpm,research
654,-0.014180207000000004,0.035678258,70-H-0_healthy_belt_400rpm,research
655,-0.018867207000000004,-0.017758742,70-H-0_healthy_belt_400rpm,research
656,-0.016992207000000002,0.0039602579999999995,70-H-0_healthy_belt_400rpm,research
657,0.044569792999999996,-0.017290741999999998,70-H-0_healthy_belt_400rpm,research
658,-0.017930207000000004,-0.006040742,70-H-0_healthy_belt_400rpm,research
659,0.024882793,-0.0013527419999999997,70-H-0_healthy_belt_400rpm,research
660,-0.0019932070000000038,0.035835258,70-H-0_healthy_belt_400rpm,research
661,-0.014805207000000003,0.024428258,70-H-0_healthy_belt_400rpm,research
662,0.016132793,-0.039946742,70-H-0_healthy_belt_400rpm,research
663,0.047069793,-0.016039742,70-H-0_healthy_belt_400rpm,research
664,0.007382792999999999,0.026459258,70-H-0_healthy_belt_400rpm,research
665,0.026757792999999995,-0.06822774200000001,70-H-0_healthy_belt_400rpm,research
666,-0.021368207000000004,-0.017290741999999998,70-H-0_healthy_belt_400rpm,research
667,0.043944792999999996,-0.016508742,70-H-0_healthy_belt_400rpm,research
668,0.023319793,0.015991258,70-H-0_healthy_belt_400rpm,research
669,-0.007930207000000003,0.021772258,70-H-0_healthy_belt_400rpm,research
670,0.009569792999999997,-0.000727742,70-H-0_healthy_belt_400rpm,research
671,0.0023827929999999976,0.025991258,70-H-0_healthy_belt_400rpm,research
672,-0.011055207000000003,0.013647257999999999,70-H-0_healthy_belt_400rpm,research
673,0.010507792999999998,0.010678258,70-H-0_healthy_belt_400rpm,research
674,-0.013867207000000003,-0.024321742,70-H-0_healthy_belt_400rpm,research
675,-0.006992207000000004,-0.025883742,70-H-0_healthy_belt_400rpm,research
676,0.024882793,0.006147258000000001,70-H-0_healthy_belt_400rpm,research
677,0.00019479299999999866,0.043491258,70-H-0_healthy_belt_400rpm,research
678,0.021444792999999997,-0.054946742,70-H-0_healthy_belt_400rpm,research
679,0.011757792999999996,-0.040414742,70-H-0_healthy_belt_400rpm,research
680,-0.004492207000000003,0.035053258,70-H-0_healthy_belt_400rpm,research
681,-0.033555207000000004,0.027397258,70-H-0_healthy_belt_400rpm,research
682,-0.007930207000000003,-0.024165742,70-H-0_healthy_belt_400rpm,research
683,0.021444792999999997,-0.030727742,70-H-0_healthy_belt_400rpm,research
684,0.030507793,0.011616258,70-H-0_healthy_belt_400rpm,research
685,-0.005743207000000004,-0.005258742,70-H-0_healthy_belt_400rpm,research
686,-0.0029302070000000024,-0.008383742,70-H-0_healthy_belt_400rpm,research
687,0.007069792999999998,-0.020727742,70-H-0_healthy_belt_400rpm,research
688,0.040507793,-0.034946742,70-H-0_healthy_belt_400rpm,research
689,-0.041368207000000004,0.019741258,70-H-0_healthy_belt_400rpm,research
690,-0.008867207000000004,-0.041977742,70-H-0_healthy_belt_400rpm,research
691,-0.011992207000000003,0.029116258,70-H-0_healthy_belt_400rpm,research
692,-0.025743207000000004,-0.003540742,70-H-0_healthy_belt_400rpm,research
693,-0.021368207000000004,-0.013071741999999999,70-H-0_healthy_belt_400rpm,research
694,-0.03793020700000001,0.039897258,70-H-0_healthy_belt_400rpm,research
695,0.057694792999999994,-0.035727742,70-H-0_healthy_belt_400rpm,research
696,0.026132792999999994,0.06489725800000001,70-H-0_healthy_belt_400rpm,research
697,0.013319792999999996,0.068022258,70-H-0_healthy_belt_400rpm,research
698,-0.026368207000000005,-0.016665741999999997,70-H-0_healthy_belt_400rpm,research
699,0.018007792999999994,0.053647258,70-H-0_healthy_belt_400rpm,research
700,0.035194792999999995,-0.020883742,70-H-0_healthy_belt_400rpm,research
701,0.044881792999999996,-0.013540742,70-H-0_healthy_belt_400rpm,research
702,-0.043555207,-0.017758742,70-H-0_healthy_belt_400rpm,research
703,-0.040742207,0.010678258,70-H-0_healthy_belt_400rpm,research
704,0.013006792999999996,-0.042602742,70-H-0_healthy_belt_400rpm,research
705,0.022694792999999998,0.013647257999999999,70-H-0_healthy_belt_400rpm,research
706,-0.028555207000000003,0.027866257999999998,70-H-0_healthy_belt_400rpm,research
707,0.037694793,-0.012446742,70-H-0_healthy_belt_400rpm,research
708,0.0061317929999999965,0.016460258,70-H-0_healthy_belt_400rpm,research
709,-0.021680207000000003,0.029897258000000003,70-H-0_healthy_belt_400rpm,research
710,-0.018242207000000003,0.007710257999999999,70-H-0_healthy_belt_400rpm,research
711,0.0061317929999999965,0.0003662580000000004,70-H-0_healthy_belt_400rpm,research
712,0.027381792999999995,-0.033852742,70-H-0_healthy_belt_400rpm,research
713,-0.025430207000000003,0.032866258,70-H-0_healthy_belt_400rpm,research
714,-0.07480520700000001,0.066303258,70-H-0_healthy_belt_400rpm,research
715,0.0026947929999999974,-0.017914741999999997,70-H-0_healthy_belt_400rpm,research
716,0.088944793,-0.042602742,70-H-0_healthy_belt_400rpm,research
717,-0.0041802070000000035,0.022397258,70-H-0_healthy_belt_400rpm,research
718,-0.03730520700000001,0.017397258,70-H-0_healthy_belt_400rpm,research
719,-0.012930207000000003,0.015678258,70-H-0_healthy_belt_400rpm,research
720,0.04613279299999999,-0.018383742,70-H-0_healthy_belt_400rpm,research
721,-0.022305207000000004,0.028335258000000002,70-H-0_healthy_belt_400rpm,research
722,-0.051055207000000005,0.0034912580000000006,70-H-0_healthy_belt_400rpm,research
723,0.035819792999999996,-0.024008742,70-H-0_healthy_belt_400rpm,research
724,0.015819793,0.005209258,70-H-0_healthy_belt_400rpm,research
725,0.010194792999999997,0.032397258,70-H-0_healthy_belt_400rpm,research
726,-0.06980520700000001,0.037710258,70-H-0_healthy_belt_400rpm,research
727,-0.023243207000000002,-0.029165742,70-H-0_healthy_belt_400rpm,research
728,0.050194793,-0.0005717419999999996,70-H-0_healthy_belt_400rpm,research
729,0.017382792999999994,0.034897258,70-H-0_healthy_belt_400rpm,research
730,-0.008242207000000003,-0.0005717419999999996,70-H-0_healthy_belt_400rpm,research
731,-0.007618207000000004,0.055678258,70-H-0_healthy_belt_400rpm,research
732,0.032069793,0.002866258,70-H-0_healthy_belt_400rpm,research
733,0.016757793,-0.012915742,70-H-0_healthy_belt_400rpm,research
734,-0.014493207000000003,0.023022258,70-H-0_healthy_belt_400rpm,research
735,-0.0013672070000000022,-0.046196742,70-H-0_healthy_belt_400rpm,research
736,0.014569792999999998,0.013959257999999999,70-H-0_healthy_belt_400rpm,research
737,0.007069792999999998,0.042553258000000004,70-H-0_healthy_belt_400rpm,research
738,-0.0038672070000000027,-0.040883742,70-H-0_healthy_belt_400rpm,research
739,-0.026368207000000005,-0.026664741999999998,70-H-0_healthy_belt_400rpm,research
740,-0.010430207000000004,0.007397258,70-H-0_healthy_belt_400rpm,research
741,0.018944792999999994,0.013022258000000002,70-H-0_healthy_belt_400rpm,research
742,-0.021368207000000004,0.039897258,70-H-0_healthy_belt_400rpm,research
743,0.003007792999999998,0.039272258,70-H-0_healthy_belt_400rpm,research
744,0.013006792999999996,0.030991258,70-H-0_healthy_belt_400rpm,research
745,0.022694792999999998,0.0014602579999999999,70-H-0_healthy_belt_400rpm,research
746,0.030507793,0.022709258,70-H-0_healthy_belt_400rpm,research
747,-0.030118207,-0.030883742,70-H-0_healthy_belt_400rpm,research
748,0.009881792999999996,0.002710258,70-H-0_healthy_belt_400rpm,research
749,-0.014805207000000003,0.038491258,70-H-0_healthy_belt_400rpm,research
750,-0.006992207000000004,0.031459258,70-H-0_healthy_belt_400rpm,research
751,0.008632792999999996,0.007553258,70-H-0_healthy_belt_400rpm,research
752,-0.004805207000000002,0.0070842579999999995,70-H-0_healthy_belt_400rpm,research
753,0.009569792999999997,-0.028071742,70-H-0_healthy_belt_400rpm,research
754,-0.036993207,0.020522258,70-H-0_healthy_belt_400rpm,research
755,-0.043867207000000005,0.024272258,70-H-0_healthy_belt_400rpm,research
756,-0.016992207000000002,0.023960258,70-H-0_healthy_belt_400rpm,research
757,0.023944793,-0.005258742,70-H-0_healthy_belt_400rpm,research
758,-0.007618207000000004,-0.019477742,70-H-0_healthy_belt_400rpm,research
759,0.007694792999999998,0.064584258,70-H-0_healthy_belt_400rpm,research
760,-0.006992207000000004,-0.005571741999999999,70-H-0_healthy_belt_400rpm,research
761,-0.113867207,-0.043539742,70-H-0_healthy_belt_400rpm,research
762,0.020506792999999995,-0.051039742,70-H-0_healthy_belt_400rpm,research
763,-0.09261820700000001,0.011147258,70-H-0_healthy_belt_400rpm,research
764,-0.019805207000000002,0.010053258,70-H-0_healthy_belt_400rpm,research
765,0.025819792999999994,-0.009008742,70-H-0_healthy_belt_400rpm,research
766,0.006444792999999997,-0.007915742,70-H-0_healthy_belt_400rpm,research
767,-0.052618207,0.034584258,70-H-0_healthy_belt_400rpm,research
768,0.023319793,-0.020571742,70-H-0_healthy_belt_400rpm,research
769,0.0023827929999999976,0.000991258,70-H-0_healthy_belt_400rpm,research
770,0.000507792999999996,0.015053258,70-H-0_healthy_belt_400rpm,research
771,-0.022305207000000004,0.042397258,70-H-0_healthy_belt_400rpm,research
772,-0.028867207000000002,0.009741258000000001,70-H-0_healthy_belt_400rpm,research
773,0.009569792999999997,0.0053662580000000005,70-H-0_healthy_belt_400rpm,research
774,0.05644479299999999,-0.057446742,70-H-0_healthy_belt_400rpm,research
775,0.044881792999999996,-0.023227742,70-H-0_healthy_belt_400rpm,research
776,-0.021992207000000003,-0.0002587420000000002,70-H-0_healthy_belt_400rpm,research
777,0.020819792999999996,-0.028696742,70-H-0_healthy_belt_400rpm,research
778,0.001756792999999996,-0.007446741999999999,70-H-0_healthy_belt_400rpm,research
779,-0.023243207000000002,0.027866257999999998,70-H-0_healthy_belt_400rpm,research
780,-0.028867207000000002,0.008959258,70-H-0_healthy_belt_400rpm,research
781,-0.024805207000000003,-0.009477742,70-H-0_healthy_belt_400rpm,research
782,-0.019180207000000005,0.035053258,70-H-0_healthy_belt_400rpm,research
783,0.009256792999999996,0.0020852580000000004,70-H-0_healthy_belt_400rpm,research
784,-0.010743207000000003,-0.023383742,70-H-0_healthy_belt_400rpm,research
785,0.032069793,-0.0002587420000000002,70-H-0_healthy_belt_400rpm,research
786,-0.030743207,0.017866258,70-H-0_healthy_belt_400rpm,research
787,0.043319792999999995,-0.031977742,70-H-0_healthy_belt_400rpm,research
788,-0.0041802070000000035,0.042241258,70-H-0_healthy_belt_400rpm,research
789,-0.049493207000000004,0.023960258,70-H-0_healthy_belt_400rpm,research
790,-0.19011820699999998,0.015835258,70-H-0_healthy_belt_400rpm,research
791,0.028006792999999995,-0.041352742,70-H-0_healthy_belt_400rpm,research
792,0.032694793,0.011928258,70-H-0_healthy_belt_400rpm,research
793,0.0036327929999999953,-0.012758742,70-H-0_healthy_belt_400rpm,research
794,0.042382792999999995,0.010834258,70-H-0_healthy_belt_400rpm,research
795,-0.011367207000000004,-0.0005717419999999996,70-H-0_healthy_belt_400rpm,research
796,0.011132792999999998,-0.008540742,70-H-0_healthy_belt_400rpm,research
797,-0.044492207000000006,-0.015102742,70-H-0_healthy_belt_400rpm,research
798,0.067694793,-0.046665742,70-H-0_healthy_belt_400rpm,research
799,0.0014447929999999963,0.042866258,70-H-0_healthy_belt_400rpm,research
800,-0.058555207000000005,0.009897258,70-H-0_healthy_belt_400rpm,research
801,0.015819793,0.005209258,70-H-0_healthy_belt_400rpm,research
802,0.046444793,-0.006821742,70-H-0_healthy_belt_400rpm,research
803,0.023319793,-0.005727742,70-H-0_healthy_belt_400rpm,research
804,-0.033243207000000004,-0.029321742,70-H-0_healthy_belt_400rpm,research
805,-0.019180207000000005,0.013491257999999999,70-H-0_healthy_belt_400rpm,research
806,-0.047930207,0.0017722580000000005,70-H-0_healthy_belt_400rpm,research
807,0.038632793,-0.024008742,70-H-0_healthy_belt_400rpm,research
808,0.021131792999999996,0.015053258,70-H-0_healthy_belt_400rpm,research
809,0.019256792999999994,-0.001508742,70-H-0_healthy_belt_400rpm,research
810,0.026444792999999994,-0.024633742,70-H-0_healthy_belt_400rpm,research
811,0.033007792999999994,0.012085258000000001,70-H-0_healthy_belt_400rpm,research
812,-0.083555207,0.006772258,70-H-0_healthy_belt_400rpm,research
813,0.010819792999999998,-0.001508742,70-H-0_healthy_belt_400rpm,research
814,0.035194792999999995,0.015835258,70-H-0_healthy_belt_400rpm,research
815,0.003319792999999998,0.007241258,70-H-0_healthy_belt_400rpm,research
816,-0.014805207000000003,-0.004789742,70-H-0_healthy_belt_400rpm,research
817,0.018007792999999994,0.016147258,70-H-0_healthy_belt_400rpm,research
818,0.04863179299999999,-0.009008742,70-H-0_healthy_belt_400rpm,research
819,0.012381792999999999,-0.024008742,70-H-0_healthy_belt_400rpm,research
820,-0.034493207,0.040834258,70-H-0_healthy_belt_400rpm,research
821,-0.04699220700000001,-0.006977742,70-H-0_healthy_belt_400rpm,research
822,0.016132793,-0.014790741999999999,70-H-0_healthy_belt_400rpm,research
823,0.032694793,-0.029790742,70-H-0_healthy_belt_400rpm,research
824,0.00019479299999999866,0.039585258,70-H-0_healthy_belt_400rpm,research
825,-0.005430207000000003,0.015210258,70-H-0_healthy_belt_400rpm,research
826,0.031757793,-0.0038527419999999997,70-H-0_healthy_belt_400rpm,research
827,0.025819792999999994,-0.007602742,70-H-0_healthy_belt_400rpm,research
828,-0.0029302070000000024,-0.001821742,70-H-0_healthy_belt_400rpm,research
829,-0.064805207,0.004428258000000001,70-H-0_healthy_belt_400rpm,research
830,0.035819792999999996,0.020366258,70-H-0_healthy_belt_400rpm,research
831,0.074882793,0.004272258000000001,70-H-0_healthy_belt_400rpm,research
832,0.05456979299999999,-0.015102742,70-H-0_healthy_belt_400rpm,research
833,0.015819793,-0.030415742,70-H-0_healthy_belt_400rpm,research
834,-0.047617207,0.023960258,70-H-0_healthy_belt_400rpm,research
835,0.008007792999999996,-0.031664741999999996,70-H-0_healthy_belt_400rpm,research
836,0.047069793,-0.073071742,70-H-0_healthy_belt_400rpm,research
837,-0.029493207,0.056459258,70-H-0_healthy_belt_400rpm,research
838,0.009569792999999997,-0.008227742,70-H-0_healthy_belt_400rpm,research
839,0.006444792999999997,-0.005258742,70-H-0_healthy_belt_400rpm,research
840,-0.007305207000000003,0.031928258,70-H-0_healthy_belt_400rpm,research
841,0.0061317929999999965,-0.006196742,70-H-0_healthy_belt_400rpm,research
842,-0.012930207000000003,-0.026977742,70-H-0_healthy_belt_400rpm,research
843,-0.011055207000000003,0.031616258,70-H-0_healthy_belt_400rpm,research
844,0.046444793,0.002710258,70-H-0_healthy_belt_400rpm,research
845,0.003319792999999998,0.055522258,70-H-0_healthy_belt_400rpm,research
846,-0.03793020700000001,-0.016352742,70-H-0_healthy_belt_400rpm,research
847,-0.020743207000000003,-0.008696742,70-H-0_healthy_belt_400rpm,research
848,0.048319793,-0.013383742,70-H-0_healthy_belt_400rpm,research
849,-0.014180207000000004,0.011772258,70-H-0_healthy_belt_400rpm,research
850,-0.06261720700000001,0.016772258,70-H-0_healthy_belt_400rpm,research
851,-0.026992207000000004,-0.007602742,70-H-0_healthy_belt_400rpm,research
852,0.061444793,-0.012602742,70-H-0_healthy_belt_400rpm,research
853,0.017382792999999994,-0.009321742000000001,70-H-0_healthy_belt_400rpm,research
854,0.0026947929999999974,0.023491258,70-H-0_healthy_belt_400rpm,research
855,0.072382793,-0.011977742,70-H-0_healthy_belt_400rpm,research
856,0.030507793,-0.034165742,70-H-0_healthy_belt_400rpm,research
857,-0.051055207000000005,-0.034165742,70-H-0_healthy_belt_400rpm,research
858,-0.025117207000000003,-0.011040742,70-H-0_healthy_belt_400rpm,research
859,-0.0019932070000000038,0.018803258,70-H-0_healthy_belt_400rpm,research
860,0.0014447929999999963,0.020835258,70-H-0_healthy_belt_400rpm,research
861,0.004881792999999995,-0.001508742,70-H-0_healthy_belt_400rpm,research
862,-0.019180207000000005,0.027241257999999997,70-H-0_healthy_belt_400rpm,research
863,0.003007792999999998,-0.039633742,70-H-0_healthy_belt_400rpm,research
864,-0.007618207000000004,0.0005222580000000003,70-H-0_healthy_belt_400rpm,research
865,-0.010743207000000003,-0.053227742,70-H-0_healthy_belt_400rpm,research
866,-0.029180207000000003,0.024428258,70-H-0_healthy_belt_400rpm,research
867,0.0014447929999999963,-0.034321742,70-H-0_healthy_belt_400rpm,research
868,0.061444793,-0.004008742,70-H-0_healthy_belt_400rpm,research
869,0.055507793,-0.033540742,70-H-0_healthy_belt_400rpm,research
870,-0.032617207,0.0031782579999999998,70-H-0_healthy_belt_400rpm,research
871,0.051756792999999995,0.009741258000000001,70-H-0_healthy_belt_400rpm,research
872,-0.006992207000000004,-0.049789742,70-H-0_healthy_belt_400rpm,research
873,-0.019493207000000002,-0.010571741999999999,70-H-0_healthy_belt_400rpm,research
874,-0.0023052070000000036,0.038960258,70-H-0_healthy_belt_400rpm,research
875,0.024882793,-0.029477742,70-H-0_healthy_belt_400rpm,research
876,0.003007792999999998,-0.037133742,70-H-0_healthy_belt_400rpm,research
877,0.026757792999999995,-0.038383742,70-H-0_healthy_belt_400rpm,research
878,0.009881792999999996,0.004585258,70-H-0_healthy_belt_400rpm,research
879,-0.041993207000000005,0.014584258,70-H-0_healthy_belt_400rpm,research
880,-0.011992207000000003,-0.047446742,70-H-0_healthy_belt_400rpm,research
881,-0.021368207000000004,0.006772258,70-H-0_healthy_belt_400rpm,research
882,0.012069792999999995,0.039272258,70-H-0_healthy_belt_400rpm,research
883,0.016757793,0.006147258000000001,70-H-0_healthy_belt_400rpm,research
884,0.035506792999999995,-0.005414742,70-H-0_healthy_belt_400rpm,research
885,0.0061317929999999965,0.024116258,70-H-0_healthy_belt_400rpm,research
886,0.013319792999999996,-0.046508742,70-H-0_healthy_belt_400rpm,research
887,0.0039447929999999985,0.012710257999999999,70-H-0_healthy_belt_400rpm,research
888,-0.027305207000000005,0.047085258,70-H-0_healthy_belt_400rpm,research
889,0.009881792999999996,0.015053258,70-H-0_healthy_belt_400rpm,research
890,-0.033243207000000004,0.023022258,70-H-0_healthy_belt_400rpm,research
891,0.038007793,0.013803257999999999,70-H-0_healthy_belt_400rpm,research
892,-0.005743207000000004,-0.041664742,70-H-0_healthy_belt_400rpm,research
893,0.039257793,-0.015102742,70-H-0_healthy_belt_400rpm,research
894,-0.040430207,0.018491258,70-H-0_healthy_belt_400rpm,research
895,-0.021680207000000003,-0.027289742,70-H-0_healthy_belt_400rpm,research
896,0.012694792999999996,0.042553258000000004,70-H-0_healthy_belt_400rpm,research
897,0.023007793,0.034272258,70-H-0_healthy_belt_400rpm,research
898,-0.0010552070000000024,0.0038032580000000003,70-H-0_healthy_belt_400rpm,research
899,0.034569792999999994,-0.064633742,70-H-0_healthy_belt_400rpm,research
900,0.010194792999999997,0.061459257999999996,70-H-0_healthy_belt_400rpm,research
901,-0.058243207000000005,0.022553258,70-H-0_healthy_belt_400rpm,research
902,-0.008867207000000004,0.022866258,70-H-0_healthy_belt_400rpm,research
903,0.065506793,-0.005258742,70-H-0_healthy_belt_400rpm,research
904,0.0008197929999999957,-0.044790742,70-H-0_healthy_belt_400rpm,research
905,-0.049493207000000004,0.023178258,70-H-0_healthy_belt_400rpm,research
906,-0.039180207,-0.021352742,70-H-0_healthy_belt_400rpm,research
907,0.026757792999999995,-0.020102742,70-H-0_healthy_belt_400rpm,research
908,0.032694793,-0.011665742,70-H-0_healthy_belt_400rpm,research
909,-0.03730520700000001,-0.043383742,70-H-0_healthy_belt_400rpm,research
910,-0.012930207000000003,0.051303258,70-H-0_healthy_belt_400rpm,research
911,0.003007792999999998,-0.008852742,70-H-0_healthy_belt_400rpm,research
912,0.031132793,-0.020571742,70-H-0_healthy_belt_400rpm,research
913,-0.019493207000000002,0.046928258,70-H-0_healthy_belt_400rpm,research
914,0.007694792999999998,-0.001665742,70-H-0_healthy_belt_400rpm,research
915,0.051444793,0.002397258,70-H-0_healthy_belt_400rpm,research
916,-0.012618207000000003,0.004116257999999999,70-H-0_healthy_belt_400rpm,research
917,-0.058555207000000005,0.013178258000000002,70-H-0_healthy_belt_400rpm,research
918,-0.007618207000000004,-0.015258742,70-H-0_healthy_belt_400rpm,research
919,0.014882792999999998,-0.001821742,70-H-0_healthy_belt_400rpm,research
920,0.040194793,0.028178257999999998,70-H-0_healthy_belt_400rpm,research
921,-0.080118207,-0.002758742,70-H-0_healthy_belt_400rpm,research
922,-0.009493207000000004,-0.017914741999999997,70-H-0_healthy_belt_400rpm,research
923,0.050819793,-0.010571741999999999,70-H-0_healthy_belt_400rpm,research
924,0.030507793,-0.010571741999999999,70-H-0_healthy_belt_400rpm,research
925,-0.012930207000000003,0.028178257999999998,70-H-0_healthy_belt_400rpm,research
926,-0.083242207,0.031772258,70-H-0_healthy_belt_400rpm,research
927,0.078944793,-0.020883742,70-H-0_healthy_belt_400rpm,research
928,0.021444792999999997,0.035053258,70-H-0_healthy_belt_400rpm,research
929,0.021444792999999997,-0.018540742,70-H-0_healthy_belt_400rpm,research
930,-0.051055207000000005,-0.0019777419999999998,70-H-0_healthy_belt_400rpm,research
931,0.019881792999999995,-0.033227742000000005,70-H-0_healthy_belt_400rpm,research
932,0.007382792999999999,-0.049633742,70-H-0_healthy_belt_400rpm,research
933,-0.071992207,0.039272258,70-H-0_healthy_belt_400rpm,research
934,-0.0013672070000000022,-0.034008742,70-H-0_healthy_belt_400rpm,research
935,0.00019479299999999866,-0.014477742,70-H-0_healthy_belt_400rpm,research
936,0.014882792999999998,-0.011977742,70-H-0_healthy_belt_400rpm,research
937,-0.024180207000000002,0.010522258,70-H-0_healthy_belt_400rpm,research
938,-0.078555207,0.0020852580000000004,70-H-0_healthy_belt_400rpm,research
939,0.04675679299999999,-0.025102742,70-H-0_healthy_belt_400rpm,research
940,0.015819793,-0.015102742,70-H-0_healthy_belt_400rpm,research
941,-0.045430207,0.007241258,70-H-0_healthy_belt_400rpm,research
942,-0.009805207000000003,0.002866258,70-H-0_healthy_belt_400rpm,research
943,0.0023827929999999976,-0.0013527419999999997,70-H-0_healthy_belt_400rpm,research
944,-0.0013672070000000022,0.013647257999999999,70-H-0_healthy_belt_400rpm,research
945,-0.029493207,-0.00010274199999999942,70-H-0_healthy_belt_400rpm,research
946,0.005506792999999996,-0.016821742,70-H-0_healthy_belt_400rpm,research
947,0.009881792999999996,0.008491258,70-H-0_healthy_belt_400rpm,research
948,0.002069792999999997,0.005209258,70-H-0_healthy_belt_400rpm,research
949,-0.035743207,0.026928258000000004,70-H-0_healthy_belt_400rpm,research
950,-0.006680207000000002,-0.012915742,70-H-0_healthy_belt_400rpm,research
951,0.047069793,-0.043383742,70-H-0_healthy_belt_400rpm,research
952,-0.021992207000000003,-0.026508742,70-H-0_healthy_belt_400rpm,research
953,-0.0019932070000000038,0.022397258,70-H-0_healthy_belt_400rpm,research
954,-0.001680207000000003,-0.034321742,70-H-0_healthy_belt_400rpm,research
955,0.0023827929999999976,-0.029946742,70-H-0_healthy_belt_400rpm,research
956,0.020506792999999995,-0.011508741999999999,70-H-0_healthy_belt_400rpm,research
957,-0.014493207000000003,-0.032290742,70-H-0_healthy_belt_400rpm,research
958,-0.052305207000000006,0.0039602579999999995,70-H-0_healthy_belt_400rpm,research
959,0.049881792999999994,0.015522258,70-H-0_healthy_belt_400rpm,research
960,-0.007930207000000003,-0.009633742,70-H-0_healthy_belt_400rpm,research
961,-0.008867207000000004,0.015366258,70-H-0_healthy_belt_400rpm,research
962,0.026757792999999995,-0.028540742,70-H-0_healthy_belt_400rpm,research
963,0.008944792999999996,-0.008383742,70-H-0_healthy_belt_400rpm,research
964,0.034569792999999994,0.005835257999999999,70-H-0_healthy_belt_400rpm,research
965,-0.030118207,0.024428258,70-H-0_healthy_belt_400rpm,research
966,-0.070430207,0.010522258,70-H-0_healthy_belt_400rpm,research
967,-0.001680207000000003,-0.009633742,70-H-0_healthy_belt_400rpm,research
968,0.036131792999999995,-0.011821742,70-H-0_healthy_belt_400rpm,research
969,-0.039805207,0.031928258,70-H-0_healthy_belt_400rpm,research
970,-0.009805207000000003,-0.053227742,70-H-0_healthy_belt_400rpm,research
971,0.024569793,-0.029946742,70-H-0_healthy_belt_400rpm,research
972,-0.031055207,0.021772258,70-H-0_healthy_belt_400rpm,research
973,0.054882793,-0.105883742,70-H-0_healthy_belt_400rpm,research
974,-0.025743207000000004,0.018803258,70-H-0_healthy_belt_400rpm,research
975,-0.014180207000000004,0.000991258,70-H-0_healthy_belt_400rpm,research
976,0.012694792999999996,0.027710258,70-H-0_healthy_belt_400rpm,research
977,-0.013867207000000003,-0.020102742,70-H-0_healthy_belt_400rpm,research
978,0.005506792999999996,-0.008540742,70-H-0_healthy_belt_400rpm,research
979,0.026444792999999994,0.005991257999999999,70-H-0_healthy_belt_400rpm,research
980,-0.029805207000000004,-0.005414742,70-H-0_healthy_belt_400rpm,research
981,0.0061317929999999965,-0.026508742,70-H-0_healthy_belt_400rpm,research
982,0.009569792999999997,0.009428258,70-H-0_healthy_belt_400rpm,research
983,-0.020743207000000003,-0.006040742,70-H-0_healthy_belt_400rpm,research
984,-0.0013672070000000022,0.041772258,70-H-0_healthy_belt_400rpm,research
985,-0.039180207,-0.025258742,70-H-0_healthy_belt_400rpm,research
986,-0.036680207000000006,-0.036977742,70-H-0_healthy_belt_400rpm,research
987,0.038007793,-0.00010274199999999942,70-H-0_healthy_belt_400rpm,research
988,0.005819792999999997,-0.001821742,70-H-0_healthy_belt_400rpm,research
989,0.051756792999999995,0.021928258,70-H-0_healthy_belt_400rpm,research
990,0.041444792999999994,-0.009633742,70-H-0_healthy_belt_400rpm,research
991,-0.004805207000000002,-0.016508742,70-H-0_healthy_belt_400rpm,research
992,-0.009805207000000003,0.018491258,70-H-0_healthy_belt_400rpm,research
993,-0.0004302070000000019,0.002866258,70-H-0_healthy_belt_400rpm,research
994,-0.052305207000000006,0.037241258,70-H-0_healthy_belt_400rpm,research
995,0.047694793,-0.004633742,70-H-0_healthy_belt_400rpm,research
996,0.041757792999999994,-0.020102742,70-H-0_healthy_belt_400rpm,research
997,-0.007618207000000004,0.012241258000000001,70-H-0_healthy_belt_400rpm,research
998,-0.010430207000000004,0.013647257999999999,70-H-0_healthy_belt_400rpm,research
999,-0.037618207,0.0006782580000000002,70-H-0_healthy_belt_400rpm,research
1000,-0.014493207000000003,-0.037758742,70-H-0_healthy_belt_400rpm,research
1001,0.010507792999999998,0.030053258,70-H-0_healthy_belt_400rpm,research
1002,-0.011992207000000003,-0.025883742,70-H-0_healthy_belt_400rpm,research
1003,0.036756792999999996,-0.064321742,70-H-0_healthy_belt_400rpm,research
1004,-0.029493207,0.065053258,70-H-0_healthy_belt_400rpm,research
1005,-0.032305207,0.0020852580000000004,70-H-0_healthy_belt_400rpm,research
1006,-0.016680207000000002,0.014116258,70-H-0_healthy_belt_400rpm,research
1007,0.024882793,0.031928258,70-H-0_healthy_belt_400rpm,research
1008,0.005194792999999996,-0.003696742,70-H-0_healthy_belt_400rpm,research
1009,-0.036680207000000006,-0.037758742,70-H-0_healthy_belt_400rpm,research
1010,0.008007792999999996,0.012710257999999999,70-H-0_healthy_belt_400rpm,research
1011,0.0011327929999999965,-0.025727742,70-H-0_healthy_belt_400rpm,research
1012,-0.042305207000000004,0.018491258,70-H-0_healthy_belt_400rpm,research
1013,0.0036327929999999953,0.017553258,70-H-0_healthy_belt_400rpm,research
1014,-0.047305207,0.020835258,70-H-0_healthy_belt_400rpm,research
1015,0.016132793,-0.002289742,70-H-0_healthy_belt_400rpm,research
1016,0.031444793,-0.028227742,70-H-0_healthy_belt_400rpm,research
1017,-0.004492207000000003,0.022553258,70-H-0_healthy_belt_400rpm,research
1018,0.033319793,-0.014321742,70-H-0_healthy_belt_400rpm,research
1019,0.05581979299999999,0.001147258,70-H-0_healthy_belt_400rpm,research
1020,0.025507792999999994,0.004428258000000001,70-H-0_healthy_belt_400rpm,research
1021,-0.006055207000000003,0.004116257999999999,70-H-0_healthy_belt_400rpm,research
1022,0.011444792999999998,0.013803257999999999,70-H-0_healthy_belt_400rpm,research
1023,0.022694792999999998,-0.006665742,70-H-0_healthy_belt_400rpm,research
1024,-0.030430207,0.008335258,70-H-0_healthy_belt_400rpm,research
1025,-0.010743207000000003,0.034428258,70-H-0_healthy_belt_400rpm,research
1026,-0.039492207,-0.043071742,70-H-0_healthy_belt_400rpm,research
1027,0.008007792999999996,-0.009321742000000001,70-H-0_healthy_belt_400rpm,research
1028,0.024257793,-0.015414742,70-H-0_healthy_belt_400rpm,research
1029,-0.015430207000000003,-0.005258742,70-H-0_healthy_belt_400rpm,research
1030,-0.036367207,0.033334258,70-H-0_healthy_belt_400rpm,research
1031,-0.007618207000000004,-0.018383742,70-H-0_healthy_belt_400rpm,research
1032,0.003007792999999998,0.025991258,70-H-0_healthy_belt_400rpm,research
1033,-0.017618207000000004,0.009428258,70-H-0_healthy_belt_400rpm,research
1034,0.005819792999999997,-0.018383742,70-H-0_healthy_belt_400rpm,research
1035,0.016444793,-0.015727742,70-H-0_healthy_belt_400rpm,research
1036,-0.009493207000000004,-0.006196742,70-H-0_healthy_belt_400rpm,research
1037,-0.055742207,0.004741258,70-H-0_healthy_belt_400rpm,research
1038,0.021444792999999997,-0.041352742,70-H-0_healthy_belt_400rpm,research
1039,0.030194792999999998,-0.008383742,70-H-0_healthy_belt_400rpm,research
1040,-0.031680207,0.013803257999999999,70-H-0_healthy_belt_400rpm,research
1041,0.005194792999999996,-0.046040742,70-H-0_healthy_belt_400rpm,research
1042,-0.070430207,-0.018383742,70-H-0_healthy_belt_400rpm,research
1043,0.011757792999999996,-0.049633742,70-H-0_healthy_belt_400rpm,research
1044,0.012069792999999995,-0.021352742,70-H-0_healthy_belt_400rpm,research
1045,0.023007793,0.033178258,70-H-0_healthy_belt_400rpm,research
1046,-0.024180207000000002,0.015835258,70-H-0_healthy_belt_400rpm,research
1047,0.030507793,0.002553258,70-H-0_healthy_belt_400rpm,research
1048,-0.018867207000000004,0.014897258,70-H-0_healthy_belt_400rpm,research
1049,0.020506792999999995,0.023960258,70-H-0_healthy_belt_400rpm,research
1050,-0.007930207000000003,-0.011665742,70-H-0_healthy_belt_400rpm,research
1051,0.019569792999999995,-0.041664742,70-H-0_healthy_belt_400rpm,research
1052,0.0061317929999999965,-0.018383742,70-H-0_healthy_belt_400rpm,research
1053,-0.00011720700000000459,0.028491258,70-H-0_healthy_belt_400rpm,research
1054,0.008007792999999996,-0.034633741999999995,70-H-0_healthy_belt_400rpm,research
1055,0.014257792999999998,-0.023383742,70-H-0_healthy_belt_400rpm,research
1056,-0.014493207000000003,0.029428258,70-H-0_healthy_belt_400rpm,research
1057,-0.046055207,0.032709258,70-H-0_healthy_belt_400rpm,research
1058,-0.012305207000000002,-0.030258741999999998,70-H-0_healthy_belt_400rpm,research
1059,0.040819793,-0.006508742,70-H-0_healthy_belt_400rpm,research
1060,-0.018867207000000004,0.022397258,70-H-0_healthy_belt_400rpm,research
1061,0.014569792999999998,-0.043852742,70-H-0_healthy_belt_400rpm,research
1062,-0.031055207,0.010991258,70-H-0_healthy_belt_400rpm,research
1063,0.034569792999999994,-0.043539742,70-H-0_healthy_belt_400rpm,research
1064,0.007069792999999998,0.012553258000000001,70-H-0_healthy_belt_400rpm,research
1065,-0.015117207000000004,-0.0010397419999999997,70-H-0_healthy_belt_400rpm,research
1066,0.015819793,-0.024477742,70-H-0_healthy_belt_400rpm,research
1067,-0.021368207000000004,0.022084258,70-H-0_healthy_belt_400rpm,research
1068,0.016132793,0.026616258,70-H-0_healthy_belt_400rpm,research
1069,-0.004492207000000003,-0.006977742,70-H-0_healthy_belt_400rpm,research
1070,-0.022618207,0.038335258,70-H-0_healthy_belt_400rpm,research
1071,0.010819792999999998,-0.007602742,70-H-0_healthy_belt_400rpm,research
1072,0.003007792999999998,0.035053258,70-H-0_healthy_belt_400rpm,research
1073,0.036131792999999995,0.032397258,70-H-0_healthy_belt_400rpm,research
1074,-0.019493207000000002,0.017553258,70-H-0_healthy_belt_400rpm,research
1075,-0.041055207,-0.004789742,70-H-0_healthy_belt_400rpm,research
1076,0.013319792999999996,0.035991258,70-H-0_healthy_belt_400rpm,research
1077,0.033319793,-0.058539742,70-H-0_healthy_belt_400rpm,research
1078,-0.012618207000000003,-0.005414742,70-H-0_healthy_belt_400rpm,research
1079,-0.037618207,0.018334258,70-H-0_healthy_belt_400rpm,research
1080,-0.00011720700000000459,-0.038696742,70-H-0_healthy_belt_400rpm,research
1081,-0.03730520700000001,0.033803258,70-H-0_healthy_belt_400rpm,research
1082,-0.034493207,-0.008071742,70-H-0_healthy_belt_400rpm,research
1083,0.008319792999999995,-0.014633742,70-H-0_healthy_belt_400rpm,research
1084,0.032382793,0.011147258,70-H-0_healthy_belt_400rpm,research
1085,-0.017618207000000004,0.027085258,70-H-0_healthy_belt_400rpm,research
1086,-0.015117207000000004,-0.034165742,70-H-0_healthy_belt_400rpm,research
1087,0.021131792999999996,-0.019321742,70-H-0_healthy_belt_400rpm,research
1088,0.011132792999999998,0.016928258,70-H-0_healthy_belt_400rpm,research
1089,-0.022618207,0.027241257999999997,70-H-0_healthy_belt_400rpm,research
1090,0.005194792999999996,0.014428258,70-H-0_healthy_belt_400rpm,research
1091,0.012381792999999999,-0.028383742,70-H-0_healthy_belt_400rpm,research
1092,-0.0063682070000000025,0.011772258,70-H-0_healthy_belt_400rpm,research
1093,0.004881792999999995,0.025053258000000002,70-H-0_healthy_belt_400rpm,research
1094,0.006757792999999998,-0.012289742,70-H-0_healthy_belt_400rpm,research
1095,-0.0063682070000000025,0.023335258,70-H-0_healthy_belt_400rpm,research
1096,-0.013867207000000003,0.020366258,70-H-0_healthy_belt_400rpm,research
1097,-0.025430207000000003,-0.011977742,70-H-0_healthy_belt_400rpm,research
1098,0.0026947929999999974,-0.008071742,70-H-0_healthy_belt_400rpm,research
1099,-0.005117207000000004,0.0034912580000000006,70-H-0_healthy_belt_400rpm,research
1100,0.017694793,-0.013696742,70-H-0_healthy_belt_400rpm,research
1101,-0.021680207000000003,5.325800000000047e-05,70-H-0_healthy_belt_400rpm,research
1102,0.0026947929999999974,0.0036472580000000004,70-H-0_healthy_belt_400rpm,research
1103,0.064569793,-0.016821742,70-H-0_healthy_belt_400rpm,research
1104,0.019881792999999995,0.0014602579999999999,70-H-0_healthy_belt_400rpm,research
1105,-0.038867207,0.048647258,70-H-0_healthy_belt_400rpm,research
1106,-0.039180207,0.021772258,70-H-0_healthy_belt_400rpm,research
1107,0.007382792999999999,-0.002758742,70-H-0_healthy_belt_400rpm,research
1108,-0.030743207,0.007553258,70-H-0_healthy_belt_400rpm,research
1109,-0.004805207000000002,0.045991258,70-H-0_healthy_belt_400rpm,research
1110,0.063944793,-0.032446742,70-H-0_healthy_belt_400rpm,research
1111,0.004256792999999998,-0.025415741999999998,70-H-0_healthy_belt_400rpm,research
1112,-0.047305207,0.020053258,70-H-0_healthy_belt_400rpm,research
1113,-0.004492207000000003,0.015678258,70-H-0_healthy_belt_400rpm,research
1114,0.003319792999999998,-0.034165742,70-H-0_healthy_belt_400rpm,research
1115,0.005819792999999997,-0.004008742,70-H-0_healthy_belt_400rpm,research
1116,-0.039492207,-0.035883742,70-H-0_healthy_belt_400rpm,research
1117,-0.007618207000000004,0.015053258,70-H-0_healthy_belt_400rpm,research
1118,-0.014805207000000003,0.0070842579999999995,70-H-0_healthy_belt_400rpm,research
1119,0.046444793,0.007866258000000001,70-H-0_healthy_belt_400rpm,research
1120,0.028319792999999996,0.002397258,70-H-0_healthy_belt_400rpm,research
1121,-0.017305207000000003,0.017553258,70-H-0_healthy_belt_400rpm,research
1122,0.017382792999999994,0.012866257999999998,70-H-0_healthy_belt_400rpm,research
1123,0.004256792999999998,0.021303258,70-H-0_healthy_belt_400rpm,research
1124,0.041757792999999994,0.009897258,70-H-0_healthy_belt_400rpm,research
1125,0.006444792999999997,0.052866258,70-H-0_healthy_belt_400rpm,research
1126,-0.036055207000000006,-0.07228974199999999,70-H-0_healthy_belt_400rpm,research
1127,0.044569792999999996,-0.006821742,70-H-0_healthy_belt_400rpm,research
1128,0.017382792999999994,0.015522258,70-H-0_healthy_belt_400rpm,research
1129,-0.009180207000000003,-0.006508742,70-H-0_healthy_belt_400rpm,research
1130,-0.020743207000000003,0.017709258,70-H-0_healthy_belt_400rpm,research
1131,-0.030118207,0.019428258,70-H-0_healthy_belt_400rpm,research
1132,-0.0010552070000000024,0.0014602579999999999,70-H-0_healthy_belt_400rpm,research
1133,0.025819792999999994,-0.018852742,70-H-0_healthy_belt_400rpm,research
1134,-0.020743207000000003,0.020522258,70-H-0_healthy_belt_400rpm,research
1135,0.009881792999999996,0.026459258,70-H-0_healthy_belt_400rpm,research
1136,-0.019805207000000002,0.008803258,70-H-0_healthy_belt_400rpm,research
1137,-0.0038672070000000027,-0.08291574199999999,70-H-0_healthy_belt_400rpm,research
1138,0.016444793,0.045522258,70-H-0_healthy_belt_400rpm,research
1139,-0.021368207000000004,-0.033071742,70-H-0_healthy_belt_400rpm,research
1140,0.006444792999999997,0.049897258,70-H-0_healthy_belt_400rpm,research
1141,-0.020743207000000003,0.018334258,70-H-0_healthy_belt_400rpm,research
1142,0.00019479299999999866,-0.038540742,70-H-0_healthy_belt_400rpm,research
1143,0.031757793,-0.026977742,70-H-0_healthy_belt_400rpm,research
1144,0.026132792999999994,-0.007915742,70-H-0_healthy_belt_400rpm,research
1145,-0.013555207000000003,-0.019946742,70-H-0_healthy_belt_400rpm,research
1146,-0.060118207,-0.010571741999999999,70-H-0_healthy_belt_400rpm,research
1147,0.009256792999999996,0.0036472580000000004,70-H-0_healthy_belt_400rpm,research
1148,-0.036680207000000006,-0.036977742,70-H-0_healthy_belt_400rpm,research
1149,0.008632792999999996,0.035835258,70-H-0_healthy_belt_400rpm,research
1150,0.042382792999999995,0.052397258,70-H-0_healthy_belt_400rpm,research
1151,-0.017618207000000004,0.006459258000000001,70-H-0_healthy_belt_400rpm,research
1152,-0.005117207000000004,-0.014164742,70-H-0_healthy_belt_400rpm,research
1153,-0.014493207000000003,0.018959258,70-H-0_healthy_belt_400rpm,research
1154,-0.0038672070000000027,0.014116258,70-H-0_healthy_belt_400rpm,research
1155,0.042694792999999995,0.010522258,70-H-0_healthy_belt_400rpm,research
1156,0.026132792999999994,-0.0021337419999999997,70-H-0_healthy_belt_400rpm,research
1157,-0.007618207000000004,0.0039602579999999995,70-H-0_healthy_belt_400rpm,research
1158,0.017069793,0.005209258,70-H-0_healthy_belt_400rpm,research
1159,0.044881792999999996,-0.019477742,70-H-0_healthy_belt_400rpm,research
1160,0.010819792999999998,-0.018071742000000002,70-H-0_healthy_belt_400rpm,research
1161,-0.043243207000000006,0.013335258,70-H-0_healthy_belt_400rpm,research
1162,-0.024805207000000003,-0.00041474200000000006,70-H-0_healthy_belt_400rpm,research
1163,-0.012930207000000003,0.008335258,70-H-0_healthy_belt_400rpm,research
1164,0.011444792999999998,0.008491258,70-H-0_healthy_belt_400rpm,research
1165,0.027694792999999995,-0.009633742,70-H-0_healthy_belt_400rpm,research
1166,-0.035118207,0.045210258,70-H-0_healthy_belt_400rpm,research
1167,0.032694793,-0.051821742,70-H-0_healthy_belt_400rpm,research
1168,0.020506792999999995,0.002710258,70-H-0_healthy_belt_400rpm,research
1169,-0.022305207000000004,0.037553258,70-H-0_healthy_belt_400rpm,research
1170,-0.004805207000000002,-0.015258742,70-H-0_healthy_belt_400rpm,research
1171,0.017382792999999994,-0.042758742,70-H-0_healthy_belt_400rpm,research
1172,0.057694792999999994,0.010834258,70-H-0_healthy_belt_400rpm,research
1173,0.009256792999999996,-0.012133742,70-H-0_healthy_belt_400rpm,research
1174,-0.039180207,0.06442825799999999,70-H-0_healthy_belt_400rpm,research
1175,0.009881792999999996,-0.012133742,70-H-0_healthy_belt_400rpm,research
1176,-0.018242207000000003,0.005835257999999999,70-H-0_healthy_belt_400rpm,research
1177,-0.011055207000000003,0.045522258,70-H-0_healthy_belt_400rpm,research
1178,-0.0063682070000000025,-0.017446742,70-H-0_healthy_belt_400rpm,research
1179,-0.07699320700000001,0.053803258,70-H-0_healthy_belt_400rpm,research
1180,0.044256792999999996,-0.021508742,70-H-0_healthy_belt_400rpm,research
1181,0.030194792999999998,-0.0038527419999999997,70-H-0_healthy_belt_400rpm,research
1182,-0.004805207000000002,0.040522258,70-H-0_healthy_belt_400rpm,research
1183,-0.03855520700000001,-0.004477742,70-H-0_healthy_belt_400rpm,research
1184,0.028319792999999996,-0.008852742,70-H-0_healthy_belt_400rpm,research
1185,-0.008242207000000003,0.0016162579999999998,70-H-0_healthy_belt_400rpm,research
1186,0.018631792999999994,0.020366258,70-H-0_healthy_belt_400rpm,research
1187,0.00019479299999999866,-0.035727742,70-H-0_healthy_belt_400rpm,research
1188,0.025507792999999994,-0.004633742,70-H-0_healthy_belt_400rpm,research
1189,0.060819793,-0.008227742,70-H-0_healthy_belt_400rpm,research
1190,-0.019493207000000002,-0.005883742,70-H-0_healthy_belt_400rpm,research
1191,-0.061055207,-0.023227742,70-H-0_healthy_belt_400rpm,research
1192,0.007694792999999998,-0.0010397419999999997,70-H-0_healthy_belt_400rpm,research
1193,0.007382792999999999,0.007710257999999999,70-H-0_healthy_belt_400rpm,research
1194,-0.067930207,0.061459257999999996,70-H-0_healthy_belt_400rpm,research
1195,0.011757792999999996,-0.007915742,70-H-0_healthy_belt_400rpm,research
1196,0.024257793,-0.0038527419999999997,70-H-0_healthy_belt_400rpm,research
1197,0.019256792999999994,-0.005258742,70-H-0_healthy_belt_400rpm,research
1198,0.001756792999999996,-0.019165742,70-H-0_healthy_belt_400rpm,research
1199,-0.054805207,0.021772258,70-H-0_healthy_belt_400rpm,research
1200,0.014569792999999998,0.0003662580000000004,70-H-0_healthy_belt_400rpm,research
1201,0.005506792999999996,0.020366258,70-H-0_healthy_belt_400rpm,research
1202,-0.016680207000000002,0.020991258,70-H-0_healthy_belt_400rpm,research
1203,0.034256792999999994,-0.033696742,70-H-0_healthy_belt_400rpm,research
1204,-0.006992207000000004,-0.006196742,70-H-0_healthy_belt_400rpm,research
1205,0.049881792999999994,-0.052446742,70-H-0_healthy_belt_400rpm,research
1206,0.014257792999999998,0.015678258,70-H-0_healthy_belt_400rpm,research
1207,-0.0029302070000000024,0.002710258,70-H-0_healthy_belt_400rpm,research
1208,0.027694792999999995,-0.004789742,70-H-0_healthy_belt_400rpm,research
1209,0.041757792999999994,0.004585258,70-H-0_healthy_belt_400rpm,research
1210,-0.0063682070000000025,0.033491258,70-H-0_healthy_belt_400rpm,research
1211,0.004256792999999998,0.015522258,70-H-0_healthy_belt_400rpm,research
1212,0.041757792999999994,-0.039946742,70-H-0_healthy_belt_400rpm,research
1213,-0.010743207000000003,0.031772258,70-H-0_healthy_belt_400rpm,research
1214,0.0023827929999999976,-0.004789742,70-H-0_healthy_belt_400rpm,research
1215,0.012381792999999999,-0.017758742,70-H-0_healthy_belt_400rpm,research
1216,0.033007792999999994,0.018959258,70-H-0_healthy_belt_400rpm,research
1217,-0.010743207000000003,0.026459258,70-H-0_healthy_belt_400rpm,research
1218,0.033632792999999994,0.044741258,70-H-0_healthy_belt_400rpm,research
1219,-0.022305207000000004,-0.019789742,70-H-0_healthy_belt_400rpm,research
1220,-0.028242207000000005,-0.018383742,70-H-0_healthy_belt_400rpm,research
1221,0.006444792999999997,-0.011040742,70-H-0_healthy_belt_400rpm,research
1222,-0.050430207000000005,-0.012133742,70-H-0_healthy_belt_400rpm,research
1223,-0.036993207,0.008178258,70-H-0_healthy_belt_400rpm,research
1224,-0.004492207000000003,0.019585258,70-H-0_healthy_belt_400rpm,research
1225,0.030819792999999998,0.034428258,70-H-0_healthy_belt_400rpm,research
1226,0.023632793,0.023022258,70-H-0_healthy_belt_400rpm,research
1227,-0.020117207,-0.016508742,70-H-0_healthy_belt_400rpm,research
1228,0.029569792999999997,0.005209258,70-H-0_healthy_belt_400rpm,research
1229,0.032069793,-0.008071742,70-H-0_healthy_belt_400rpm,research
1230,-0.031680207,-0.007602742,70-H-0_healthy_belt_400rpm,research
1231,0.006757792999999998,-0.014633742,70-H-0_healthy_belt_400rpm,research
1232,0.022694792999999998,0.020210258000000002,70-H-0_healthy_belt_400rpm,research
1233,0.011132792999999998,-0.0038527419999999997,70-H-0_healthy_belt_400rpm,research
1234,-0.0038672070000000027,-0.017133742,70-H-0_healthy_belt_400rpm,research
1235,-0.018555207000000004,0.025678258,70-H-0_healthy_belt_400rpm,research
1236,-0.021055207000000003,0.010991258,70-H-0_healthy_belt_400rpm,research
1237,-0.0029302070000000024,-0.016039742,70-H-0_healthy_belt_400rpm,research
1238,-0.010430207000000004,-0.018540742,70-H-0_healthy_belt_400rpm,research
1239,-0.052305207000000006,-0.014633742,70-H-0_healthy_belt_400rpm,research
1240,-0.013555207000000003,0.008491258,70-H-0_healthy_belt_400rpm,research
1241,-0.0023052070000000036,5.325800000000047e-05,70-H-0_healthy_belt_400rpm,research
1242,0.038007793,-0.029008742,70-H-0_healthy_belt_400rpm,research
1243,-0.035118207,-0.057446742,70-H-0_healthy_belt_400rpm,research
1244,0.0061317929999999965,-0.010258742,70-H-0_healthy_belt_400rpm,research
1245,0.071757793,-0.005571741999999999,70-H-0_healthy_belt_400rpm,research
1246,-0.025430207000000003,-0.030415742,70-H-0_healthy_belt_400rpm,research
1247,-0.065743207,0.07333525799999999,70-H-0_healthy_belt_400rpm,research
1248,-0.012618207000000003,-0.017133742,70-H-0_healthy_belt_400rpm,research
1249,0.006444792999999997,-0.010258742,70-H-0_healthy_belt_400rpm,research
1250,0.007069792999999998,0.030678258,70-H-0_healthy_belt_400rpm,research
1251,-0.00011720700000000459,-0.008383742,70-H-0_healthy_belt_400rpm,research
1252,0.010819792999999998,-0.0010397419999999997,70-H-0_healthy_belt_400rpm,research
1253,-0.03730520700000001,0.0038032580000000003,70-H-0_healthy_belt_400rpm,research
1254,0.058632793,-0.031977742,70-H-0_healthy_belt_400rpm,research
1255,0.0061317929999999965,0.021616258,70-H-0_healthy_belt_400rpm,research
1256,0.023319793,0.018647258,70-H-0_healthy_belt_400rpm,research
1257,0.038319793,-0.018071742000000002,70-H-0_healthy_belt_400rpm,research
1258,0.027381792999999995,0.0013032579999999998,70-H-0_healthy_belt_400rpm,research
1259,-0.029493207,-0.026508742,70-H-0_healthy_belt_400rpm,research
1260,-0.009180207000000003,-0.002446742,70-H-0_healthy_belt_400rpm,research
1261,0.005506792999999996,-0.023071742,70-H-0_healthy_belt_400rpm,research
1262,0.012694792999999996,0.0039602579999999995,70-H-0_healthy_belt_400rpm,research
1263,-0.024805207000000003,0.023335258,70-H-0_healthy_belt_400rpm,research
1264,-0.018242207000000003,-0.000727742,70-H-0_healthy_belt_400rpm,research
1265,0.045194793,-0.012133742,70-H-0_healthy_belt_400rpm,research
1266,-0.019805207000000002,0.023335258,70-H-0_healthy_belt_400rpm,research
1267,-0.011680207000000003,-0.006508742,70-H-0_healthy_belt_400rpm,research
1268,-0.006680207000000002,-0.034633741999999995,70-H-0_healthy_belt_400rpm,research
1269,-0.043243207000000006,0.002553258,70-H-0_healthy_belt_400rpm,research
1270,0.036756792999999996,0.014584258,70-H-0_healthy_belt_400rpm,research
1271,-0.032930207,0.027710258,70-H-0_healthy_belt_400rpm,research
1272,-0.025117207000000003,0.040991258,70-H-0_healthy_belt_400rpm,research
1273,-0.004492207000000003,-0.056977742,70-H-0_healthy_belt_400rpm,research
1274,-0.017305207000000003,0.029116258,70-H-0_healthy_belt_400rpm,research
1275,-0.0010552070000000024,0.030991258,70-H-0_healthy_belt_400rpm,research
1276,-0.023243207000000002,0.038335258,70-H-0_healthy_belt_400rpm,research
1277,-0.006680207000000002,0.018491258,70-H-0_healthy_belt_400rpm,research
1278,0.030819792999999998,-0.060571742,70-H-0_healthy_belt_400rpm,research
1279,0.016444793,0.046303258,70-H-0_healthy_belt_400rpm,research
1280,-0.015117207000000004,0.014428258,70-H-0_healthy_belt_400rpm,research
1281,-0.008867207000000004,-0.002446742,70-H-0_healthy_belt_400rpm,research
1282,-0.024805207000000003,0.008803258,70-H-0_healthy_belt_400rpm,research
1283,0.007069792999999998,-0.036352742,70-H-0_healthy_belt_400rpm,research
1284,-0.018242207000000003,0.054428258,70-H-0_healthy_belt_400rpm,research
1285,-0.021055207000000003,0.028491258,70-H-0_healthy_belt_400rpm,research
1286,0.026444792999999994,-0.012446742,70-H-0_healthy_belt_400rpm,research
1287,0.0023827929999999976,0.004897258,70-H-0_healthy_belt_400rpm,research
1288,0.032694793,0.030210257999999997,70-H-0_healthy_belt_400rpm,research
1289,-0.051368207000000006,0.044585258,70-H-0_healthy_belt_400rpm,research
1290,0.014882792999999998,-0.053071742,70-H-0_healthy_belt_400rpm,research
1291,0.042069792999999994,0.015522258,70-H-0_healthy_belt_400rpm,research
1292,-0.018555207000000004,0.028335258000000002,70-H-0_healthy_belt_400rpm,research
1293,-0.027930207000000006,-0.00010274199999999942,70-H-0_healthy_belt_400rpm,research
1294,0.022382792999999998,0.004585258,70-H-0_healthy_belt_400rpm,research
1295,0.048319793,-0.008540742,70-H-0_healthy_belt_400rpm,research
1296,-0.010743207000000003,-0.004321742,70-H-0_healthy_belt_400rpm,research
1297,-0.048242207,0.007397258,70-H-0_healthy_belt_400rpm,research
1298,0.028944792999999996,-0.041664742,70-H-0_healthy_belt_400rpm,research
1299,-0.003242207000000002,-0.015414742,70-H-0_healthy_belt_400rpm,research
1300,0.011444792999999998,0.039272258,70-H-0_healthy_belt_400rpm,research
1301,-0.013242207000000002,0.013178258000000002,70-H-0_healthy_belt_400rpm,research
1302,0.050506792999999994,-0.007289742,70-H-0_healthy_belt_400rpm,research
1303,0.012069792999999995,-0.010571741999999999,70-H-0_healthy_belt_400rpm,research
1304,-0.033243207000000004,0.030835257999999997,70-H-0_healthy_belt_400rpm,research
1305,-0.021992207000000003,-0.005727742,70-H-0_healthy_belt_400rpm,research
1306,0.013944792999999997,-0.013383742,70-H-0_healthy_belt_400rpm,research
1307,0.058632793,0.018959258,70-H-0_healthy_belt_400rpm,research
1308,0.013631792999999996,-0.037758742,70-H-0_healthy_belt_400rpm,research
1309,-0.025117207000000003,0.034428258,70-H-0_healthy_belt_400rpm,research
1310,-0.019493207000000002,-0.039321742,70-H-0_healthy_belt_400rpm,research
1311,-0.070430207,-0.041821742,70-H-0_healthy_belt_400rpm,research
1312,0.068319793,-0.034477742,70-H-0_healthy_belt_400rpm,research
1313,0.051756792999999995,-0.0029147419999999997,70-H-0_healthy_belt_400rpm,research
1314,-0.091680207,0.059897258,70-H-0_healthy_belt_400rpm,research
1315,0.025194793,0.0070842579999999995,70-H-0_healthy_belt_400rpm,research
1316,0.021131792999999996,-0.012602742,70-H-0_healthy_belt_400rpm,research
1317,-0.023555207,-0.005727742,70-H-0_healthy_belt_400rpm,research
1318,-0.007305207000000003,-0.002446742,70-H-0_healthy_belt_400rpm,research
1319,-0.038243207,-0.009321742000000001,70-H-0_healthy_belt_400rpm,research
1320,-0.016055207000000002,0.036616258,70-H-0_healthy_belt_400rpm,research
1321,-0.016992207000000002,-0.001821742,70-H-0_healthy_belt_400rpm,research
1322,0.031444793,0.007866258000000001,70-H-0_healthy_belt_400rpm,research
1323,-0.010117207000000003,0.006772258,70-H-0_healthy_belt_400rpm,research
1324,0.05644479299999999,0.016616258000000002,70-H-0_healthy_belt_400rpm,research
1325,-0.018242207000000003,-0.006821742,70-H-0_healthy_belt_400rpm,research
1326,0.008632792999999996,0.038178258,70-H-0_healthy_belt_400rpm,research
1327,0.031132793,0.008022258,70-H-0_healthy_belt_400rpm,research
1328,0.019881792999999995,-0.022914742,70-H-0_healthy_belt_400rpm,research
1329,0.0014447929999999963,0.050522258,70-H-0_healthy_belt_400rpm,research
1330,-0.017930207000000004,0.016772258,70-H-0_healthy_belt_400rpm,research
1331,0.011132792999999998,-0.019633742,70-H-0_healthy_belt_400rpm,research
1332,0.037069793,-0.007446741999999999,70-H-0_healthy_belt_400rpm,research
1333,-0.030430207,-0.010727742,70-H-0_healthy_belt_400rpm,research
1334,-0.022930207,-0.006352742,70-H-0_healthy_belt_400rpm,research
1335,0.034569792999999994,-0.002602742,70-H-0_healthy_belt_400rpm,research
1336,-0.005743207000000004,0.020991258,70-H-0_healthy_belt_400rpm,research
1337,-0.011680207000000003,0.015210258,70-H-0_healthy_belt_400rpm,research
1338,-0.036680207000000006,0.015991258,70-H-0_healthy_belt_400rpm,research
1339,-0.008242207000000003,-0.008071742,70-H-0_healthy_belt_400rpm,research
1340,0.021444792999999997,0.012085258000000001,70-H-0_healthy_belt_400rpm,research
1341,-0.026680207000000004,0.021616258,70-H-0_healthy_belt_400rpm,research
1342,-0.039180207,0.054897258,70-H-0_healthy_belt_400rpm,research
1343,-0.005743207000000004,0.018178258,70-H-0_healthy_belt_400rpm,research
1344,-0.022930207,-0.037446742,70-H-0_healthy_belt_400rpm,research
1345,-0.008867207000000004,-0.004789742,70-H-0_healthy_belt_400rpm,research
1346,0.005506792999999996,-0.0013527419999999997,70-H-0_healthy_belt_400rpm,research
1347,0.032382793,0.06489725800000001,70-H-0_healthy_belt_400rpm,research
1348,0.012381792999999999,0.003022258,70-H-0_healthy_belt_400rpm,research
1349,-0.036993207,0.012866257999999998,70-H-0_healthy_belt_400rpm,research
1350,-0.04511820700000001,0.007241258,70-H-0_healthy_belt_400rpm,research
1351,0.017069793,-0.0030717419999999997,70-H-0_healthy_belt_400rpm,research
1352,0.027069792999999995,0.043178258,70-H-0_healthy_belt_400rpm,research
1353,-0.00011720700000000459,0.025522258,70-H-0_healthy_belt_400rpm,research
1354,0.008007792999999996,-0.043852742,70-H-0_healthy_belt_400rpm,research
1355,0.038007793,0.016460258,70-H-0_healthy_belt_400rpm,research
1356,-0.016680207000000002,0.012866257999999998,70-H-0_healthy_belt_400rpm,research
1357,-0.018867207000000004,0.014116258,70-H-0_healthy_belt_400rpm,research
1358,0.008632792999999996,0.025210258,70-H-0_healthy_belt_400rpm,research
1359,-0.026680207000000004,-0.0030717419999999997,70-H-0_healthy_belt_400rpm,research
1360,-0.006055207000000003,0.024897258,70-H-0_healthy_belt_400rpm,research
1361,-0.005743207000000004,-0.004165742,70-H-0_healthy_belt_400rpm,research
1362,-0.031055207,0.017397258,70-H-0_healthy_belt_400rpm,research
1363,0.022694792999999998,-0.001821742,70-H-0_healthy_belt_400rpm,research
1364,0.045194793,-0.007446741999999999,70-H-0_healthy_belt_400rpm,research
1365,-0.013555207000000003,0.051928258,70-H-0_healthy_belt_400rpm,research
1366,0.012381792999999999,0.005522258,70-H-0_healthy_belt_400rpm,research
1367,-0.003242207000000002,-0.018852742,70-H-0_healthy_belt_400rpm,research
1368,0.029882792999999998,-0.044790742,70-H-0_healthy_belt_400rpm,research
1369,-0.012305207000000002,0.007553258,70-H-0_healthy_belt_400rpm,research
1370,-0.030430207,-0.011352741999999999,70-H-0_healthy_belt_400rpm,research
1371,0.007069792999999998,-0.08197774199999999,70-H-0_healthy_belt_400rpm,research
1372,0.011757792999999996,0.009428258,70-H-0_healthy_belt_400rpm,research
1373,0.019881792999999995,-0.024477742,70-H-0_healthy_belt_400rpm,research
1374,-0.001680207000000003,0.016928258,70-H-0_healthy_belt_400rpm,research
1375,-0.003242207000000002,0.027241257999999997,70-H-0_healthy_belt_400rpm,research
1376,0.004881792999999995,-0.014321742,70-H-0_healthy_belt_400rpm,research
1377,-0.013555207000000003,0.017866258,70-H-0_healthy_belt_400rpm,research
1378,-0.017305207000000003,0.009116258,70-H-0_healthy_belt_400rpm,research
1379,0.017382792999999994,0.056459258,70-H-0_healthy_belt_400rpm,research
1380,0.077694793,-0.008852742,70-H-0_healthy_belt_400rpm,research
1381,-0.005430207000000003,-0.008696742,70-H-0_healthy_belt_400rpm,research
1382,0.031132793,0.035522258,70-H-0_healthy_belt_400rpm,research
1383,-0.025117207000000003,-0.062915742,70-H-0_healthy_belt_400rpm,research
1384,-0.010117207000000003,-0.034633741999999995,70-H-0_healthy_belt_400rpm,research
1385,0.013631792999999996,0.007710257999999999,70-H-0_healthy_belt_400rpm,research
1386,0.0014447929999999963,-0.009946742,70-H-0_healthy_belt_400rpm,research
1387,-0.004492207000000003,0.019585258,70-H-0_healthy_belt_400rpm,research
1388,-0.019805207000000002,0.025522258,70-H-0_healthy_belt_400rpm,research
1389,-0.0019932070000000038,-0.0030717419999999997,70-H-0_healthy_belt_400rpm,research
1390,0.004256792999999998,0.021928258,70-H-0_healthy_belt_400rpm,research
1391,0.009569792999999997,0.017553258,70-H-0_healthy_belt_400rpm,research
1392,0.018944792999999994,-0.009946742,70-H-0_healthy_belt_400rpm,research
1393,0.021444792999999997,-0.007758742,70-H-0_healthy_belt_400rpm,research
1394,0.018944792999999994,0.0038032580000000003,70-H-0_healthy_belt_400rpm,research
1395,-0.015430207000000003,0.014272258,70-H-0_healthy_belt_400rpm,research
1396,0.040507793,-0.019008742000000002,70-H-0_healthy_belt_400rpm,research
1397,0.037381792999999996,-0.00041474200000000006,70-H-0_healthy_belt_400rpm,research
1398,-0.005117207000000004,0.005053258,70-H-0_healthy_belt_400rpm,research
1399,-0.052305207000000006,0.012553258000000001,70-H-0_healthy_belt_400rpm,research
1400,-0.035743207,-0.013696742,70-H-0_healthy_belt_400rpm,research
1401,0.023632793,-0.008383742,70-H-0_healthy_belt_400rpm,research
1402,-0.006055207000000003,0.020991258,70-H-0_healthy_belt_400rpm,research
1403,-0.035118207,0.000834258,70-H-0_healthy_belt_400rpm,research
1404,-0.11668020700000001,-0.010258742,70-H-0_healthy_belt_400rpm,research
1405,0.015507792999999999,-0.032290742,70-H-0_healthy_belt_400rpm,research
1406,0.055507793,0.020991258,70-H-0_healthy_belt_400rpm,research
1407,-0.004805207000000002,0.013178258000000002,70-H-0_healthy_belt_400rpm,research
1408,0.028319792999999996,-0.026977742,70-H-0_healthy_belt_400rpm,research
1409,0.008007792999999996,0.023178258,70-H-0_healthy_belt_400rpm,research
1410,-0.0004302070000000019,-0.0019777419999999998,70-H-0_healthy_belt_400rpm,research
1411,-0.021055207000000003,-0.058696742,70-H-0_healthy_belt_400rpm,research
1412,-0.036055207000000006,0.027241257999999997,70-H-0_healthy_belt_400rpm,research
1413,0.068006793,-0.018540742,70-H-0_healthy_belt_400rpm,research
1414,0.009569792999999997,0.018022258,70-H-0_healthy_belt_400rpm,research
1415,0.039257793,0.009741258000000001,70-H-0_healthy_belt_400rpm,research
1416,-0.037618207,0.023803258,70-H-0_healthy_belt_400rpm,research
1417,-0.051368207000000006,0.068022258,70-H-0_healthy_belt_400rpm,research
1418,0.043007792999999996,0.013647257999999999,70-H-0_healthy_belt_400rpm,research
1419,0.027694792999999995,-0.009477742,70-H-0_healthy_belt_400rpm,research
1420,-0.025743207000000004,0.012085258000000001,70-H-0_healthy_belt_400rpm,research
1421,-0.026368207000000005,0.022709258,70-H-0_healthy_belt_400rpm,research
1422,-0.006055207000000003,-0.015883742,70-H-0_healthy_belt_400rpm,research
1423,0.007694792999999998,0.020210258000000002,70-H-0_healthy_belt_400rpm,research
1424,0.006444792999999997,-0.010571741999999999,70-H-0_healthy_belt_400rpm,research
1425,0.04550779299999999,-0.023227742,70-H-0_healthy_belt_400rpm,research
1426,0.032069793,0.005991257999999999,70-H-0_healthy_belt_400rpm,research
1427,-0.016992207000000002,0.007241258,70-H-0_healthy_belt_400rpm,research
1428,-0.059180207000000006,0.025678258,70-H-0_healthy_belt_400rpm,research
1429,-0.034805207000000005,-0.008696742,70-H-0_healthy_belt_400rpm,research
1430,0.004881792999999995,-0.020415742,70-H-0_healthy_belt_400rpm,research
1431,-0.0038672070000000027,0.018491258,70-H-0_healthy_belt_400rpm,research
1432,-0.004492207000000003,0.047866258,70-H-0_healthy_belt_400rpm,research
1433,-0.0007422070000000017,0.015366258,70-H-0_healthy_belt_400rpm,research
1434,-0.007305207000000003,0.004116257999999999,70-H-0_healthy_belt_400rpm,research
1435,0.009881792999999996,0.034116258000000003,70-H-0_healthy_belt_400rpm,research
1436,-0.0041802070000000035,-0.001665742,70-H-0_healthy_belt_400rpm,research
1437,-0.005117207000000004,0.003022258,70-H-0_healthy_belt_400rpm,research
1438,0.035506792999999995,-0.028852742,70-H-0_healthy_belt_400rpm,research
1439,-0.019805207000000002,0.007866258000000001,70-H-0_healthy_belt_400rpm,research
1440,0.010194792999999997,0.001147258,70-H-0_healthy_belt_400rpm,research
1441,0.075507793,0.0022412580000000003,70-H-0_healthy_belt_400rpm,research
1442,0.002069792999999997,0.0039602579999999995,70-H-0_healthy_belt_400rpm,research
1443,0.006444792999999997,-0.009008742,70-H-0_healthy_belt_400rpm,research
1444,-0.056993207000000004,0.008335258,70-H-0_healthy_belt_400rpm,research
1445,-0.033868207000000004,-0.012446742,70-H-0_healthy_belt_400rpm,research
1446,-0.03730520700000001,0.023803258,70-H-0_healthy_belt_400rpm,research
1447,0.0014447929999999963,-0.023696742,70-H-0_healthy_belt_400rpm,research
1448,-0.04511820700000001,0.050991258,70-H-0_healthy_belt_400rpm,research
1449,-0.011680207000000003,-0.017758742,70-H-0_healthy_belt_400rpm,research
1450,0.07019479299999999,0.031303258,70-H-0_healthy_belt_400rpm,research
1451,0.041132792999999994,0.009585258000000001,70-H-0_healthy_belt_400rpm,research
1452,-0.038867207,-0.036508742,70-H-0_healthy_belt_400rpm,research
1453,0.002069792999999997,-0.023383742,70-H-0_healthy_belt_400rpm,research
1454,0.0036327929999999953,0.012710257999999999,70-H-0_healthy_belt_400rpm,research
1455,0.004256792999999998,-0.0002587420000000002,70-H-0_healthy_belt_400rpm,research
1456,0.012381792999999999,-0.041039742,70-H-0_healthy_belt_400rpm,research
1457,0.016444793,-0.009008742,70-H-0_healthy_belt_400rpm,research
1458,-0.013867207000000003,-0.006977742,70-H-0_healthy_belt_400rpm,research
1459,0.036131792999999995,-0.020727742,70-H-0_healthy_belt_400rpm,research
1460,-0.04574320700000001,0.035053258,70-H-0_healthy_belt_400rpm,research
1461,-0.030118207,-0.004321742,70-H-0_healthy_belt_400rpm,research
1462,-0.0038672070000000027,-0.009008742,70-H-0_healthy_belt_400rpm,research
1463,-0.0010552070000000024,-0.027914742,70-H-0_healthy_belt_400rpm,research
1464,0.0061317929999999965,0.032241258,70-H-0_healthy_belt_400rpm,research
1465,0.005506792999999996,-0.035571742,70-H-0_healthy_belt_400rpm,research
1466,0.075507793,0.032397258,70-H-0_healthy_belt_400rpm,research
1467,0.016757793,-0.002289742,70-H-0_healthy_belt_400rpm,research
1468,-0.017305207000000003,-0.013227742,70-H-0_healthy_belt_400rpm,research
1469,0.024257793,-0.06635274199999999,70-H-0_healthy_belt_400rpm,research
1470,-0.026055207000000004,0.006616258,70-H-0_healthy_belt_400rpm,research
1471,-0.015430207000000003,-0.005414742,70-H-0_healthy_belt_400rpm,research
1472,0.006444792999999997,-0.010883742,70-H-0_healthy_belt_400rpm,research
1473,-0.048868207000000004,0.043803258,70-H-0_healthy_belt_400rpm,research
1474,-0.004805207000000002,-0.004321742,70-H-0_healthy_belt_400rpm,research
1475,0.035506792999999995,-0.002289742,70-H-0_healthy_belt_400rpm,research
1476,-0.013555207000000003,-0.005414742,70-H-0_healthy_belt_400rpm,research
1477,-0.0007422070000000017,-0.008383742,70-H-0_healthy_belt_400rpm,research
1478,-0.014493207000000003,-0.017758742,70-H-0_healthy_belt_400rpm,research
1479,0.010819792999999998,-0.10025874200000001,70-H-0_healthy_belt_400rpm,research
1480,-0.039180207,0.033647258,70-H-0_healthy_belt_400rpm,research
1481,0.022069792999999997,-0.046665742,70-H-0_healthy_belt_400rpm,research
1482,0.020506792999999995,0.010991258,70-H-0_healthy_belt_400rpm,research
1483,-0.042305207000000004,0.039585258,70-H-0_healthy_belt_400rpm,research
1484,-0.016992207000000002,-0.048227742,70-H-0_healthy_belt_400rpm,research
1485,0.038632793,-0.043539742,70-H-0_healthy_belt_400rpm,research
1486,0.041444792999999994,-0.015727742,70-H-0_healthy_belt_400rpm,research
1487,-0.040430207,-0.005571741999999999,70-H-0_healthy_belt_400rpm,research
1488,-0.029493207,0.010366258,70-H-0_healthy_belt_400rpm,research
1489,0.018007792999999994,-0.005414742,70-H-0_healthy_belt_400rpm,research
1490,-0.018867207000000004,0.007710257999999999,70-H-0_healthy_belt_400rpm,research
1491,-0.016680207000000002,0.022397258,70-H-0_healthy_belt_400rpm,research
1492,0.008632792999999996,0.020522258,70-H-0_healthy_belt_400rpm,research
1493,-0.034805207000000005,0.007553258,70-H-0_healthy_belt_400rpm,research
1494,-0.035430207000000005,0.023960258,70-H-0_healthy_belt_400rpm,research
1495,0.008007792999999996,0.005835257999999999,70-H-0_healthy_belt_400rpm,research
1496,-0.015430207000000003,0.019741258,70-H-0_healthy_belt_400rpm,research
1497,-0.011992207000000003,0.011928258,70-H-0_healthy_belt_400rpm,research
1498,0.054257793,-0.018696742000000002,70-H-0_healthy_belt_400rpm,research
1499,-0.052305207000000006,-0.001821742,70-H-0_healthy_belt_400rpm,research
1500,-0.016680207000000002,-0.016977742,70-H-0_healthy_belt_400rpm,research
1501,0.037069793,-0.006977742,70-H-0_healthy_belt_400rpm,research
1502,-0.005117207000000004,-0.023071742,70-H-0_healthy_belt_400rpm,research
1503,0.008632792999999996,0.008335258,70-H-0_healthy_belt_400rpm,research
1504,-0.00011720700000000459,-0.028540742,70-H-0_healthy_belt_400rpm,research
1505,-0.0013672070000000022,-0.004477742,70-H-0_healthy_belt_400rpm,research
1506,-0.011055207000000003,-0.002758742,70-H-0_healthy_belt_400rpm,research
1507,0.017694793,-0.028696742,70-H-0_healthy_belt_400rpm,research
1508,-0.021368207000000004,0.047085258,70-H-0_healthy_belt_400rpm,research
1509,-0.008555207000000002,0.008178258,70-H-0_healthy_belt_400rpm,research
1510,0.006757792999999998,-0.029165742,70-H-0_healthy_belt_400rpm,research
1511,0.010819792999999998,0.039741258,70-H-0_healthy_belt_400rpm,research
1512,-0.009805207000000003,-0.011508741999999999,70-H-0_healthy_belt_400rpm,research
1513,-0.034493207,-0.045258742,70-H-0_healthy_belt_400rpm,research
1514,0.004256792999999998,0.018334258,70-H-0_healthy_belt_400rpm,research
1515,-0.025117207000000003,-0.020102742,70-H-0_healthy_belt_400rpm,research
1516,-0.050118207000000005,0.027553257999999997,70-H-0_healthy_belt_400rpm,research
1517,0.001756792999999996,-0.021977742,70-H-0_healthy_belt_400rpm,research
1518,0.018319792999999994,-0.011040742,70-H-0_healthy_belt_400rpm,research
1519,0.012694792999999996,0.017397258,70-H-0_healthy_belt_400rpm,research
1520,-0.016680207000000002,0.009116258,70-H-0_healthy_belt_400rpm,research
1521,-0.091368207,0.063334258,70-H-0_healthy_belt_400rpm,research
1522,-0.010117207000000003,-0.032915742,70-H-0_healthy_belt_400rpm,research
1523,0.060194792999999996,0.0038032580000000003,70-H-0_healthy_belt_400rpm,research
1524,-0.029493207,0.045522258,70-H-0_healthy_belt_400rpm,research
1525,0.006444792999999997,-0.016821742,70-H-0_healthy_belt_400rpm,research
1526,0.024257793,-0.017133742,70-H-0_healthy_belt_400rpm,research
1527,0.008944792999999996,-0.040414742,70-H-0_healthy_belt_400rpm,research
1528,-0.024805207000000003,-0.008696742,70-H-0_healthy_belt_400rpm,research
1529,-0.015743207000000002,-0.068696742,70-H-0_healthy_belt_400rpm,research
1530,-0.020743207000000003,-0.027602742,70-H-0_healthy_belt_400rpm,research
1531,0.060819793,-0.008852742,70-H-0_healthy_belt_400rpm,research
1532,0.0039447929999999985,0.008959258,70-H-0_healthy_belt_400rpm,research
1533,-0.058243207000000005,0.024741258,70-H-0_healthy_belt_400rpm,research
1534,0.0014447929999999963,-0.011352741999999999,70-H-0_healthy_belt_400rpm,research
1535,0.014569792999999998,0.019272258,70-H-0_healthy_belt_400rpm,research
1536,0.032694793,-0.003383742,70-H-0_healthy_belt_400rpm,research
1537,-0.012930207000000003,0.048178258,70-H-0_healthy_belt_400rpm,research
1538,-0.008555207000000002,0.004428258000000001,70-H-0_healthy_belt_400rpm,research
1539,0.05456979299999999,-0.053540742,70-H-0_healthy_belt_400rpm,research
1540,-0.021368207000000004,0.030053258,70-H-0_healthy_belt_400rpm,research
1541,-0.024180207000000002,0.018022258,70-H-0_healthy_belt_400rpm,research
1542,-0.031368207,-0.028852742,70-H-0_healthy_belt_400rpm,research
1543,0.008007792999999996,-0.041664742,70-H-0_healthy_belt_400rpm,research
1544,0.014569792999999998,0.008335258,70-H-0_healthy_belt_400rpm,research
1545,0.0014447929999999963,0.015053258,70-H-0_healthy_belt_400rpm,research
1546,0.0026947929999999974,-0.012602742,70-H-0_healthy_belt_400rpm,research
1547,0.025194793,-0.021821741999999998,70-H-0_healthy_belt_400rpm,research
1548,0.019569792999999995,0.043647258,70-H-0_healthy_belt_400rpm,research
1549,0.014257792999999998,-0.016352742,70-H-0_healthy_belt_400rpm,research
1550,-0.010117207000000003,-0.008852742,70-H-0_healthy_belt_400rpm,research
1551,-0.023555207,0.015366258,70-H-0_healthy_belt_400rpm,research
1552,0.021131792999999996,-0.053383742,70-H-0_healthy_belt_400rpm,research
1553,0.034881792999999994,0.007710257999999999,70-H-0_healthy_belt_400rpm,research
1554,0.008632792999999996,-0.048696742,70-H-0_healthy_belt_400rpm,research
1555,-0.029805207000000004,-0.044946742,70-H-0_healthy_belt_400rpm,research
1556,-0.016055207000000002,-0.017758742,70-H-0_healthy_belt_400rpm,research
1557,0.013944792999999997,0.042241258,70-H-0_healthy_belt_400rpm,research
1558,-0.014805207000000003,0.021460258,70-H-0_healthy_belt_400rpm,research
1559,0.040819793,-0.006665742,70-H-0_healthy_belt_400rpm,research
1560,0.047069793,0.0005222580000000003,70-H-0_healthy_belt_400rpm,research
1561,-0.003242207000000002,-0.023696742,70-H-0_healthy_belt_400rpm,research
1562,-0.027930207000000006,0.011616258,70-H-0_healthy_belt_400rpm,research
1563,-0.021368207000000004,0.018334258,70-H-0_healthy_belt_400rpm,research
1564,-0.04511820700000001,0.026772258,70-H-0_healthy_belt_400rpm,research
1565,0.007069792999999998,-0.019946742,70-H-0_healthy_belt_400rpm,research
1566,-0.0010552070000000024,-0.00010274199999999942,70-H-0_healthy_belt_400rpm,research
1567,0.009881792999999996,0.024741258,70-H-0_healthy_belt_400rpm,research
1568,0.008944792999999996,-0.035883742,70-H-0_healthy_belt_400rpm,research
1569,0.030507793,-0.002602742,70-H-0_healthy_belt_400rpm,research
1570,-0.032617207,-0.058071742,70-H-0_healthy_belt_400rpm,research
1571,-0.042930207,-0.015883742,70-H-0_healthy_belt_400rpm,research
1572,0.0061317929999999965,-0.011977742,70-H-0_healthy_belt_400rpm,research
1573,-0.0004302070000000019,0.021147258,70-H-0_healthy_belt_400rpm,research
1574,0.0023827929999999976,-0.047602741999999997,70-H-0_healthy_belt_400rpm,research
1575,0.014882792999999998,0.008959258,70-H-0_healthy_belt_400rpm,research
1576,0.033632792999999994,-0.048383742,70-H-0_healthy_belt_400rpm,research
1577,0.012694792999999996,-0.024633742,70-H-0_healthy_belt_400rpm,research
1578,-0.0007422070000000017,-0.004477742,70-H-0_healthy_belt_400rpm,research
1579,-0.051993207,0.036772258,70-H-0_healthy_belt_400rpm,research
1580,0.031132793,-0.004165742,70-H-0_healthy_belt_400rpm,research
1581,0.038319793,-0.046352742,70-H-0_healthy_belt_400rpm,research
1582,0.009881792999999996,0.007397258,70-H-0_healthy_belt_400rpm,research
1583,-0.021992207000000003,0.023178258,70-H-0_healthy_belt_400rpm,research
1584,0.021444792999999997,-0.082602742,70-H-0_healthy_belt_400rpm,research
1585,0.057069792999999994,0.044897258,70-H-0_healthy_belt_400rpm,research
1586,-0.032617207,0.038022258,70-H-0_healthy_belt_400rpm,research
1587,0.057382793,-0.027758742,70-H-0_healthy_belt_400rpm,research
1588,0.018319792999999994,-0.026352742,70-H-0_healthy_belt_400rpm,research
1589,-0.0019932070000000038,0.07583425799999999,70-H-0_healthy_belt_400rpm,research
1590,0.001756792999999996,-0.033696742,70-H-0_healthy_belt_400rpm,research
1591,0.004881792999999995,-0.009633742,70-H-0_healthy_belt_400rpm,research
1592,-0.023555207,0.019741258,70-H-0_healthy_belt_400rpm,research
1593,-0.001680207000000003,-0.019789742,70-H-0_healthy_belt_400rpm,research
1594,-0.039180207,0.009272258,70-H-0_healthy_belt_400rpm,research
1595,-0.009493207000000004,0.008647258,70-H-0_healthy_belt_400rpm,research
1596,0.008944792999999996,-0.031977742,70-H-0_healthy_belt_400rpm,research
1597,0.037069793,0.008647258,70-H-0_healthy_belt_400rpm,research
1598,0.0023827929999999976,0.015991258,70-H-0_healthy_belt_400rpm,research
1599,-0.015117207000000004,0.023335258,70-H-0_healthy_belt_400rpm,research
1600,-0.016055207000000002,-0.048696742,70-H-0_healthy_belt_400rpm,research
1601,0.010507792999999998,0.0019282580000000004,70-H-0_healthy_belt_400rpm,research
1602,-0.055742207,0.011303258,70-H-0_healthy_belt_400rpm,research
1603,0.043631792999999995,-0.013383742,70-H-0_healthy_belt_400rpm,research
1604,0.047069793,-0.023696742,70-H-0_healthy_belt_400rpm,research
1605,-0.032305207,0.005209258,70-H-0_healthy_belt_400rpm,research
1606,-0.024180207000000002,0.016460258,70-H-0_healthy_belt_400rpm,research
1607,-0.034180207000000004,-0.023539742,70-H-0_healthy_belt_400rpm,research
1608,-0.025117207000000003,0.043022258,70-H-0_healthy_belt_400rpm,research
1609,0.029569792999999997,-0.020415742,70-H-0_healthy_belt_400rpm,research
1610,0.018944792999999994,0.020835258,70-H-0_healthy_belt_400rpm,research
1611,-0.005430207000000003,0.005053258,70-H-0_healthy_belt_400rpm,research
1612,0.004256792999999998,0.028022258,70-H-0_healthy_belt_400rpm,research
1613,0.0061317929999999965,0.030210257999999997,70-H-0_healthy_belt_400rpm,research
1614,0.032382793,-0.001508742,70-H-0_healthy_belt_400rpm,research
1615,-0.028867207000000002,0.0013032579999999998,70-H-0_healthy_belt_400rpm,research
1616,-0.022930207,0.033647258,70-H-0_healthy_belt_400rpm,research
1617,0.099256793,-0.032290742,70-H-0_healthy_belt_400rpm,research
1618,-0.006680207000000002,0.032709258,70-H-0_healthy_belt_400rpm,research
1619,-0.004492207000000003,-0.008383742,70-H-0_healthy_belt_400rpm,research
1620,0.018631792999999994,-0.008383742,70-H-0_healthy_belt_400rpm,research
1621,0.032382793,0.037085258,70-H-0_healthy_belt_400rpm,research
1622,-0.011367207000000004,0.010991258,70-H-0_healthy_belt_400rpm,research
1623,-0.047617207,0.0005222580000000003,70-H-0_healthy_belt_400rpm,research
1624,-0.024493207000000003,-0.030883742,70-H-0_healthy_belt_400rpm,research
1625,-0.008242207000000003,-0.021821741999999998,70-H-0_healthy_belt_400rpm,research
1626,0.047694793,0.007397258,70-H-0_healthy_belt_400rpm,research
1627,0.014569792999999998,0.013022258000000002,70-H-0_healthy_belt_400rpm,research
1628,-0.016992207000000002,0.024585258,70-H-0_healthy_belt_400rpm,research
1629,0.005819792999999997,0.008803258,70-H-0_healthy_belt_400rpm,research
1630,0.029882792999999998,-0.0051027419999999995,70-H-0_healthy_belt_400rpm,research
1631,-0.044180207,0.035053258,70-H-0_healthy_belt_400rpm,research
1632,-0.042305207000000004,-0.009477742,70-H-0_healthy_belt_400rpm,research
1633,0.06238179299999999,-0.014633742,70-H-0_healthy_belt_400rpm,research
1634,0.014257792999999998,0.051772258,70-H-0_healthy_belt_400rpm,research
1635,-0.027930207000000006,0.0031782579999999998,70-H-0_healthy_belt_400rpm,research
1636,0.029882792999999998,-0.0030717419999999997,70-H-0_healthy_belt_400rpm,research
1637,0.04675679299999999,-0.018540742,70-H-0_healthy_belt_400rpm,research
1638,0.018319792999999994,0.033491258,70-H-0_healthy_belt_400rpm,research
1639,-0.022618207,0.001147258,70-H-0_healthy_belt_400rpm,research
1640,-0.011367207000000004,-0.012446742,70-H-0_healthy_belt_400rpm,research
1641,0.008007792999999996,0.005678258,70-H-0_healthy_belt_400rpm,research
1642,0.008632792999999996,-0.020258742,70-H-0_healthy_belt_400rpm,research
1643,-0.023867207,0.021772258,70-H-0_healthy_belt_400rpm,research
1644,-0.020743207000000003,-0.00010274199999999942,70-H-0_healthy_belt_400rpm,research
1645,-0.005117207000000004,-0.008852742,70-H-0_healthy_belt_400rpm,research
1646,-0.010430207000000004,0.015053258,70-H-0_healthy_belt_400rpm,research
1647,-0.007618207000000004,0.0033342580000000005,70-H-0_healthy_belt_400rpm,research
1648,0.004256792999999998,-0.0005717419999999996,70-H-0_healthy_belt_400rpm,research
1649,0.032382793,-0.004008742,70-H-0_healthy_belt_400rpm,research
1650,0.001756792999999996,-0.049946742,70-H-0_healthy_belt_400rpm,research
1651,-0.086367207,0.048178258,70-H-0_healthy_belt_400rpm,research
1652,0.008007792999999996,-0.10947774199999999,70-H-0_healthy_belt_400rpm,research
1653,0.053006792999999996,0.010678258,70-H-0_healthy_belt_400rpm,research
1654,0.038944793,-0.038540742,70-H-0_healthy_belt_400rpm,research
1655,0.024257793,0.010522258,70-H-0_healthy_belt_400rpm,research
1656,-0.12386820700000001,0.028960258000000003,70-H-0_healthy_belt_400rpm,research
1657,0.054882793,0.016616258000000002,70-H-0_healthy_belt_400rpm,research
1658,0.013944792999999997,-0.024946742,70-H-0_healthy_belt_400rpm,research
1659,-0.027618207000000002,0.016303258,70-H-0_healthy_belt_400rpm,research
1660,0.022069792999999997,0.023335258,70-H-0_healthy_belt_400rpm,research
1661,-0.013242207000000002,-0.004633742,70-H-0_healthy_belt_400rpm,research
1662,-0.024805207000000003,0.005678258,70-H-0_healthy_belt_400rpm,research
1663,-0.006992207000000004,-0.006196742,70-H-0_healthy_belt_400rpm,research
1664,-0.0007422070000000017,0.017085258,70-H-0_healthy_belt_400rpm,research
1665,0.006757792999999998,0.018647258,70-H-0_healthy_belt_400rpm,research
1666,0.0061317929999999965,0.046147258000000003,70-H-0_healthy_belt_400rpm,research
1667,-0.037618207,0.031459258,70-H-0_healthy_belt_400rpm,research
1668,-0.0023052070000000036,0.007553258,70-H-0_healthy_belt_400rpm,research
1669,0.008632792999999996,0.007866258000000001,70-H-0_healthy_belt_400rpm,research
1670,0.004256792999999998,-0.024633742,70-H-0_healthy_belt_400rpm,research
1671,-0.014180207000000004,-0.004477742,70-H-0_healthy_belt_400rpm,research
1672,0.028631792999999996,-0.0019777419999999998,70-H-0_healthy_belt_400rpm,research
1673,0.003007792999999998,-0.032602742000000004,70-H-0_healthy_belt_400rpm,research
1674,-0.008242207000000003,0.0034912580000000006,70-H-0_healthy_belt_400rpm,research
1675,-0.0029302070000000024,0.022084258,70-H-0_healthy_belt_400rpm,research
1676,-0.009180207000000003,-0.036665742,70-H-0_healthy_belt_400rpm,research
1677,-0.009180207000000003,0.045210258,70-H-0_healthy_belt_400rpm,research
1678,-0.022305207000000004,-0.018540742,70-H-0_healthy_belt_400rpm,research
1679,-0.020117207,0.002866258,70-H-0_healthy_belt_400rpm,research
1680,0.027694792999999995,-0.002758742,70-H-0_healthy_belt_400rpm,research
1681,-0.0007422070000000017,-0.010102742,70-H-0_healthy_belt_400rpm,research
1682,0.008632792999999996,0.018959258,70-H-0_healthy_belt_400rpm,research
1683,-0.017305207000000003,-0.013852742,70-H-0_healthy_belt_400rpm,research
1684,-0.021992207000000003,-0.059946742,70-H-0_healthy_belt_400rpm,research
1685,-0.0038672070000000027,-0.006977742,70-H-0_healthy_belt_400rpm,research
1686,-0.022618207,0.010678258,70-H-0_healthy_belt_400rpm,research
1687,-0.050743207000000005,0.061772258000000003,70-H-0_healthy_belt_400rpm,research
1688,0.006444792999999997,-0.052133742,70-H-0_healthy_belt_400rpm,research
1689,0.039257793,0.021772258,70-H-0_healthy_belt_400rpm,research
1690,-0.026368207000000005,0.029428258,70-H-0_healthy_belt_400rpm,research
1691,0.019569792999999995,-0.011665742,70-H-0_healthy_belt_400rpm,research
1692,-0.005743207000000004,0.008491258,70-H-0_healthy_belt_400rpm,research
1693,0.010819792999999998,0.018491258,70-H-0_healthy_belt_400rpm,research
1694,-0.00011720700000000459,-0.008852742,70-H-0_healthy_belt_400rpm,research
1695,-0.017305207000000003,-0.0030717419999999997,70-H-0_healthy_belt_400rpm,research
1696,0.033632792999999994,-0.019008742000000002,70-H-0_healthy_belt_400rpm,research
1697,-0.0013672070000000022,-0.005258742,70-H-0_healthy_belt_400rpm,research
1698,-0.011055207000000003,-0.023539742,70-H-0_healthy_belt_400rpm,research
1699,-0.012618207000000003,0.011616258,70-H-0_healthy_belt_400rpm,research
1700,0.0008197929999999957,-0.029321742,70-H-0_healthy_belt_400rpm,research
1701,-0.026055207000000004,0.004585258,70-H-0_healthy_belt_400rpm,research
1702,0.043631792999999995,0.011303258,70-H-0_healthy_belt_400rpm,research
1703,-0.019180207000000005,0.018491258,70-H-0_healthy_belt_400rpm,research
1704,0.030194792999999998,-0.015727742,70-H-0_healthy_belt_400rpm,research
1705,0.024882793,0.004428258000000001,70-H-0_healthy_belt_400rpm,research
1706,-0.031368207,0.008647258,70-H-0_healthy_belt_400rpm,research
1707,-0.026992207000000004,0.001147258,70-H-0_healthy_belt_400rpm,research
1708,0.04738179299999999,-0.011196741999999999,70-H-0_healthy_belt_400rpm,research
1709,-0.009805207000000003,0.037241258,70-H-0_healthy_belt_400rpm,research
1710,-0.031992207,-0.004008742,70-H-0_healthy_belt_400rpm,research
1711,-0.008242207000000003,-0.008383742,70-H-0_healthy_belt_400rpm,research
1712,-0.067305207,0.010053258,70-H-0_healthy_belt_400rpm,research
1713,-0.037618207,-0.018383742,70-H-0_healthy_belt_400rpm,research
1714,0.042069792999999994,-0.015883742,70-H-0_healthy_belt_400rpm,research
1715,-0.008867207000000004,0.048334258,70-H-0_healthy_belt_400rpm,research
1716,0.020506792999999995,-0.004165742,70-H-0_healthy_belt_400rpm,research
1717,-0.006055207000000003,-0.004008742,70-H-0_healthy_belt_400rpm,research
1718,0.0039447929999999985,-0.002289742,70-H-0_healthy_belt_400rpm,research
1719,-0.014180207000000004,0.007710257999999999,70-H-0_healthy_belt_400rpm,research
1720,-0.015117207000000004,-0.021040742,70-H-0_healthy_belt_400rpm,research
1721,0.052381792999999996,-0.038852742,70-H-0_healthy_belt_400rpm,research
1722,-0.050743207000000005,0.040053258,70-H-0_healthy_belt_400rpm,research
1723,-0.045430207,0.010522258,70-H-0_healthy_belt_400rpm,research
1724,0.05394479299999999,-0.002446742,70-H-0_healthy_belt_400rpm,research
1725,0.018631792999999994,0.027553257999999997,70-H-0_healthy_belt_400rpm,research
1726,-0.038243207,-0.0030717419999999997,70-H-0_healthy_belt_400rpm,research
1727,-0.012305207000000002,-0.040883742,70-H-0_healthy_belt_400rpm,research
1728,0.012694792999999996,-0.048540742,70-H-0_healthy_belt_400rpm,research
1729,-0.032617207,-0.014477742,70-H-0_healthy_belt_400rpm,research
1730,-0.022930207,-0.035883742,70-H-0_healthy_belt_400rpm,research
1731,0.019569792999999995,0.025991258,70-H-0_healthy_belt_400rpm,research
1732,-0.017930207000000004,0.002866258,70-H-0_healthy_belt_400rpm,research
1733,0.020506792999999995,-0.029321742,70-H-0_healthy_belt_400rpm,research
1734,0.022382792999999998,-0.005571741999999999,70-H-0_healthy_belt_400rpm,research
1735,-0.035118207,0.054897258,70-H-0_healthy_belt_400rpm,research
1736,0.027694792999999995,0.012085258000000001,70-H-0_healthy_belt_400rpm,research
1737,0.047694793,0.007241258,70-H-0_healthy_belt_400rpm,research
1738,-0.046368207,0.016616258000000002,70-H-0_healthy_belt_400rpm,research
1739,0.028631792999999996,-0.005571741999999999,70-H-0_healthy_belt_400rpm,research
1740,0.028944792999999996,0.007710257999999999,70-H-0_healthy_belt_400rpm,research
1741,0.028006792999999995,-0.028540742,70-H-0_healthy_belt_400rpm,research
1742,0.018007792999999994,-0.022290742,70-H-0_healthy_belt_400rpm,research
1743,-0.032930207,0.027241257999999997,70-H-0_healthy_belt_400rpm,research
1744,-0.031368207,-0.006977742,70-H-0_healthy_belt_400rpm,research
1745,-0.007305207000000003,-0.018383742,70-H-0_healthy_belt_400rpm,research
1746,0.034256792999999994,-0.024477742,70-H-0_healthy_belt_400rpm,research
1747,0.004569792999999996,0.035678258,70-H-0_healthy_belt_400rpm,research
1748,-0.046055207,0.024741258,70-H-0_healthy_belt_400rpm,research
1749,0.0026947929999999974,0.004897258,70-H-0_healthy_belt_400rpm,research
1750,0.020819792999999996,0.011772258,70-H-0_healthy_belt_400rpm,research
1751,0.005506792999999996,0.008022258,70-H-0_healthy_belt_400rpm,research
1752,0.028631792999999996,-0.040571742,70-H-0_healthy_belt_400rpm,research
1753,-0.005743207000000004,0.034272258,70-H-0_healthy_belt_400rpm,research
1754,-0.015117207000000004,0.029741258,70-H-0_healthy_belt_400rpm,research
1755,0.002069792999999997,0.000834258,70-H-0_healthy_belt_400rpm,research
1756,0.0023827929999999976,-0.07572774199999999,70-H-0_healthy_belt_400rpm,research
1757,0.020819792999999996,-0.034477742,70-H-0_healthy_belt_400rpm,research
1758,0.058007793,0.047866258,70-H-0_healthy_belt_400rpm,research
1759,-0.019180207000000005,-0.075102742,70-H-0_healthy_belt_400rpm,research
1760,-0.052618207,0.052866258,70-H-0_healthy_belt_400rpm,research
1761,0.032694793,-0.019789742,70-H-0_healthy_belt_400rpm,research
1762,0.054257793,-0.033383742,70-H-0_healthy_belt_400rpm,research
1763,-0.021680207000000003,0.042553258000000004,70-H-0_healthy_belt_400rpm,research
1764,0.004881792999999995,-0.016821742,70-H-0_healthy_belt_400rpm,research
1765,-0.005743207000000004,-0.068696742,70-H-0_healthy_belt_400rpm,research
1766,-0.012618207000000003,0.006616258,70-H-0_healthy_belt_400rpm,research
1767,-0.025117207000000003,0.011928258,70-H-0_healthy_belt_400rpm,research
1768,-0.018867207000000004,-0.009321742000000001,70-H-0_healthy_belt_400rpm,research
1769,0.022069792999999997,-0.013852742,70-H-0_healthy_belt_400rpm,research
1770,-0.043243207000000006,0.0003662580000000004,70-H-0_healthy_belt_400rpm,research
1771,-0.024493207000000003,0.047085258,70-H-0_healthy_belt_400rpm,research
1772,-0.081367207,-0.005414742,70-H-0_healthy_belt_400rpm,research
1773,0.014882792999999998,-0.024477742,70-H-0_healthy_belt_400rpm,research
1774,0.042382792999999995,-0.014164742,70-H-0_healthy_belt_400rpm,research
1775,0.019569792999999995,-0.003540742,70-H-0_healthy_belt_400rpm,research
1776,-0.03793020700000001,0.038960258,70-H-0_healthy_belt_400rpm,research
1777,0.060194792999999996,-0.006821742,70-H-0_healthy_belt_400rpm,research
1778,-0.0013672070000000022,-0.010415741999999999,70-H-0_healthy_belt_400rpm,research
1779,-0.016680207000000002,-0.059946742,70-H-0_healthy_belt_400rpm,research
1780,-0.04574320700000001,0.0022412580000000003,70-H-0_healthy_belt_400rpm,research
1781,0.044881792999999996,-0.027602742,70-H-0_healthy_belt_400rpm,research
1782,0.018631792999999994,0.004741258,70-H-0_healthy_belt_400rpm,research
1783,0.015507792999999999,0.028178257999999998,70-H-0_healthy_belt_400rpm,research
1784,-0.021680207000000003,0.018178258,70-H-0_healthy_belt_400rpm,research
1785,0.002069792999999997,0.052085258,70-H-0_healthy_belt_400rpm,research
1786,0.024569793,-0.07150874199999999,70-H-0_healthy_belt_400rpm,research
1787,-0.0026182070000000026,0.060522258,70-H-0_healthy_belt_400rpm,research
1788,0.010194792999999997,0.004116257999999999,70-H-0_healthy_belt_400rpm,research
1789,0.016132793,0.06520925799999999,70-H-0_healthy_belt_400rpm,research
1790,0.0008197929999999957,0.019585258,70-H-0_healthy_belt_400rpm,research
1791,0.038632793,0.018647258,70-H-0_healthy_belt_400rpm,research
1792,-0.028242207000000005,-0.0010397419999999997,70-H-0_healthy_belt_400rpm,research
1793,-0.046680207,0.07161625799999999,70-H-0_healthy_belt_400rpm,research
1794,0.033319793,0.012241258000000001,70-H-0_healthy_belt_400rpm,research
1795,0.0023827929999999976,-0.046665742,70-H-0_healthy_belt_400rpm,research
1796,-0.022930207,-0.031664741999999996,70-H-0_healthy_belt_400rpm,research
1797,0.011757792999999996,0.027866257999999998,70-H-0_healthy_belt_400rpm,research
1798,0.037694793,-0.024790742,70-H-0_healthy_belt_400rpm,research
1799,-0.022305207000000004,0.018803258,70-H-0_healthy_belt_400rpm,research
1800,-0.022618207,0.015835258,70-H-0_healthy_belt_400rpm,research
1801,0.018631792999999994,-0.054321742,70-H-0_healthy_belt_400rpm,research
1802,-0.007930207000000003,0.021147258,70-H-0_healthy_belt_400rpm,research
1803,0.009256792999999996,-0.013696742,70-H-0_healthy_belt_400rpm,research
1804,0.025194793,0.019741258,70-H-0_healthy_belt_400rpm,research
1805,-0.024493207000000003,0.004897258,70-H-0_healthy_belt_400rpm,research
1806,-0.003555207000000003,0.0020852580000000004,70-H-0_healthy_belt_400rpm,research
1807,-0.018242207000000003,-0.0030717419999999997,70-H-0_healthy_belt_400rpm,research
1808,-0.011992207000000003,0.013491257999999999,70-H-0_healthy_belt_400rpm,research
1809,-0.0019932070000000038,0.0014602579999999999,70-H-0_healthy_belt_400rpm,research
1810,0.005819792999999997,-0.0002587420000000002,70-H-0_healthy_belt_400rpm,research
1811,-0.006992207000000004,0.007866258000000001,70-H-0_healthy_belt_400rpm,research
1812,0.034256792999999994,-0.007133742,70-H-0_healthy_belt_400rpm,research
1813,0.016444793,0.011303258,70-H-0_healthy_belt_400rpm,research
1814,0.028006792999999995,0.0013032579999999998,70-H-0_healthy_belt_400rpm,research
1815,-0.011055207000000003,0.008335258,70-H-0_healthy_belt_400rpm,research
1816,-0.052930207,0.025210258,70-H-0_healthy_belt_400rpm,research
1817,-0.018242207000000003,0.013647257999999999,70-H-0_healthy_belt_400rpm,research
1818,0.00019479299999999866,-0.024946742,70-H-0_healthy_belt_400rpm,research
1819,0.037381792999999996,0.028022258,70-H-0_healthy_belt_400rpm,research
1820,-0.061680207,0.056772258,70-H-0_healthy_belt_400rpm,research
1821,-0.036993207,0.014897258,70-H-0_healthy_belt_400rpm,research
1822,0.043007792999999996,-0.054008742,70-H-0_healthy_belt_400rpm,research
1823,-0.008867207000000004,0.0039602579999999995,70-H-0_healthy_belt_400rpm,research
1824,-0.034805207000000005,0.06911625800000001,70-H-0_healthy_belt_400rpm,research
1825,0.020506792999999995,-0.023071742,70-H-0_healthy_belt_400rpm,research
1826,0.005506792999999996,0.023647258,70-H-0_healthy_belt_400rpm,research
1827,-0.031992207,0.036147258,70-H-0_healthy_belt_400rpm,research
1828,0.018944792999999994,-0.006665742,70-H-0_healthy_belt_400rpm,research
1829,0.013944792999999997,-0.004321742,70-H-0_healthy_belt_400rpm,research
1830,0.031444793,-0.016508742,70-H-0_healthy_belt_400rpm,research
1831,0.004256792999999998,0.008491258,70-H-0_healthy_belt_400rpm,research
1832,0.003007792999999998,-0.035102742,70-H-0_healthy_belt_400rpm,research
1833,-0.024180207000000002,0.033334258,70-H-0_healthy_belt_400rpm,research
1834,-0.032617207,0.010834258,70-H-0_healthy_belt_400rpm,research
1835,0.036131792999999995,-0.00010274199999999942,70-H-0_healthy_belt_400rpm,research
1836,-0.023555207,0.022553258,70-H-0_healthy_belt_400rpm,research
1837,-0.016055207000000002,0.008803258,70-H-0_healthy_belt_400rpm,research
1838,-0.011055207000000003,-0.015571742,70-H-0_healthy_belt_400rpm,research
1839,0.020506792999999995,0.06708525800000001,70-H-0_healthy_belt_400rpm,research
1840,-0.0013672070000000022,0.023803258,70-H-0_healthy_belt_400rpm,research
1841,-0.032305207,-0.017290741999999998,70-H-0_healthy_belt_400rpm,research
1842,0.037694793,-0.025258742,70-H-0_healthy_belt_400rpm,research
1843,-0.017618207000000004,0.019272258,70-H-0_healthy_belt_400rpm,research
1844,-0.022305207000000004,-0.019008742000000002,70-H-0_healthy_belt_400rpm,research
1845,0.038007793,-0.039008742,70-H-0_healthy_belt_400rpm,research
1846,0.031444793,-0.016821742,70-H-0_healthy_belt_400rpm,research
1847,-0.034493207,0.0036472580000000004,70-H-0_healthy_belt_400rpm,research
1848,-0.0041802070000000035,0.001147258,70-H-0_healthy_belt_400rpm,research
1849,-0.020743207000000003,0.028803257999999998,70-H-0_healthy_belt_400rpm,research
1850,-0.014805207000000003,0.005991257999999999,70-H-0_healthy_belt_400rpm,research
1851,0.020194792999999996,-0.021352742,70-H-0_healthy_belt_400rpm,research
1852,-0.026368207000000005,-0.031664741999999996,70-H-0_healthy_belt_400rpm,research
1853,0.008632792999999996,0.011772258,70-H-0_healthy_belt_400rpm,research
1854,-0.0004302070000000019,0.005835257999999999,70-H-0_healthy_belt_400rpm,research
1855,0.035194792999999995,-0.026664741999999998,70-H-0_healthy_belt_400rpm,research
1856,-0.0013672070000000022,0.054116258,70-H-0_healthy_belt_400rpm,research
1857,-0.008242207000000003,0.005209258,70-H-0_healthy_belt_400rpm,research
1858,0.026444792999999994,-0.015883742,70-H-0_healthy_belt_400rpm,research
1859,0.041444792999999994,-0.023539742,70-H-0_healthy_belt_400rpm,research
1860,-0.046055207,0.009116258,70-H-0_healthy_belt_400rpm,research
1861,-0.065430207,0.052866258,70-H-0_healthy_belt_400rpm,research
1862,0.006444792999999997,-0.023227742,70-H-0_healthy_belt_400rpm,research
1863,-0.017930207000000004,0.002553258,70-H-0_healthy_belt_400rpm,research
1864,-0.0029302070000000024,0.012553258000000001,70-H-0_healthy_belt_400rpm,research
1865,-0.007618207000000004,0.0013032579999999998,70-H-0_healthy_belt_400rpm,research
1866,-0.049493207000000004,0.006147258000000001,70-H-0_healthy_belt_400rpm,research
1867,0.006757792999999998,0.057084258,70-H-0_healthy_belt_400rpm,research
1868,0.057694792999999994,-0.016039742,70-H-0_healthy_belt_400rpm,research
1869,-0.007618207000000004,0.008022258,70-H-0_healthy_belt_400rpm,research
1870,-0.03855520700000001,-0.005883742,70-H-0_healthy_belt_400rpm,research
1871,0.042382792999999995,-0.006352742,70-H-0_healthy_belt_400rpm,research
1872,-0.009493207000000004,-0.011821742,70-H-0_healthy_belt_400rpm,research
1873,-0.020117207,0.016303258,70-H-0_healthy_belt_400rpm,research
1874,0.031132793,-0.009008742,70-H-0_healthy_belt_400rpm,research
1875,-0.048555207,-0.006196742,70-H-0_healthy_belt_400rpm,research
1876,-0.008867207000000004,0.004585258,70-H-0_healthy_belt_400rpm,research
1877,-0.036055207000000006,0.015366258,70-H-0_healthy_belt_400rpm,research
1878,-0.023867207,-0.029321742,70-H-0_healthy_belt_400rpm,research
1879,0.006444792999999997,-0.008696742,70-H-0_healthy_belt_400rpm,research
1880,-0.0023052070000000036,0.013022258000000002,70-H-0_healthy_belt_400rpm,research
1881,-0.07480520700000001,0.035522258,70-H-0_healthy_belt_400rpm,research
1882,-0.058243207000000005,-0.007133742,70-H-0_healthy_belt_400rpm,research
1883,-0.012618207000000003,0.014897258,70-H-0_healthy_belt_400rpm,research
1884,0.04613279299999999,0.0031782579999999998,70-H-0_healthy_belt_400rpm,research
1885,-0.04511820700000001,0.028178257999999998,70-H-0_healthy_belt_400rpm,research
1886,-0.016055207000000002,0.0006782580000000002,70-H-0_healthy_belt_400rpm,research
1887,0.033007792999999994,0.010366258,70-H-0_healthy_belt_400rpm,research
1888,0.024257793,0.014741258,70-H-0_healthy_belt_400rpm,research
1889,-0.07105520700000001,0.043960258,70-H-0_healthy_belt_400rpm,research
1890,-0.055430207,-0.0002587420000000002,70-H-0_healthy_belt_400rpm,research
1891,0.025819792999999994,0.010834258,70-H-0_healthy_belt_400rpm,research
1892,0.076444793,-0.061977742,70-H-0_healthy_belt_400rpm,research
1893,-0.010117207000000003,0.060991258,70-H-0_healthy_belt_400rpm,research
1894,-0.039492207,0.005991257999999999,70-H-0_healthy_belt_400rpm,research
1895,0.000507792999999996,-0.033071742,70-H-0_healthy_belt_400rpm,research
1896,0.044256792999999996,0.031772258,70-H-0_healthy_belt_400rpm,research
1897,-0.028555207000000003,0.051147258,70-H-0_healthy_belt_400rpm,research
1898,0.027694792999999995,-0.055102742,70-H-0_healthy_belt_400rpm,research
1899,0.033007792999999994,-0.002289742,70-H-0_healthy_belt_400rpm,research
1900,-0.046680207,-0.001508742,70-H-0_healthy_belt_400rpm,research
1901,-0.052930207,0.008959258,70-H-0_healthy_belt_400rpm,research
1902,0.0026947929999999974,0.0017722580000000005,70-H-0_healthy_belt_400rpm,research
1903,0.019569792999999995,0.030210257999999997,70-H-0_healthy_belt_400rpm,research
1904,0.016757793,-0.024321742,70-H-0_healthy_belt_400rpm,research
1905,0.0061317929999999965,0.020835258,70-H-0_healthy_belt_400rpm,research
1906,-0.069180207,0.043178258,70-H-0_healthy_belt_400rpm,research
1907,0.023007793,-0.002446742,70-H-0_healthy_belt_400rpm,research
1908,0.0026947929999999974,-0.006665742,70-H-0_healthy_belt_400rpm,research
1909,-0.007930207000000003,0.0031782579999999998,70-H-0_healthy_belt_400rpm,research
1910,-0.049493207000000004,-0.016039742,70-H-0_healthy_belt_400rpm,research
1911,0.019569792999999995,-0.015414742,70-H-0_healthy_belt_400rpm,research
1912,0.038007793,0.022084258,70-H-0_healthy_belt_400rpm,research
1913,0.0008197929999999957,0.0014602579999999999,70-H-0_healthy_belt_400rpm,research
1914,-0.018555207000000004,-0.022133742,70-H-0_healthy_belt_400rpm,research
1915,0.028006792999999995,-0.031821742,70-H-0_healthy_belt_400rpm,research
1916,-0.080430207,0.019272258,70-H-0_healthy_belt_400rpm,research
1917,-0.006055207000000003,-0.007602742,70-H-0_healthy_belt_400rpm,research
1918,-0.013242207000000002,-0.042446742,70-H-0_healthy_belt_400rpm,research
1919,-0.014805207000000003,-0.0051027419999999995,70-H-0_healthy_belt_400rpm,research
1920,0.015194792999999998,0.0017722580000000005,70-H-0_healthy_belt_400rpm,research
1921,-0.021368207000000004,0.034428258,70-H-0_healthy_belt_400rpm,research
1922,-0.016055207000000002,0.025366258,70-H-0_healthy_belt_400rpm,research
1923,0.007069792999999998,-0.042289742,70-H-0_healthy_belt_400rpm,research
1924,-0.012618207000000003,-0.036040742,70-H-0_healthy_belt_400rpm,research
1925,0.013631792999999996,-0.013540742,70-H-0_healthy_belt_400rpm,research
1926,-0.036680207000000006,0.043022258,70-H-0_healthy_belt_400rpm,research
1927,0.049569793,-0.039008742,70-H-0_healthy_belt_400rpm,research
1928,0.006757792999999998,-0.038696742,70-H-0_healthy_belt_400rpm,research
1929,0.044569792999999996,-0.002602742,70-H-0_healthy_belt_400rpm,research
1930,-0.006680207000000002,-0.0008837419999999999,70-H-0_healthy_belt_400rpm,research
1931,0.026757792999999995,0.009116258,70-H-0_healthy_belt_400rpm,research
1932,-0.052930207,-0.042446742,70-H-0_healthy_belt_400rpm,research
1933,-0.076680207,-0.007602742,70-H-0_healthy_belt_400rpm,research
1934,0.001756792999999996,-0.017133742,70-H-0_healthy_belt_400rpm,research
1935,0.011757792999999996,-0.009321742000000001,70-H-0_healthy_belt_400rpm,research
1936,0.008944792999999996,-0.011352741999999999,70-H-0_healthy_belt_400rpm,research
1937,0.035819792999999996,-0.0002587420000000002,70-H-0_healthy_belt_400rpm,research
1938,-0.001680207000000003,0.050678258,70-H-0_healthy_belt_400rpm,research
1939,0.015194792999999998,0.018491258,70-H-0_healthy_belt_400rpm,research
1940,0.010507792999999998,-0.032915742,70-H-0_healthy_belt_400rpm,research
1941,0.031757793,-0.027446742,70-H-0_healthy_belt_400rpm,research
1942,-0.051680207000000006,0.023178258,70-H-0_healthy_belt_400rpm,research
1943,-0.016055207000000002,-0.056821742,70-H-0_healthy_belt_400rpm,research
1944,0.024257793,0.0002102580000000005,70-H-0_healthy_belt_400rpm,research
1945,0.007069792999999998,0.029116258,70-H-0_healthy_belt_400rpm,research
1946,0.032069793,-0.026821742,70-H-0_healthy_belt_400rpm,research
1947,0.033632792999999994,-0.017446742,70-H-0_healthy_belt_400rpm,research
1948,-0.035118207,0.002397258,70-H-0_healthy_belt_400rpm,research
1949,-0.019805207000000002,0.023960258,70-H-0_healthy_belt_400rpm,research
1950,0.0008197929999999957,-0.022446742,70-H-0_healthy_belt_400rpm,research
1951,-0.032305207,0.011616258,70-H-0_healthy_belt_400rpm,research
1952,0.036756792999999996,-0.024008742,70-H-0_healthy_belt_400rpm,research
1953,0.018007792999999994,-0.006821742,70-H-0_healthy_belt_400rpm,research
1954,0.018007792999999994,0.011460258000000001,70-H-0_healthy_belt_400rpm,research
1955,0.011444792999999998,0.039428258,70-H-0_healthy_belt_400rpm,research
1956,-0.0026182070000000026,-0.004633742,70-H-0_healthy_belt_400rpm,research
1957,-0.008867207000000004,0.018491258,70-H-0_healthy_belt_400rpm,research
1958,-0.097618207,-0.036352742,70-H-0_healthy_belt_400rpm,research
1959,-0.025743207000000004,-0.006352742,70-H-0_healthy_belt_400rpm,research
1960,0.053006792999999996,-0.021196742,70-H-0_healthy_belt_400rpm,research
1961,-0.040117207,-0.022914742,70-H-0_healthy_belt_400rpm,research
1962,-0.011992207000000003,0.026459258,70-H-0_healthy_belt_400rpm,research
1963,0.052069793,-0.0008837419999999999,70-H-0_healthy_belt_400rpm,research
1964,-0.0010552070000000024,-0.020727742,70-H-0_healthy_belt_400rpm,research
1965,-0.051680207000000006,0.043803258,70-H-0_healthy_belt_400rpm,research
1966,-0.035118207,-0.034789742,70-H-0_healthy_belt_400rpm,research
1967,-0.033243207000000004,-0.006821742,70-H-0_healthy_belt_400rpm,research
1968,0.012694792999999996,0.006459258000000001,70-H-0_healthy_belt_400rpm,research
1969,0.032694793,0.015366258,70-H-0_healthy_belt_400rpm,research
1970,0.009881792999999996,0.036147258,70-H-0_healthy_belt_400rpm,research
1971,-0.042618207000000005,0.028960258000000003,70-H-0_healthy_belt_400rpm,research
1972,0.029256792999999996,-0.041352742,70-H-0_healthy_belt_400rpm,research
1973,-0.001680207000000003,0.014584258,70-H-0_healthy_belt_400rpm,research
1974,-0.051368207000000006,-0.0013527419999999997,70-H-0_healthy_belt_400rpm,research
1975,0.017069793,-0.0032277419999999996,70-H-0_healthy_belt_400rpm,research
1976,0.09550679299999999,-0.023696742,70-H-0_healthy_belt_400rpm,research
1977,-0.013242207000000002,-0.010883742,70-H-0_healthy_belt_400rpm,research
1978,-0.019180207000000005,0.0017722580000000005,70-H-0_healthy_belt_400rpm,research
1979,0.041757792999999994,-0.003540742,70-H-0_healthy_belt_400rpm,research
1980,0.039257793,-0.044790742,70-H-0_healthy_belt_400rpm,research
1981,-0.043243207000000006,-0.006508742,70-H-0_healthy_belt_400rpm,research
1982,-0.021368207000000004,0.043647258,70-H-0_healthy_belt_400rpm,research
1983,0.048319793,0.0036472580000000004,70-H-0_healthy_belt_400rpm,research
1984,0.0036327929999999953,-0.019946742,70-H-0_healthy_belt_400rpm,research
1985,0.037069793,0.061616258,70-H-0_healthy_belt_400rpm,research
1986,-0.06636820700000001,-0.039790742,70-H-0_healthy_belt_400rpm,research
1987,-0.028242207000000005,0.024428258,70-H-0_healthy_belt_400rpm,research
1988,0.023632793,-0.001665742,70-H-0_healthy_belt_400rpm,research
1989,0.011132792999999998,0.018334258,70-H-0_healthy_belt_400rpm,research
1990,-0.025743207000000004,0.071460258,70-H-0_healthy_belt_400rpm,research
1991,0.04863179299999999,-0.088696742,70-H-0_healthy_belt_400rpm,research
1992,-0.022305207000000004,0.053022258,70-H-0_healthy_belt_400rpm,research
1993,0.004256792999999998,0.052553258,70-H-0_healthy_belt_400rpm,research
1994,-0.039180207,0.026928258000000004,70-H-0_healthy_belt_400rpm,research
1995,0.043631792999999995,-0.0010397419999999997,70-H-0_healthy_belt_400rpm,research
1996,0.07738279299999999,-0.057758742,70-H-0_healthy_belt_400rpm,research
1997,0.0023827929999999976,0.030678258,70-H-0_healthy_belt_400rpm,research
1998,-0.082930207,0.029116258,70-H-0_healthy_belt_400rpm,research
1999,-0.0041802070000000035,-0.027446742,70-H-0_healthy_belt_400rpm,research
2000,0.036131792999999995,-0.031977742,70-H-0_healthy_belt_400rpm,research
2001,0.017694793,0.026459258,70-H-0_healthy_belt_400rpm,research
2002,-0.016368207000000003,0.000834258,70-H-0_healthy_belt_400rpm,research
2003,0.014257792999999998,-0.007758742,70-H-0_healthy_belt_400rpm,research
2004,0.034881792999999994,-0.024633742,70-H-0_healthy_belt_400rpm,research
2005,-0.020117207,0.0033342580000000005,70-H-0_healthy_belt_400rpm,research
2006,0.014257792999999998,0.022084258,70-H-0_healthy_belt_400rpm,research
2007,-0.0004302070000000019,0.012553258000000001,70-H-0_healthy_belt_400rpm,research
2008,0.023632793,0.024897258,70-H-0_healthy_belt_400rpm,research
2009,0.00019479299999999866,0.030366258,70-H-0_healthy_belt_400rpm,research
2010,-0.034493207,0.021303258,70-H-0_healthy_belt_400rpm,research
2011,0.008944792999999996,-0.022446742,70-H-0_healthy_belt_400rpm,research
2012,-0.016368207000000003,0.030678258,70-H-0_healthy_belt_400rpm,research
2013,-0.0026182070000000026,0.002553258,70-H-0_healthy_belt_400rpm,research
2014,-0.015117207000000004,0.0019282580000000004,70-H-0_healthy_belt_400rpm,research
2015,-0.041368207000000004,-0.007915742,70-H-0_healthy_belt_400rpm,research
2016,0.062069793,0.006928258,70-H-0_healthy_belt_400rpm,research
2017,0.010194792999999997,0.002553258,70-H-0_healthy_belt_400rpm,research
2018,-0.016992207000000002,0.015053258,70-H-0_healthy_belt_400rpm,research
2019,-0.0029302070000000024,-0.012289742,70-H-0_healthy_belt_400rpm,research
2020,0.020506792999999995,-0.014164742,70-H-0_healthy_belt_400rpm,research
2021,0.010194792999999997,-0.007446741999999999,70-H-0_healthy_belt_400rpm,research
2022,-0.0023052070000000036,0.0019282580000000004,70-H-0_healthy_belt_400rpm,research
2023,0.014882792999999998,-0.021352742,70-H-0_healthy_belt_400rpm,research
2024,0.038007793,0.030366258,70-H-0_healthy_belt_400rpm,research
2025,-0.0063682070000000025,-0.045258742,70-H-0_healthy_belt_400rpm,research
2026,-0.031055207,-0.07650874199999999,70-H-0_healthy_belt_400rpm,research
2027,-0.012930207000000003,0.052085258,70-H-0_healthy_belt_400rpm,research
2028,0.05644479299999999,-0.020883742,70-H-0_healthy_belt_400rpm,research
2029,-0.005743207000000004,0.017085258,70-H-0_healthy_belt_400rpm,research
2030,-0.093555207,0.066460258,70-H-0_healthy_belt_400rpm,research
2031,0.004256792999999998,-0.006508742,70-H-0_healthy_belt_400rpm,research
2032,0.032382793,-0.031664741999999996,70-H-0_healthy_belt_400rpm,research
2033,0.010194792999999997,0.032866258,70-H-0_healthy_belt_400rpm,research
2034,-0.049493207000000004,0.010991258,70-H-0_healthy_belt_400rpm,research
2035,-0.044805207,0.030991258,70-H-0_healthy_belt_400rpm,research
2036,-0.006680207000000002,-0.0038527419999999997,70-H-0_healthy_belt_400rpm,research
2037,0.002069792999999997,-0.026508742,70-H-0_healthy_belt_400rpm,research
2038,-0.016680207000000002,0.026459258,70-H-0_healthy_belt_400rpm,research
2039,-0.0029302070000000024,0.011616258,70-H-0_healthy_belt_400rpm,research
2040,0.023007793,-0.033696742,70-H-0_healthy_belt_400rpm,research
2041,-0.015117207000000004,-0.006665742,70-H-0_healthy_belt_400rpm,research
2042,-0.0041802070000000035,0.025991258,70-H-0_healthy_belt_400rpm,research
2043,0.018944792999999994,0.035835258,70-H-0_healthy_belt_400rpm,research
2044,0.016444793,-0.009165742000000001,70-H-0_healthy_belt_400rpm,research
2045,0.009256792999999996,-0.0008837419999999999,70-H-0_healthy_belt_400rpm,research
2046,-0.037618207,-0.015727742,70-H-0_healthy_belt_400rpm,research
2047,0.007382792999999999,-0.025571742,70-H-0_healthy_belt_400rpm,research
2048,0.026132792999999994,0.007241258,70-H-0_healthy_belt_400rpm,research
2049,-0.009805207000000003,0.030366258,70-H-0_healthy_belt_400rpm,research
2050,0.013006792999999996,-0.027758742,70-H-0_healthy_belt_400rpm,research
2051,0.014569792999999998,0.035991258,70-H-0_healthy_belt_400rpm,research
2052,0.021131792999999996,-0.037915742,70-H-0_healthy_belt_400rpm,research
2053,-0.00011720700000000459,0.0003662580000000004,70-H-0_healthy_belt_400rpm,research
2054,-0.025117207000000003,0.007553258,70-H-0_healthy_belt_400rpm,research
2055,-0.058555207000000005,0.013022258000000002,70-H-0_healthy_belt_400rpm,research
2056,0.023944793,-0.008540742,70-H-0_healthy_belt_400rpm,research
2057,0.05331979299999999,-0.025102742,70-H-0_healthy_belt_400rpm,research
2058,0.013006792999999996,0.054897258,70-H-0_healthy_belt_400rpm,research
2059,-0.026368207000000005,0.0019282580000000004,70-H-0_healthy_belt_400rpm,research
2060,-0.022618207,-0.037290742,70-H-0_healthy_belt_400rpm,research
2061,-0.005743207000000004,-0.024008742,70-H-0_healthy_belt_400rpm,research
2062,-0.056680207,-0.008227742,70-H-0_healthy_belt_400rpm,research
2063,0.003007792999999998,-0.003383742,70-H-0_healthy_belt_400rpm,research
2064,0.028944792999999996,0.026616258,70-H-0_healthy_belt_400rpm,research
2065,-0.003555207000000003,-0.016977742,70-H-0_healthy_belt_400rpm,research
2066,-0.036993207,0.035835258,70-H-0_healthy_belt_400rpm,research
2067,0.001756792999999996,-0.018696742000000002,70-H-0_healthy_belt_400rpm,research
2068,0.010507792999999998,0.035366258,70-H-0_healthy_belt_400rpm,research
2069,-0.036367207,0.011616258,70-H-0_healthy_belt_400rpm,research
2070,-0.004492207000000003,0.016303258,70-H-0_healthy_belt_400rpm,research
2071,-0.008242207000000003,0.022709258,70-H-0_healthy_belt_400rpm,research
2072,-0.005117207000000004,0.004116257999999999,70-H-0_healthy_belt_400rpm,research
2073,0.022382792999999998,0.006928258,70-H-0_healthy_belt_400rpm,research
2074,-0.033555207000000004,-0.004321742,70-H-0_healthy_belt_400rpm,research
2075,-0.057618207000000005,0.011303258,70-H-0_healthy_belt_400rpm,research
2076,-0.005430207000000003,-0.07057174199999999,70-H-0_healthy_belt_400rpm,research
2077,-0.0004302070000000019,-0.029008742,70-H-0_healthy_belt_400rpm,research
2078,0.007382792999999999,0.059116258,70-H-0_healthy_belt_400rpm,research
2079,0.016757793,-0.014321742,70-H-0_healthy_belt_400rpm,research
2080,-0.007618207000000004,-0.034165742,70-H-0_healthy_belt_400rpm,research
2081,-0.016055207000000002,0.024585258,70-H-0_healthy_belt_400rpm,research
2082,-0.017618207000000004,0.014584258,70-H-0_healthy_belt_400rpm,research
2083,0.015194792999999998,0.0002102580000000005,70-H-0_healthy_belt_400rpm,research
2084,0.008007792999999996,0.0070842579999999995,70-H-0_healthy_belt_400rpm,research
2085,-0.0004302070000000019,0.0002102580000000005,70-H-0_healthy_belt_400rpm,research
2086,-0.036993207,0.015835258,70-H-0_healthy_belt_400rpm,research
2087,-0.0013672070000000022,0.003022258,70-H-0_healthy_belt_400rpm,research
2088,-0.021992207000000003,-0.004321742,70-H-0_healthy_belt_400rpm,research
2089,0.006757792999999998,0.007241258,70-H-0_healthy_belt_400rpm,research
2090,0.003319792999999998,-0.007758742,70-H-0_healthy_belt_400rpm,research
2091,-0.04511820700000001,0.013491257999999999,70-H-0_healthy_belt_400rpm,research
2092,0.007382792999999999,-0.001821742,70-H-0_healthy_belt_400rpm,research
2093,-0.011367207000000004,-0.030258741999999998,70-H-0_healthy_belt_400rpm,research
2094,-0.036993207,0.044116258,70-H-0_healthy_belt_400rpm,research
2095,0.012694792999999996,-0.011196741999999999,70-H-0_healthy_belt_400rpm,research
2096,0.012069792999999995,-0.021821741999999998,70-H-0_healthy_belt_400rpm,research
2097,0.035194792999999995,-0.0002587420000000002,70-H-0_healthy_belt_400rpm,research
2098,-0.016680207000000002,0.062241258,70-H-0_healthy_belt_400rpm,research
2099,-0.006055207000000003,-0.012758742,70-H-0_healthy_belt_400rpm,research
2100,0.039882793,-0.044165742,70-H-0_healthy_belt_400rpm,research
2101,0.05644479299999999,0.035991258,70-H-0_healthy_belt_400rpm,research
2102,-0.011055207000000003,0.020366258,70-H-0_healthy_belt_400rpm,research
2103,0.005819792999999997,-0.043383742,70-H-0_healthy_belt_400rpm,research
2104,0.023007793,-0.0051027419999999995,70-H-0_healthy_belt_400rpm,research
2105,-0.073243207,-0.019946742,70-H-0_healthy_belt_400rpm,research
2106,-0.0019932070000000038,-0.028071742,70-H-0_healthy_belt_400rpm,research
2107,0.051756792999999995,0.009116258,70-H-0_healthy_belt_400rpm,research
2108,-0.047305207,-0.042289742,70-H-0_healthy_belt_400rpm,research
2109,0.033319793,0.008335258,70-H-0_healthy_belt_400rpm,research
2110,-0.005430207000000003,0.004741258,70-H-0_healthy_belt_400rpm,research
2111,-0.036367207,-0.013696742,70-H-0_healthy_belt_400rpm,research
2112,0.05519479299999999,-0.044008741999999997,70-H-0_healthy_belt_400rpm,research
2113,0.017694793,0.019116258,70-H-0_healthy_belt_400rpm,research
2114,-0.041993207000000005,0.039428258,70-H-0_healthy_belt_400rpm,research
2115,-0.028867207000000002,-0.034789742,70-H-0_healthy_belt_400rpm,research
2116,0.037381792999999996,-0.033540742,70-H-0_healthy_belt_400rpm,research
2117,-0.015430207000000003,0.032553258,70-H-0_healthy_belt_400rpm,research
2118,-0.010430207000000004,0.018647258,70-H-0_healthy_belt_400rpm,research
2119,-0.011992207000000003,0.018022258,70-H-0_healthy_belt_400rpm,research
2120,0.042382792999999995,-0.125883742,70-H-0_healthy_belt_400rpm,research
2121,0.025819792999999994,0.000991258,70-H-0_healthy_belt_400rpm,research
2122,0.028944792999999996,0.020210258000000002,70-H-0_healthy_belt_400rpm,research
2123,-0.016680207000000002,-0.042914742,70-H-0_healthy_belt_400rpm,research
2124,0.09238279299999999,-0.024946742,70-H-0_healthy_belt_400rpm,research
2125,-0.023243207000000002,-0.005258742,70-H-0_healthy_belt_400rpm,research
2126,-0.052930207,0.018178258,70-H-0_healthy_belt_400rpm,research
2127,-0.005743207000000004,0.022241258,70-H-0_healthy_belt_400rpm,research
2128,0.05644479299999999,-0.06900874200000001,70-H-0_healthy_belt_400rpm,research
2129,0.031444793,0.009272258,70-H-0_healthy_belt_400rpm,research
2130,-0.006055207000000003,0.011772258,70-H-0_healthy_belt_400rpm,research
2131,-0.015743207000000002,0.022084258,70-H-0_healthy_belt_400rpm,research
2132,0.025819792999999994,-0.067915742,70-H-0_healthy_belt_400rpm,research
2133,0.010507792999999998,-0.08041574200000001,70-H-0_healthy_belt_400rpm,research
2134,0.024569793,0.016616258000000002,70-H-0_healthy_belt_400rpm,research
2135,-0.003242207000000002,-0.011352741999999999,70-H-0_healthy_belt_400rpm,research
2136,-0.036993207,-0.07650874199999999,70-H-0_healthy_belt_400rpm,research
2137,0.001756792999999996,-0.050102742,70-H-0_healthy_belt_400rpm,research
2138,0.010819792999999998,0.032241258,70-H-0_healthy_belt_400rpm,research
2139,-0.012305207000000002,-0.00041474200000000006,70-H-0_healthy_belt_400rpm,research
2140,0.028006792999999995,-0.005571741999999999,70-H-0_healthy_belt_400rpm,research
2141,0.035819792999999996,-0.0011967419999999998,70-H-0_healthy_belt_400rpm,research
2142,-0.005117207000000004,-0.045258742,70-H-0_healthy_belt_400rpm,research
2143,-0.031368207,-0.003540742,70-H-0_healthy_belt_400rpm,research
2144,0.0061317929999999965,-0.041039742,70-H-0_healthy_belt_400rpm,research
2145,-0.018242207000000003,-0.031352742,70-H-0_healthy_belt_400rpm,research
2146,0.000507792999999996,0.011303258,70-H-0_healthy_belt_400rpm,research
2147,-0.035430207000000005,0.025053258000000002,70-H-0_healthy_belt_400rpm,research
2148,-0.021368207000000004,-0.009633742,70-H-0_healthy_belt_400rpm,research
2149,0.077694793,-0.017133742,70-H-0_healthy_belt_400rpm,research
2150,0.014569792999999998,0.011772258,70-H-0_healthy_belt_400rpm,research
2151,-0.019180207000000005,0.013803257999999999,70-H-0_healthy_belt_400rpm,research
2152,-0.0007422070000000017,-0.025571742,70-H-0_healthy_belt_400rpm,research
2153,-0.012305207000000002,-0.039477742,70-H-0_healthy_belt_400rpm,research
2154,-0.019493207000000002,0.063022258,70-H-0_healthy_belt_400rpm,research
2155,0.073944793,-0.004008742,70-H-0_healthy_belt_400rpm,research
2156,-0.017618207000000004,-0.010102742,70-H-0_healthy_belt_400rpm,research
2157,0.035506792999999995,-0.026977742,70-H-0_healthy_belt_400rpm,research
2158,0.0036327929999999953,0.0034912580000000006,70-H-0_healthy_belt_400rpm,research
2159,-0.016055207000000002,0.026616258,70-H-0_healthy_belt_400rpm,research
2160,-0.013867207000000003,-0.011508741999999999,70-H-0_healthy_belt_400rpm,research
2161,0.041444792999999994,0.036303258,70-H-0_healthy_belt_400rpm,research
2162,0.057069792999999994,-0.054008742,70-H-0_healthy_belt_400rpm,research
2163,0.017069793,0.009116258,70-H-0_healthy_belt_400rpm,research
2164,0.034256792999999994,0.016147258,70-H-0_healthy_belt_400rpm,research
2165,-0.039492207,-0.083071742,70-H-0_healthy_belt_400rpm,research
2166,0.025507792999999994,0.046616258,70-H-0_healthy_belt_400rpm,research
2167,-0.056055207,0.054428258,70-H-0_healthy_belt_400rpm,research
2168,0.055507793,-0.018383742,70-H-0_healthy_belt_400rpm,research
2169,0.059257793,-0.020727742,70-H-0_healthy_belt_400rpm,research
2170,-0.019180207000000005,0.063491258,70-H-0_healthy_belt_400rpm,research
2171,-0.012618207000000003,-0.005727742,70-H-0_healthy_belt_400rpm,research
2172,0.040194793,-0.009477742,70-H-0_healthy_belt_400rpm,research
2173,-0.017618207000000004,0.027085258,70-H-0_healthy_belt_400rpm,research
2174,-0.021368207000000004,-0.032133742,70-H-0_healthy_belt_400rpm,research
2175,-0.024493207000000003,0.012866257999999998,70-H-0_healthy_belt_400rpm,research
2176,-0.041368207000000004,0.032241258,70-H-0_healthy_belt_400rpm,research
2177,0.023319793,0.012241258000000001,70-H-0_healthy_belt_400rpm,research
2178,0.038944793,-0.039165741999999996,70-H-0_healthy_belt_400rpm,research
2179,-0.011992207000000003,0.0016162579999999998,70-H-0_healthy_belt_400rpm,research
2180,-0.0010552070000000024,0.019741258,70-H-0_healthy_belt_400rpm,research
2181,-0.005117207000000004,-0.008071742,70-H-0_healthy_belt_400rpm,research
2182,-0.018555207000000004,0.0014602579999999999,70-H-0_healthy_belt_400rpm,research
2183,-0.009805207000000003,-0.021196742,70-H-0_healthy_belt_400rpm,research
2184,0.055507793,-0.012915742,70-H-0_healthy_belt_400rpm,research
2185,0.016444793,0.004897258,70-H-0_healthy_belt_400rpm,research
2186,0.031757793,-0.002602742,70-H-0_healthy_belt_400rpm,research
2187,-0.003555207000000003,-0.0019777419999999998,70-H-0_healthy_belt_400rpm,research
2188,0.042694792999999995,-0.007602742,70-H-0_healthy_belt_400rpm,research
2189,-0.018242207000000003,0.053491258,70-H-0_healthy_belt_400rpm,research
2190,0.013944792999999997,0.025834258,70-H-0_healthy_belt_400rpm,research
2191,0.026132792999999994,0.029428258,70-H-0_healthy_belt_400rpm,research
2192,0.0014447929999999963,0.017709258,70-H-0_healthy_belt_400rpm,research
2193,-0.036055207000000006,0.037397258,70-H-0_healthy_belt_400rpm,research
2194,0.028944792999999996,-0.006977742,70-H-0_healthy_belt_400rpm,research
2195,0.020506792999999995,-0.008696742,70-H-0_healthy_belt_400rpm,research
2196,-0.030743207,0.056772258,70-H-0_healthy_belt_400rpm,research
2197,0.0036327929999999953,0.0038032580000000003,70-H-0_healthy_belt_400rpm,research
2198,0.058319792999999995,-0.040571742,70-H-0_healthy_belt_400rpm,research
2199,-0.014180207000000004,0.025366258,70-H-0_healthy_belt_400rpm,research
2200,-0.015117207000000004,0.023022258,70-H-0_healthy_belt_400rpm,research
2201,0.021444792999999997,-0.030258741999999998,70-H-0_healthy_belt_400rpm,research
2202,0.028631792999999996,-0.00010274199999999942,70-H-0_healthy_belt_400rpm,research
2203,0.009256792999999996,0.06817825799999999,70-H-0_healthy_belt_400rpm,research
2204,-0.008867207000000004,-0.0019777419999999998,70-H-0_healthy_belt_400rpm,research
2205,-0.069492207,0.006459258000000001,70-H-0_healthy_belt_400rpm,research
2206,0.023944793,-0.0030717419999999997,70-H-0_healthy_belt_400rpm,research
2207,0.06894479299999999,-0.034789742,70-H-0_healthy_belt_400rpm,research
2208,0.037694793,-0.011665742,70-H-0_healthy_belt_400rpm,research
2209,-0.041368207000000004,0.022084258,70-H-0_healthy_belt_400rpm,research
2210,-0.003555207000000003,-0.009321742000000001,70-H-0_healthy_belt_400rpm,research
2211,0.020819792999999996,0.014428258,70-H-0_healthy_belt_400rpm,research
2212,-0.049180207000000004,0.027866257999999998,70-H-0_healthy_belt_400rpm,research
2213,-0.030430207,-0.020258742,70-H-0_healthy_belt_400rpm,research
2214,0.020819792999999996,-0.012289742,70-H-0_healthy_belt_400rpm,research
2215,0.045819793,0.035835258,70-H-0_healthy_belt_400rpm,research
2216,-0.012305207000000002,0.016303258,70-H-0_healthy_belt_400rpm,research
2217,0.009881792999999996,0.002553258,70-H-0_healthy_belt_400rpm,research
2218,-0.035430207000000005,-0.021196742,70-H-0_healthy_belt_400rpm,research
2219,-0.024493207000000003,-0.009477742,70-H-0_healthy_belt_400rpm,research
2220,-0.094180207,-0.013540742,70-H-0_healthy_belt_400rpm,research
2221,0.018631792999999994,-0.004789742,70-H-0_healthy_belt_400rpm,research
2222,0.018631792999999994,-0.010571741999999999,70-H-0_healthy_belt_400rpm,research
2223,0.033944792999999994,-0.028696742,70-H-0_healthy_belt_400rpm,research
2224,-0.007930207000000003,0.010834258,70-H-0_healthy_belt_400rpm,research
2225,-0.061992207,0.042866258,70-H-0_healthy_belt_400rpm,research
2226,0.006757792999999998,-0.015414742,70-H-0_healthy_belt_400rpm,research
2227,0.028944792999999996,0.018491258,70-H-0_healthy_belt_400rpm,research
2228,-0.021992207000000003,0.013022258000000002,70-H-0_healthy_belt_400rpm,research
2229,-0.022305207000000004,0.000991258,70-H-0_healthy_belt_400rpm,research
2230,0.060819793,-0.003540742,70-H-0_healthy_belt_400rpm,research
2231,-0.007618207000000004,0.004428258000000001,70-H-0_healthy_belt_400rpm,research
2232,-0.014493207000000003,0.013178258000000002,70-H-0_healthy_belt_400rpm,research
2233,-0.031992207,-0.027914742,70-H-0_healthy_belt_400rpm,research
2234,-0.018555207000000004,-0.06650874200000001,70-H-0_healthy_belt_400rpm,research
2235,0.088319793,-0.013383742,70-H-0_healthy_belt_400rpm,research
2236,-0.0010552070000000024,0.028022258,70-H-0_healthy_belt_400rpm,research
2237,-0.067618207,0.053960258,70-H-0_healthy_belt_400rpm,research
2238,0.057069792999999994,-0.021196742,70-H-0_healthy_belt_400rpm,research
2239,0.052069793,-0.040571742,70-H-0_healthy_belt_400rpm,research
2240,-0.021680207000000003,0.031928258,70-H-0_healthy_belt_400rpm,research
2241,-0.041055207,-0.006508742,70-H-0_healthy_belt_400rpm,research
2242,-0.028242207000000005,-0.030415742,70-H-0_healthy_belt_400rpm,research
2243,-0.012618207000000003,0.042241258,70-H-0_healthy_belt_400rpm,research
2244,0.00019479299999999866,0.011460258000000001,70-H-0_healthy_belt_400rpm,research
2245,0.013944792999999997,-0.011821742,70-H-0_healthy_belt_400rpm,research
2246,-0.004492207000000003,0.035522258,70-H-0_healthy_belt_400rpm,research
2247,0.043631792999999995,-0.025258742,70-H-0_healthy_belt_400rpm,research
2248,-0.027305207000000005,0.002553258,70-H-0_healthy_belt_400rpm,research
2249,-0.043243207000000006,0.015522258,70-H-0_healthy_belt_400rpm,research
2250,0.010507792999999998,-0.0029147419999999997,70-H-0_healthy_belt_400rpm,research
2251,0.047694793,-0.051196741999999996,70-H-0_healthy_belt_400rpm,research
2252,0.021131792999999996,0.0002102580000000005,70-H-0_healthy_belt_400rpm,research
2253,-0.031055207,0.057084258,70-H-0_healthy_belt_400rpm,research
2254,-0.010430207000000004,-0.031664741999999996,70-H-0_healthy_belt_400rpm,research
2255,0.022382792999999998,-0.018852742,70-H-0_healthy_belt_400rpm,research
2256,-0.036055207000000006,-0.005414742,70-H-0_healthy_belt_400rpm,research
2257,-0.020117207,0.014116258,70-H-0_healthy_belt_400rpm,research
2258,-0.0019932070000000038,0.013178258000000002,70-H-0_healthy_belt_400rpm,research
2259,-0.0013672070000000022,0.017085258,70-H-0_healthy_belt_400rpm,research
2260,0.002069792999999997,0.010678258,70-H-0_healthy_belt_400rpm,research
2261,0.007069792999999998,0.020210258000000002,70-H-0_healthy_belt_400rpm,research
2262,0.018319792999999994,-0.015414742,70-H-0_healthy_belt_400rpm,research
2263,0.015507792999999999,0.009428258,70-H-0_healthy_belt_400rpm,research
2264,-0.084492207,-0.014008742,70-H-0_healthy_belt_400rpm,research
2265,-0.015430207000000003,-0.012758742,70-H-0_healthy_belt_400rpm,research
2266,-0.013555207000000003,0.018334258,70-H-0_healthy_belt_400rpm,research
2267,-0.04574320700000001,-0.019946742,70-H-0_healthy_belt_400rpm,research
2268,0.065819793,-0.06822774200000001,70-H-0_healthy_belt_400rpm,research
2269,-0.036680207000000006,0.021616258,70-H-0_healthy_belt_400rpm,research
2270,-0.029805207000000004,0.025053258000000002,70-H-0_healthy_belt_400rpm,research
2271,0.024882793,-0.037133742,70-H-0_healthy_belt_400rpm,research
2272,0.032382793,0.015366258,70-H-0_healthy_belt_400rpm,research
2273,-0.053242207,0.07411625799999999,70-H-0_healthy_belt_400rpm,research
2274,0.029569792999999997,-0.047602741999999997,70-H-0_healthy_belt_400rpm,research
2275,0.05644479299999999,-0.008227742,70-H-0_healthy_belt_400rpm,research
2276,-0.013242207000000002,0.012866257999999998,70-H-0_healthy_belt_400rpm,research
2277,-0.043243207000000006,0.012085258000000001,70-H-0_healthy_belt_400rpm,research
2278,-0.012618207000000003,0.028022258,70-H-0_healthy_belt_400rpm,research
2279,-0.009805207000000003,0.008178258,70-H-0_healthy_belt_400rpm,research
2280,0.024569793,-0.048383742,70-H-0_healthy_belt_400rpm,research
2281,0.038944793,-0.005883742,70-H-0_healthy_belt_400rpm,research
2282,-0.061368207,0.030991258,70-H-0_healthy_belt_400rpm,research
2283,-0.020743207000000003,-0.034321742,70-H-0_healthy_belt_400rpm,research
2284,0.020194792999999996,-0.003383742,70-H-0_healthy_belt_400rpm,research
2285,-0.031992207,0.022553258,70-H-0_healthy_belt_400rpm,research
2286,-0.018242207000000003,0.002866258,70-H-0_healthy_belt_400rpm,research
2287,0.004569792999999996,-0.006665742,70-H-0_healthy_belt_400rpm,research
2288,-0.005743207000000004,0.06817825799999999,70-H-0_healthy_belt_400rpm,research
2289,-0.011992207000000003,0.022241258,70-H-0_healthy_belt_400rpm,research
2290,-0.016992207000000002,-0.011977742,70-H-0_healthy_belt_400rpm,research
2291,0.050819793,-0.062758742,70-H-0_healthy_belt_400rpm,research
2292,-0.011680207000000003,0.060991258,70-H-0_healthy_belt_400rpm,research
2293,0.0014447929999999963,-0.0002587420000000002,70-H-0_healthy_belt_400rpm,research
2294,0.011444792999999998,-0.022446742,70-H-0_healthy_belt_400rpm,research
2295,-0.016055207000000002,0.018178258,70-H-0_healthy_belt_400rpm,research
2296,-0.0004302070000000019,0.007397258,70-H-0_healthy_belt_400rpm,research
2297,-0.005117207000000004,0.004585258,70-H-0_healthy_belt_400rpm,research
2298,-0.007930207000000003,-0.006196742,70-H-0_healthy_belt_400rpm,research
2299,-0.033555207000000004,-0.011821742,70-H-0_healthy_belt_400rpm,research
2300,0.016444793,-0.028540742,70-H-0_healthy_belt_400rpm,research
2301,0.0026947929999999974,0.0033342580000000005,70-H-0_healthy_belt_400rpm,research
2302,-0.010117207000000003,0.084897258,70-H-0_healthy_belt_400rpm,research
2303,0.083631793,-0.048383742,70-H-0_healthy_belt_400rpm,research
2304,0.007382792999999999,-0.029790742,70-H-0_healthy_belt_400rpm,research
2305,-0.019180207000000005,0.042710258,70-H-0_healthy_belt_400rpm,research
2306,0.012381792999999999,-0.049008742,70-H-0_healthy_belt_400rpm,research
2307,-0.020743207000000003,-0.012602742,70-H-0_healthy_belt_400rpm,research
2308,0.021444792999999997,-0.016508742,70-H-0_healthy_belt_400rpm,research
2309,0.017382792999999994,0.019585258,70-H-0_healthy_belt_400rpm,research
2310,-0.044492207000000006,0.002710258,70-H-0_healthy_belt_400rpm,research
2311,0.023944793,0.022084258,70-H-0_healthy_belt_400rpm,research
2312,0.033007792999999994,0.019272258,70-H-0_healthy_belt_400rpm,research
2313,-0.024805207000000003,-0.030102742,70-H-0_healthy_belt_400rpm,research
2314,-0.022930207,0.011616258,70-H-0_healthy_belt_400rpm,research
2315,-0.021055207000000003,-0.024790742,70-H-0_healthy_belt_400rpm,research
2316,0.014257792999999998,-0.042133742,70-H-0_healthy_belt_400rpm,research
2317,0.005194792999999996,0.008803258,70-H-0_healthy_belt_400rpm,research
2318,-0.010430207000000004,0.033334258,70-H-0_healthy_belt_400rpm,research
2319,0.062694793,-0.016196742,70-H-0_healthy_belt_400rpm,research
2320,0.028319792999999996,-0.008540742,70-H-0_healthy_belt_400rpm,research
2321,-0.013867207000000003,0.016928258,70-H-0_healthy_belt_400rpm,research
2322,-0.015117207000000004,0.0006782580000000002,70-H-0_healthy_belt_400rpm,research
2323,0.019256792999999994,-0.031352742,70-H-0_healthy_belt_400rpm,research
2324,0.010819792999999998,-0.009321742000000001,70-H-0_healthy_belt_400rpm,research
2325,0.019881792999999995,0.040209258,70-H-0_healthy_belt_400rpm,research
2326,0.016757793,-0.026821742,70-H-0_healthy_belt_400rpm,research
2327,-0.010117207000000003,0.0006782580000000002,70-H-0_healthy_belt_400rpm,research
2328,0.023007793,-0.016196742,70-H-0_healthy_belt_400rpm,research
2329,0.029256792999999996,-0.061508742,70-H-0_healthy_belt_400rpm,research
2330,0.006444792999999997,-0.030415742,70-H-0_healthy_belt_400rpm,research
2331,-0.022618207,-0.001821742,70-H-0_healthy_belt_400rpm,research
2332,-0.011680207000000003,0.017397258,70-H-0_healthy_belt_400rpm,research
2333,0.002069792999999997,0.027710258,70-H-0_healthy_belt_400rpm,research
2334,-0.005743207000000004,-0.014633742,70-H-0_healthy_belt_400rpm,research
2335,-0.0029302070000000024,-0.051039742,70-H-0_healthy_belt_400rpm,research
2336,0.085507793,-0.041977742,70-H-0_healthy_belt_400rpm,research
2337,-0.016055207000000002,0.043335258,70-H-0_healthy_belt_400rpm,research
2338,-0.027305207000000005,0.084585258,70-H-0_healthy_belt_400rpm,research
2339,0.044256792999999996,-0.013852742,70-H-0_healthy_belt_400rpm,research
2340,0.014882792999999998,0.0070842579999999995,70-H-0_healthy_belt_400rpm,research
2341,0.015507792999999999,0.046303258,70-H-0_healthy_belt_400rpm,research
2342,-0.029805207000000004,-0.024790742,70-H-0_healthy_belt_400rpm,research
2343,-0.051055207000000005,0.033491258,70-H-0_healthy_belt_400rpm,research
2344,-0.024180207000000002,0.0034912580000000006,70-H-0_healthy_belt_400rpm,research
2345,0.043319792999999995,-0.010571741999999999,70-H-0_healthy_belt_400rpm,research
2346,0.017382792999999994,0.044428258,70-H-0_healthy_belt_400rpm,research
2347,-0.005743207000000004,-0.004477742,70-H-0_healthy_belt_400rpm,research
2348,0.018631792999999994,-0.037446742,70-H-0_healthy_belt_400rpm,research
2349,0.004881792999999995,0.013647257999999999,70-H-0_healthy_belt_400rpm,research
2350,-0.016992207000000002,-0.013852742,70-H-0_healthy_belt_400rpm,research
2351,0.0023827929999999976,-0.012915742,70-H-0_healthy_belt_400rpm,research
2352,0.04800679299999999,-0.012289742,70-H-0_healthy_belt_400rpm,research
2353,0.001756792999999996,0.007553258,70-H-0_healthy_belt_400rpm,research
2354,-0.024805207000000003,0.003022258,70-H-0_healthy_belt_400rpm,research
2355,0.017382792999999994,-0.038383742,70-H-0_healthy_belt_400rpm,research
2356,0.058632793,-0.041039742,70-H-0_healthy_belt_400rpm,research
2357,-0.036367207,-0.009008742,70-H-0_healthy_belt_400rpm,research
2358,-0.012930207000000003,0.054585258,70-H-0_healthy_belt_400rpm,research
2359,-0.006680207000000002,-0.016196742,70-H-0_healthy_belt_400rpm,research
2360,-0.007930207000000003,0.0020852580000000004,70-H-0_healthy_belt_400rpm,research
2361,0.018007792999999994,0.037085258,70-H-0_healthy_belt_400rpm,research
2362,-0.005117207000000004,-0.064321742,70-H-0_healthy_belt_400rpm,research
2363,0.067381793,0.0053662580000000005,70-H-0_healthy_belt_400rpm,research
2364,0.021756792999999996,0.0070842579999999995,70-H-0_healthy_belt_400rpm,research
2365,-0.049180207000000004,0.0005222580000000003,70-H-0_healthy_belt_400rpm,research
2366,0.004256792999999998,-0.006508742,70-H-0_healthy_belt_400rpm,research
2367,0.033632792999999994,-0.033227742000000005,70-H-0_healthy_belt_400rpm,research
2368,0.037381792999999996,0.017709258,70-H-0_healthy_belt_400rpm,research
2369,-0.103868207,-0.033383742,70-H-0_healthy_belt_400rpm,research
2370,-0.019805207000000002,-0.022133742,70-H-0_healthy_belt_400rpm,research
2371,0.026757792999999995,0.084428258,70-H-0_healthy_belt_400rpm,research
2372,-0.032617207,-0.042133742,70-H-0_healthy_belt_400rpm,research
2373,0.039257793,0.015210258,70-H-0_healthy_belt_400rpm,research
2374,-0.005743207000000004,0.052710258,70-H-0_healthy_belt_400rpm,research
2375,0.014257792999999998,-0.007602742,70-H-0_healthy_belt_400rpm,research
2376,0.015194792999999998,-0.023696742,70-H-0_healthy_belt_400rpm,research
2377,-0.008555207000000002,0.004897258,70-H-0_healthy_belt_400rpm,research
2378,-0.022305207000000004,0.032709258,70-H-0_healthy_belt_400rpm,research
2379,0.021444792999999997,-0.051039742,70-H-0_healthy_belt_400rpm,research
2380,0.012069792999999995,-0.006977742,70-H-0_healthy_belt_400rpm,research
2381,-0.006992207000000004,-0.007289742,70-H-0_healthy_belt_400rpm,research
2382,-0.0019932070000000038,0.011928258,70-H-0_healthy_belt_400rpm,research
2383,-0.051993207,-0.0011967419999999998,70-H-0_healthy_belt_400rpm,research
2384,-0.048242207,-0.010883742,70-H-0_healthy_belt_400rpm,research
2385,-0.005117207000000004,-0.010415741999999999,70-H-0_healthy_belt_400rpm,research
2386,0.010819792999999998,0.009428258,70-H-0_healthy_belt_400rpm,research
2387,-0.003555207000000003,0.012866257999999998,70-H-0_healthy_belt_400rpm,research
2388,0.010507792999999998,-0.011977742,70-H-0_healthy_belt_400rpm,research
2389,0.05394479299999999,-0.015102742,70-H-0_healthy_belt_400rpm,research
2390,0.007382792999999999,0.047709258,70-H-0_healthy_belt_400rpm,research
2391,0.017069793,-0.009321742000000001,70-H-0_healthy_belt_400rpm,research
2392,0.003319792999999998,-0.002289742,70-H-0_healthy_belt_400rpm,research
2393,0.00019479299999999866,0.040678258,70-H-0_healthy_belt_400rpm,research
2394,-0.012930207000000003,0.008803258,70-H-0_healthy_belt_400rpm,research
2395,-0.005117207000000004,0.024116258,70-H-0_healthy_belt_400rpm,research
2396,-0.026992207000000004,-0.004165742,70-H-0_healthy_belt_400rpm,research
2397,0.004256792999999998,0.017397258,70-H-0_healthy_belt_400rpm,research
2398,0.018944792999999994,0.0020852580000000004,70-H-0_healthy_belt_400rpm,research
2399,-0.060430207,0.015522258,70-H-0_healthy_belt_400rpm,research
2400,0.016757793,-0.008540742,70-H-0_healthy_belt_400rpm,research
2401,0.035194792999999995,-0.052446742,70-H-0_healthy_belt_400rpm,research
2402,0.044569792999999996,-0.020258742,70-H-0_healthy_belt_400rpm,research
2403,-0.019180207000000005,0.014272258,70-H-0_healthy_belt_400rpm,research
2404,0.031132793,-0.098383742,70-H-0_healthy_belt_400rpm,research
2405,-0.0004302070000000019,0.018959258,70-H-0_healthy_belt_400rpm,research
2406,-0.080743207,0.047553258,70-H-0_healthy_belt_400rpm,research
2407,0.022694792999999998,-0.020883742,70-H-0_healthy_belt_400rpm,research
2408,0.043944792999999996,-0.044165742,70-H-0_healthy_belt_400rpm,research
2409,-0.004492207000000003,0.016460258,70-H-0_healthy_belt_400rpm,research
2410,-0.018242207000000003,-0.035883742,70-H-0_healthy_belt_400rpm,research
2411,-0.023243207000000002,0.0013032579999999998,70-H-0_healthy_belt_400rpm,research
2412,0.038007793,-0.002446742,70-H-0_healthy_belt_400rpm,research
2413,-0.006680207000000002,-0.017758742,70-H-0_healthy_belt_400rpm,research
2414,-0.020117207,0.019741258,70-H-0_healthy_belt_400rpm,research
2415,-0.011992207000000003,0.035366258,70-H-0_healthy_belt_400rpm,research
2416,0.010194792999999997,-0.022602742,70-H-0_healthy_belt_400rpm,research
2417,-0.0019932070000000038,0.011928258,70-H-0_healthy_belt_400rpm,research
2418,-0.00011720700000000459,0.016616258000000002,70-H-0_healthy_belt_400rpm,research
2419,-0.023555207,-0.004477742,70-H-0_healthy_belt_400rpm,research
2420,0.00019479299999999866,0.030366258,70-H-0_healthy_belt_400rpm,research
2421,0.038632793,-0.027602742,70-H-0_healthy_belt_400rpm,research
2422,0.017069793,-0.0002587420000000002,70-H-0_healthy_belt_400rpm,research
2423,0.024257793,-0.09088374199999999,70-H-0_healthy_belt_400rpm,research
2424,0.052694793000000004,0.0033342580000000005,70-H-0_healthy_belt_400rpm,research
2425,-0.017618207000000004,0.006616258,70-H-0_healthy_belt_400rpm,research
2426,0.010194792999999997,0.022241258,70-H-0_healthy_belt_400rpm,research
2427,-0.026368207000000005,-0.027758742,70-H-0_healthy_belt_400rpm,research
2428,-0.039805207,0.006147258000000001,70-H-0_healthy_belt_400rpm,research
2429,0.05394479299999999,-0.026040742,70-H-0_healthy_belt_400rpm,research
2430,0.013944792999999997,0.016616258000000002,70-H-0_healthy_belt_400rpm,research
2431,0.025194793,0.010522258,70-H-0_healthy_belt_400rpm,research
2432,-0.027930207000000006,0.037710258,70-H-0_healthy_belt_400rpm,research
2433,-0.021055207000000003,-0.0002587420000000002,70-H-0_healthy_belt_400rpm,research
2434,0.06238179299999999,-0.022602742,70-H-0_healthy_belt_400rpm,research
2435,-0.012305207000000002,-0.010102742,70-H-0_healthy_belt_400rpm,research
2436,-0.064493207,-0.046977742,70-H-0_healthy_belt_400rpm,research
2437,0.029569792999999997,0.044428258,70-H-0_healthy_belt_400rpm,research
2438,-0.049493207000000004,-0.0051027419999999995,70-H-0_healthy_belt_400rpm,research
2439,-0.088555207,0.060834257999999995,70-H-0_healthy_belt_400rpm,research
2440,0.038632793,-0.028383742,70-H-0_healthy_belt_400rpm,research
2441,-0.017305207000000003,0.005053258,70-H-0_healthy_belt_400rpm,research
2442,0.021131792999999996,0.052866258,70-H-0_healthy_belt_400rpm,research
2443,-0.0007422070000000017,-0.014946741999999999,70-H-0_healthy_belt_400rpm,research
2444,-0.086992207,0.057241258,70-H-0_healthy_belt_400rpm,research
2445,0.035506792999999995,-0.0021337419999999997,70-H-0_healthy_belt_400rpm,research
2446,0.041444792999999994,-0.004165742,70-H-0_healthy_belt_400rpm,research
2447,0.006444792999999997,0.043803258,70-H-0_healthy_belt_400rpm,research
2448,0.020506792999999995,0.033803258,70-H-0_healthy_belt_400rpm,research
2449,0.022694792999999998,-0.017914741999999997,70-H-0_healthy_belt_400rpm,research
2450,-0.032930207,-0.019946742,70-H-0_healthy_belt_400rpm,research
2451,-0.010117207000000003,0.022553258,70-H-0_healthy_belt_400rpm,research
2452,0.0026947929999999974,-0.008383742,70-H-0_healthy_belt_400rpm,research
2453,-0.007618207000000004,0.007553258,70-H-0_healthy_belt_400rpm,research
2454,0.033319793,0.012710257999999999,70-H-0_healthy_belt_400rpm,research
2455,-0.013242207000000002,0.007710257999999999,70-H-0_healthy_belt_400rpm,research
2456,-0.04511820700000001,0.0013032579999999998,70-H-0_healthy_belt_400rpm,research
2457,0.057069792999999994,0.012553258000000001,70-H-0_healthy_belt_400rpm,research
2458,-0.010743207000000003,0.009585258000000001,70-H-0_healthy_belt_400rpm,research
2459,-0.048242207,0.038335258,70-H-0_healthy_belt_400rpm,research
2460,-0.025117207000000003,0.036303258,70-H-0_healthy_belt_400rpm,research
2461,-0.023867207,-0.014633742,70-H-0_healthy_belt_400rpm,research
2462,0.028006792999999995,-0.019946742,70-H-0_healthy_belt_400rpm,research
2463,-0.027930207000000006,0.048647258,70-H-0_healthy_belt_400rpm,research
2464,-0.034180207000000004,0.022241258,70-H-0_healthy_belt_400rpm,research
2465,-0.018242207000000003,0.004741258,70-H-0_healthy_belt_400rpm,research
2466,0.034881792999999994,0.010053258,70-H-0_healthy_belt_400rpm,research
2467,-0.010743207000000003,0.018022258,70-H-0_healthy_belt_400rpm,research
2468,0.040507793,-0.022446742,70-H-0_healthy_belt_400rpm,research
2469,0.026444792999999994,-0.007915742,70-H-0_healthy_belt_400rpm,research
2470,0.021756792999999996,-0.025102742,70-H-0_healthy_belt_400rpm,research
2471,-0.013867207000000003,-0.004633742,70-H-0_healthy_belt_400rpm,research
2472,-0.031680207,-0.005727742,70-H-0_healthy_belt_400rpm,research
2473,-0.027930207000000006,0.008491258,70-H-0_healthy_belt_400rpm,research
2474,0.045194793,-0.012289742,70-H-0_healthy_belt_400rpm,research
2475,-0.066055207,0.048022258,70-H-0_healthy_belt_400rpm,research
2476,-0.031368207,0.027866257999999998,70-H-0_healthy_belt_400rpm,research
2477,0.005194792999999996,-0.051508742,70-H-0_healthy_belt_400rpm,research
2478,0.048319793,-0.009165742000000001,70-H-0_healthy_belt_400rpm,research
2479,-0.011055207000000003,0.006616258,70-H-0_healthy_belt_400rpm,research
2480,0.0026947929999999974,0.033178258,70-H-0_healthy_belt_400rpm,research
2481,-0.024493207000000003,0.0039602579999999995,70-H-0_healthy_belt_400rpm,research
2482,0.045194793,0.012866257999999998,70-H-0_healthy_belt_400rpm,research
2483,0.013006792999999996,0.021303258,70-H-0_healthy_belt_400rpm,research
2484,-0.005743207000000004,-0.010727742,70-H-0_healthy_belt_400rpm,research
2485,-0.09199320700000001,-0.036040742,70-H-0_healthy_belt_400rpm,research
2486,0.024257793,-0.006821742,70-H-0_healthy_belt_400rpm,research
2487,-0.052930207,0.018022258,70-H-0_healthy_belt_400rpm,research
2488,-0.011992207000000003,-0.011977742,70-H-0_healthy_belt_400rpm,research
2489,-0.001680207000000003,0.0070842579999999995,70-H-0_healthy_belt_400rpm,research
2490,0.019569792999999995,-0.004789742,70-H-0_healthy_belt_400rpm,research
2491,0.032069793,-0.020727742,70-H-0_healthy_belt_400rpm,research
2492,-0.018867207000000004,0.030053258,70-H-0_healthy_belt_400rpm,research
2493,0.012381792999999999,-0.006196742,70-H-0_healthy_belt_400rpm,research
2494,0.008007792999999996,-0.045415742,70-H-0_healthy_belt_400rpm,research
2495,-0.010430207000000004,0.020053258,70-H-0_healthy_belt_400rpm,research
2496,-0.022618207,-0.020571742,70-H-0_healthy_belt_400rpm,research
2497,0.039882793,-0.0019777419999999998,70-H-0_healthy_belt_400rpm,research
2498,0.04863179299999999,-0.009477742,70-H-0_healthy_belt_400rpm,research
2499,-0.031992207,0.012866257999999998,70-H-0_healthy_belt_400rpm,research
2500,0.003007792999999998,-0.027602742,70-H-0_healthy_belt_400rpm,research
2501,0.020506792999999995,-0.023852742,70-H-0_healthy_belt_400rpm,research
2502,0.014882792999999998,-0.001821742,70-H-0_healthy_belt_400rpm,research
2503,0.000507792999999996,0.005678258,70-H-0_healthy_belt_400rpm,research
2504,-0.068555207,-0.033071742,70-H-0_healthy_belt_400rpm,research
2505,-0.032617207,0.0034912580000000006,70-H-0_healthy_belt_400rpm,research
2506,0.038007793,-0.035571742,70-H-0_healthy_belt_400rpm,research
2507,-0.033868207000000004,-0.041821742,70-H-0_healthy_belt_400rpm,research
2508,-0.033243207000000004,-0.052446742,70-H-0_healthy_belt_400rpm,research
2509,-0.006055207000000003,0.038803258,70-H-0_healthy_belt_400rpm,research
2510,0.0014447929999999963,-0.016352742,70-H-0_healthy_belt_400rpm,research
2511,0.034569792999999994,-0.047758742,70-H-0_healthy_belt_400rpm,research
2512,-0.032305207,0.018959258,70-H-0_healthy_belt_400rpm,research
2513,-0.004492207000000003,-0.035883742,70-H-0_healthy_belt_400rpm,research
2514,0.024882793,0.022241258,70-H-0_healthy_belt_400rpm,research
2515,-0.025743207000000004,0.036460258,70-H-0_healthy_belt_400rpm,research
2516,-0.014180207000000004,-0.037758742,70-H-0_healthy_belt_400rpm,research
2517,0.026444792999999994,0.002710258,70-H-0_healthy_belt_400rpm,research
2518,-0.010430207000000004,-0.002289742,70-H-0_healthy_belt_400rpm,research
2519,0.026132792999999994,-0.037290742,70-H-0_healthy_belt_400rpm,research
2520,-0.005430207000000003,-0.013227742,70-H-0_healthy_belt_400rpm,research
2521,0.005194792999999996,-0.041664742,70-H-0_healthy_belt_400rpm,research
2522,-0.009805207000000003,-0.006665742,70-H-0_healthy_belt_400rpm,research
2523,-0.009493207000000004,-0.035727742,70-H-0_healthy_belt_400rpm,research
2524,-0.020430207000000002,-0.027758742,70-H-0_healthy_belt_400rpm,research
2525,0.0036327929999999953,-0.026040742,70-H-0_healthy_belt_400rpm,research
2526,-0.007618207000000004,0.026772258,70-H-0_healthy_belt_400rpm,research
2527,-0.016368207000000003,0.057866258,70-H-0_healthy_belt_400rpm,research
2528,-0.006055207000000003,0.007397258,70-H-0_healthy_belt_400rpm,research
2529,-0.0010552070000000024,0.0036472580000000004,70-H-0_healthy_belt_400rpm,research
2530,0.010194792999999997,0.009741258000000001,70-H-0_healthy_belt_400rpm,research
2531,-0.0029302070000000024,-0.028383742,70-H-0_healthy_belt_400rpm,research
2532,-0.017305207000000003,0.036772258,70-H-0_healthy_belt_400rpm,research
2533,-0.03855520700000001,-0.023852742,70-H-0_healthy_belt_400rpm,research
2534,0.015819793,-0.024321742,70-H-0_healthy_belt_400rpm,research
2535,0.036756792999999996,0.022241258,70-H-0_healthy_belt_400rpm,research
2536,-0.008242207000000003,0.009272258,70-H-0_healthy_belt_400rpm,research
2537,-0.004805207000000002,0.014741258,70-H-0_healthy_belt_400rpm,research
2538,-0.019805207000000002,-0.06682174199999999,70-H-0_healthy_belt_400rpm,research
2539,-0.018242207000000003,0.004428258000000001,70-H-0_healthy_belt_400rpm,research
2540,0.054882793,0.029741258,70-H-0_healthy_belt_400rpm,research
2541,-0.018555207000000004,-0.039633742,70-H-0_healthy_belt_400rpm,research
2542,0.07081979299999999,-0.09557174199999999,70-H-0_healthy_belt_400rpm,research
2543,0.010507792999999998,0.008647258,70-H-0_healthy_belt_400rpm,research
2544,-0.035430207000000005,0.014428258,70-H-0_healthy_belt_400rpm,research
2545,-0.013867207000000003,-0.0019777419999999998,70-H-0_healthy_belt_400rpm,research
2546,0.07613279299999999,-0.016196742,70-H-0_healthy_belt_400rpm,research
2547,0.005506792999999996,-0.002289742,70-H-0_healthy_belt_400rpm,research
2548,-0.022618207,0.033178258,70-H-0_healthy_belt_400rpm,research
2549,-0.019493207000000002,0.024897258,70-H-0_healthy_belt_400rpm,research
2550,-0.005117207000000004,-0.010727742,70-H-0_healthy_belt_400rpm,research
2551,-0.005743207000000004,-0.004789742,70-H-0_healthy_belt_400rpm,research
2552,0.008944792999999996,-0.053852742,70-H-0_healthy_belt_400rpm,research
2553,-0.009180207000000003,-0.015571742,70-H-0_healthy_belt_400rpm,research
2554,-0.025743207000000004,0.020522258,70-H-0_healthy_belt_400rpm,research
2555,0.028631792999999996,0.0016162579999999998,70-H-0_healthy_belt_400rpm,research
2556,-0.014805207000000003,0.004585258,70-H-0_healthy_belt_400rpm,research
2557,0.056757793,0.009897258,70-H-0_healthy_belt_400rpm,research
2558,0.036756792999999996,0.008959258,70-H-0_healthy_belt_400rpm,research
2559,0.00019479299999999866,-0.015571742,70-H-0_healthy_belt_400rpm,research
2560,-0.016992207000000002,-0.006352742,70-H-0_healthy_belt_400rpm,research
2561,-0.015430207000000003,0.008491258,70-H-0_healthy_belt_400rpm,research
2562,0.025507792999999994,0.004897258,70-H-0_healthy_belt_400rpm,research
2563,0.053632793,-0.032290742,70-H-0_healthy_belt_400rpm,research
2564,-0.010117207000000003,0.015522258,70-H-0_healthy_belt_400rpm,research
2565,0.018631792999999994,0.023803258,70-H-0_healthy_belt_400rpm,research
2566,-0.012618207000000003,-0.020258742,70-H-0_healthy_belt_400rpm,research
2567,0.000507792999999996,-0.08463374200000001,70-H-0_healthy_belt_400rpm,research
2568,0.0036327929999999953,-0.007446741999999999,70-H-0_healthy_belt_400rpm,research
2569,-0.04574320700000001,0.039897258,70-H-0_healthy_belt_400rpm,research
2570,0.004569792999999996,-0.025415741999999998,70-H-0_healthy_belt_400rpm,research
2571,0.037694793,0.051928258,70-H-0_healthy_belt_400rpm,research
2572,-0.011367207000000004,-0.007289742,70-H-0_healthy_belt_400rpm,research
2573,-0.016680207000000002,-0.034165742,70-H-0_healthy_belt_400rpm,research
2574,-0.013555207000000003,-0.040883742,70-H-0_healthy_belt_400rpm,research
2575,0.057694792999999994,5.325800000000047e-05,70-H-0_healthy_belt_400rpm,research
2576,0.015507792999999999,0.051616258,70-H-0_healthy_belt_400rpm,research
2577,-0.068243207,0.06192825800000001,70-H-0_healthy_belt_400rpm,research
2578,0.0036327929999999953,-0.020571742,70-H-0_healthy_belt_400rpm,research
2579,0.057069792999999994,-0.092915742,70-H-0_healthy_belt_400rpm,research
2580,0.033944792999999994,0.028178257999999998,70-H-0_healthy_belt_400rpm,research
2581,-0.035430207000000005,-0.011821742,70-H-0_healthy_belt_400rpm,research
2582,-0.023867207,0.022241258,70-H-0_healthy_belt_400rpm,research
2583,0.011132792999999998,-0.015414742,70-H-0_healthy_belt_400rpm,research
2584,0.020506792999999995,-0.026821742,70-H-0_healthy_belt_400rpm,research
2585,-0.023867207,0.033959258,70-H-0_healthy_belt_400rpm,research
2586,0.041444792999999994,0.013647257999999999,70-H-0_healthy_belt_400rpm,research
2587,0.024257793,-0.044008741999999997,70-H-0_healthy_belt_400rpm,research
2588,-0.0007422070000000017,-0.002446742,70-H-0_healthy_belt_400rpm,research
2589,-0.012618207000000003,0.016616258000000002,70-H-0_healthy_belt_400rpm,research
2590,-0.008242207000000003,-0.001508742,70-H-0_healthy_belt_400rpm,research
2591,0.032694793,-0.037290742,70-H-0_healthy_belt_400rpm,research
2592,0.015194792999999998,0.006303258000000001,70-H-0_healthy_belt_400rpm,research
2593,-0.053242207,0.037397258,70-H-0_healthy_belt_400rpm,research
2594,-0.031680207,-0.020258742,70-H-0_healthy_belt_400rpm,research
2595,0.031132793,-0.018071742000000002,70-H-0_healthy_belt_400rpm,research
2596,0.003319792999999998,-0.016665741999999997,70-H-0_healthy_belt_400rpm,research
2597,-0.009805207000000003,-0.019165742,70-H-0_healthy_belt_400rpm,research
2598,-0.047305207,0.010366258,70-H-0_healthy_belt_400rpm,research
2599,0.016757793,-0.016977742,70-H-0_healthy_belt_400rpm,research
2600,0.016132793,0.028960258000000003,70-H-0_healthy_belt_400rpm,research
2601,-0.011055207000000003,0.016460258,70-H-0_healthy_belt_400rpm,research
2602,0.017382792999999994,-0.010415741999999999,70-H-0_healthy_belt_400rpm,research
2603,0.006444792999999997,-0.0032277419999999996,70-H-0_healthy_belt_400rpm,research
2604,0.012694792999999996,-0.0029147419999999997,70-H-0_healthy_belt_400rpm,research
2605,-0.017305207000000003,0.039897258,70-H-0_healthy_belt_400rpm,research
2606,-0.005743207000000004,-0.043539742,70-H-0_healthy_belt_400rpm,research
2607,0.015194792999999998,-0.07103974199999999,70-H-0_healthy_belt_400rpm,research
2608,0.06956979299999999,-0.024321742,70-H-0_healthy_belt_400rpm,research
2609,-0.007305207000000003,0.0016162579999999998,70-H-0_healthy_belt_400rpm,research
2610,-0.133242207,0.0031782579999999998,70-H-0_healthy_belt_400rpm,research
2611,-0.050430207000000005,-0.030727742,70-H-0_healthy_belt_400rpm,research
2612,0.067069793,-0.022758742,70-H-0_healthy_belt_400rpm,research
2613,0.005819792999999997,-0.018071742000000002,70-H-0_healthy_belt_400rpm,research
2614,-0.029493207,-0.028852742,70-H-0_healthy_belt_400rpm,research
2615,0.0011327929999999965,0.033491258,70-H-0_healthy_belt_400rpm,research
2616,0.050506792999999994,0.011616258,70-H-0_healthy_belt_400rpm,research
2617,0.016132793,-0.004321742,70-H-0_healthy_belt_400rpm,research
2618,-0.003242207000000002,0.012397258000000001,70-H-0_healthy_belt_400rpm,research
2619,-0.016368207000000003,0.003022258,70-H-0_healthy_belt_400rpm,research
2620,0.035819792999999996,-0.013383742,70-H-0_healthy_belt_400rpm,research
2621,-0.020430207000000002,-0.016821742,70-H-0_healthy_belt_400rpm,research
2622,-0.013867207000000003,0.043960258,70-H-0_healthy_belt_400rpm,research
2623,0.024569793,-0.082290742,70-H-0_healthy_belt_400rpm,research
2624,0.018319792999999994,-0.026508742,70-H-0_healthy_belt_400rpm,research
2625,0.066131793,-0.002602742,70-H-0_healthy_belt_400rpm,research
2626,0.024257793,-0.011352741999999999,70-H-0_healthy_belt_400rpm,research
2627,-0.012618207000000003,0.026928258000000004,70-H-0_healthy_belt_400rpm,research
2628,0.029569792999999997,-0.021040742,70-H-0_healthy_belt_400rpm,research
2629,-0.001680207000000003,0.028178257999999998,70-H-0_healthy_belt_400rpm,research
2630,-0.016680207000000002,0.0031782579999999998,70-H-0_healthy_belt_400rpm,research
2631,0.020194792999999996,0.018022258,70-H-0_healthy_belt_400rpm,research
2632,-0.023243207000000002,0.021616258,70-H-0_healthy_belt_400rpm,research
2633,-0.06511820700000001,0.042397258,70-H-0_healthy_belt_400rpm,research
2634,0.013006792999999996,-0.036196742,70-H-0_healthy_belt_400rpm,research
2635,-0.034180207000000004,0.034897258,70-H-0_healthy_belt_400rpm,research
2636,0.051131792999999995,0.006616258,70-H-0_healthy_belt_400rpm,research
2637,0.04675679299999999,0.025053258000000002,70-H-0_healthy_belt_400rpm,research
2638,0.002069792999999997,0.036772258,70-H-0_healthy_belt_400rpm,research
2639,-0.004492207000000003,0.000991258,70-H-0_healthy_belt_400rpm,research
2640,0.025194793,-0.009633742,70-H-0_healthy_belt_400rpm,research
2641,0.061444793,-0.08416574199999999,70-H-0_healthy_belt_400rpm,research
2642,0.009881792999999996,0.005991257999999999,70-H-0_healthy_belt_400rpm,research
2643,0.031444793,0.007866258000000001,70-H-0_healthy_belt_400rpm,research
2644,0.004569792999999996,-0.038540742,70-H-0_healthy_belt_400rpm,research
2645,0.006444792999999997,0.028803257999999998,70-H-0_healthy_belt_400rpm,research
2646,0.027381792999999995,0.004741258,70-H-0_healthy_belt_400rpm,research
2647,0.046444793,-0.007602742,70-H-0_healthy_belt_400rpm,research
2648,0.045194793,-0.004633742,70-H-0_healthy_belt_400rpm,research
2649,-0.041680207000000004,0.041147258,70-H-0_healthy_belt_400rpm,research
2650,-0.015743207000000002,-0.024165742,70-H-0_healthy_belt_400rpm,research
2651,0.0061317929999999965,-0.009321742000000001,70-H-0_healthy_belt_400rpm,research
2652,0.006444792999999997,-0.020571742,70-H-0_healthy_belt_400rpm,research
2653,-0.014493207000000003,0.009272258,70-H-0_healthy_belt_400rpm,research
2654,-0.013555207000000003,0.024428258,70-H-0_healthy_belt_400rpm,research
2655,-0.021992207000000003,0.007553258,70-H-0_healthy_belt_400rpm,research
2656,0.016757793,-0.036665742,70-H-0_healthy_belt_400rpm,research
2657,0.025819792999999994,0.015366258,70-H-0_healthy_belt_400rpm,research
2658,-0.012930207000000003,0.030522258000000003,70-H-0_healthy_belt_400rpm,research
2659,-0.007305207000000003,-0.015727742,70-H-0_healthy_belt_400rpm,research
2660,-0.032930207,-0.007133742,70-H-0_healthy_belt_400rpm,research
2661,-0.012305207000000002,0.021303258,70-H-0_healthy_belt_400rpm,research
2662,0.031444793,-0.154321742,70-H-0_healthy_belt_400rpm,research
2663,0.06425679299999999,-0.006352742,70-H-0_healthy_belt_400rpm,research
2664,0.030507793,0.0014602579999999999,70-H-0_healthy_belt_400rpm,research
2665,0.011757792999999996,-0.022602742,70-H-0_healthy_belt_400rpm,research
2666,-0.022618207,-0.0021337419999999997,70-H-0_healthy_belt_400rpm,research
2667,0.010194792999999997,-0.055571742,70-H-0_healthy_belt_400rpm,research
2668,0.032694793,0.012241258000000001,70-H-0_healthy_belt_400rpm,research
2669,-0.003555207000000003,-0.038227742,70-H-0_healthy_belt_400rpm,research
2670,0.029569792999999997,-0.0038527419999999997,70-H-0_healthy_belt_400rpm,research
2671,-0.060430207,0.031772258,70-H-0_healthy_belt_400rpm,research
2672,-0.0007422070000000017,0.057084258,70-H-0_healthy_belt_400rpm,research
2673,0.023007793,0.0070842579999999995,70-H-0_healthy_belt_400rpm,research
2674,0.017069793,-0.037446742,70-H-0_healthy_belt_400rpm,research
2675,0.011132792999999998,0.009741258000000001,70-H-0_healthy_belt_400rpm,research
2676,0.018007792999999994,0.015835258,70-H-0_healthy_belt_400rpm,research
2677,-0.024805207000000003,0.011147258,70-H-0_healthy_belt_400rpm,research
2678,-0.027930207000000006,-0.016352742,70-H-0_healthy_belt_400rpm,research
2679,0.015194792999999998,-0.08713374199999999,70-H-0_healthy_belt_400rpm,research
2680,0.026757792999999995,-0.028852742,70-H-0_healthy_belt_400rpm,research
2681,0.026444792999999994,-0.020883742,70-H-0_healthy_belt_400rpm,research
2682,0.013006792999999996,-0.062446742,70-H-0_healthy_belt_400rpm,research
2683,-0.047617207,0.058803258000000004,70-H-0_healthy_belt_400rpm,research
2684,-0.007305207000000003,-0.011040742,70-H-0_healthy_belt_400rpm,research
2685,-0.088868207,-0.014790741999999999,70-H-0_healthy_belt_400rpm,research
2686,-0.0004302070000000019,0.052085258,70-H-0_healthy_belt_400rpm,research
2687,0.024882793,0.058178258000000004,70-H-0_healthy_belt_400rpm,research
2688,-0.021992207000000003,0.031772258,70-H-0_healthy_belt_400rpm,research
2689,0.003007792999999998,-0.011977742,70-H-0_healthy_belt_400rpm,research
2690,0.016444793,0.005835257999999999,70-H-0_healthy_belt_400rpm,research
2691,0.008007792999999996,0.035991258,70-H-0_healthy_belt_400rpm,research
2692,0.030507793,-0.009165742000000001,70-H-0_healthy_belt_400rpm,research
2693,0.026757792999999995,-0.0005717419999999996,70-H-0_healthy_belt_400rpm,research
2694,0.003007792999999998,0.029897258000000003,70-H-0_healthy_belt_400rpm,research
2695,-0.0038672070000000027,-0.016665741999999997,70-H-0_healthy_belt_400rpm,research
2696,-0.004492207000000003,-0.018696742000000002,70-H-0_healthy_belt_400rpm,research
2697,0.094569793,0.010678258,70-H-0_healthy_belt_400rpm,research
2698,0.017694793,0.024585258,70-H-0_healthy_belt_400rpm,research
2699,0.009881792999999996,-0.067446742,70-H-0_healthy_belt_400rpm,research
2700,-0.023243207000000002,0.012085258000000001,70-H-0_healthy_belt_400rpm,research
2701,0.004256792999999998,-0.009477742,70-H-0_healthy_belt_400rpm,research
2702,0.013006792999999996,0.016616258000000002,70-H-0_healthy_belt_400rpm,research
2703,-0.0038672070000000027,0.042866258,70-H-0_healthy_belt_400rpm,research
2704,-0.056055207,0.014584258,70-H-0_healthy_belt_400rpm,research
2705,0.052694793000000004,-0.032602742000000004,70-H-0_healthy_belt_400rpm,research
2706,0.003319792999999998,0.017085258,70-H-0_healthy_belt_400rpm,research
2707,-0.005743207000000004,0.013803257999999999,70-H-0_healthy_belt_400rpm,research
2708,0.019569792999999995,0.032553258,70-H-0_healthy_belt_400rpm,research
2709,0.028319792999999996,-0.07057174199999999,70-H-0_healthy_belt_400rpm,research
2710,0.023007793,0.018022258,70-H-0_healthy_belt_400rpm,research
2711,-0.06261720700000001,0.039116258,70-H-0_healthy_belt_400rpm,research
2712,0.006757792999999998,0.013178258000000002,70-H-0_healthy_belt_400rpm,research
2713,0.016757793,0.0039602579999999995,70-H-0_healthy_belt_400rpm,research
2714,0.022694792999999998,-0.009789742,70-H-0_healthy_belt_400rpm,research
2715,-0.026992207000000004,0.039116258,70-H-0_healthy_belt_400rpm,research
2716,-0.018242207000000003,-0.014790741999999999,70-H-0_healthy_belt_400rpm,research
2717,-0.005743207000000004,-0.004633742,70-H-0_healthy_belt_400rpm,research
2718,0.009256792999999996,0.002710258,70-H-0_healthy_belt_400rpm,research
2719,-0.019180207000000005,0.040991258,70-H-0_healthy_belt_400rpm,research
2720,-0.013555207000000003,0.034741258,70-H-0_healthy_belt_400rpm,research
2721,0.004256792999999998,-0.026352742,70-H-0_healthy_belt_400rpm,research
2722,0.032382793,0.033647258,70-H-0_healthy_belt_400rpm,research
2723,-0.023555207,-0.00041474200000000006,70-H-0_healthy_belt_400rpm,research
2724,0.008944792999999996,-0.017914741999999997,70-H-0_healthy_belt_400rpm,research
2725,0.017069793,-0.006977742,70-H-0_healthy_belt_400rpm,research
2726,0.0061317929999999965,-0.018227741999999998,70-H-0_healthy_belt_400rpm,research
2727,-0.021992207000000003,0.008803258,70-H-0_healthy_belt_400rpm,research
2728,-0.037618207,0.016772258,70-H-0_healthy_belt_400rpm,research
2729,0.001756792999999996,-0.027914742,70-H-0_healthy_belt_400rpm,research
2730,0.001756792999999996,0.038022258,70-H-0_healthy_belt_400rpm,research
2731,-0.056367207,0.029897258000000003,70-H-0_healthy_belt_400rpm,research
2732,-0.041368207000000004,0.018022258,70-H-0_healthy_belt_400rpm,research
2733,-0.0019932070000000038,-0.004633742,70-H-0_healthy_belt_400rpm,research
2734,0.039257793,0.045366258,70-H-0_healthy_belt_400rpm,research
2735,0.012381792999999999,-0.017758742,70-H-0_healthy_belt_400rpm,research
2736,0.014882792999999998,0.021147258,70-H-0_healthy_belt_400rpm,research
2737,0.020819792999999996,0.016772258,70-H-0_healthy_belt_400rpm,research
2738,0.020506792999999995,0.008803258,70-H-0_healthy_belt_400rpm,research
2739,-0.028867207000000002,0.022553258,70-H-0_healthy_belt_400rpm,research
2740,0.039569793,0.025834258,70-H-0_healthy_belt_400rpm,research
2741,0.023007793,-0.039321742,70-H-0_healthy_belt_400rpm,research
2742,0.037694793,-0.0002587420000000002,70-H-0_healthy_belt_400rpm,research
2743,0.009569792999999997,0.020991258,70-H-0_healthy_belt_400rpm,research
2744,-0.047617207,-0.061196742,70-H-0_healthy_belt_400rpm,research
2745,0.015194792999999998,0.020210258000000002,70-H-0_healthy_belt_400rpm,research
2746,-0.014180207000000004,0.030991258,70-H-0_healthy_belt_400rpm,research
2747,-0.051368207000000006,0.013022258000000002,70-H-0_healthy_belt_400rpm,research
2748,-0.055430207,0.036147258,70-H-0_healthy_belt_400rpm,research
2749,0.052381792999999996,0.024897258,70-H-0_healthy_belt_400rpm,research
2750,0.043631792999999995,0.010991258,70-H-0_healthy_belt_400rpm,research
2751,-0.019493207000000002,0.015991258,70-H-0_healthy_belt_400rpm,research
2752,0.027694792999999995,-0.0019777419999999998,70-H-0_healthy_belt_400rpm,research
2753,0.029256792999999996,0.015053258,70-H-0_healthy_belt_400rpm,research
2754,-0.011367207000000004,0.021772258,70-H-0_healthy_belt_400rpm,research
2755,0.021131792999999996,-0.041821742,70-H-0_healthy_belt_400rpm,research
2756,-0.010117207000000003,0.047241258,70-H-0_healthy_belt_400rpm,research
2757,-0.023243207000000002,0.015366258,70-H-0_healthy_belt_400rpm,research
2758,-0.016055207000000002,-0.009633742,70-H-0_healthy_belt_400rpm,research
2759,-0.059493207000000006,0.020678258,70-H-0_healthy_belt_400rpm,research
2760,0.016757793,0.033803258,70-H-0_healthy_belt_400rpm,research
2761,-0.005743207000000004,-0.004165742,70-H-0_healthy_belt_400rpm,research
2762,0.0061317929999999965,0.013022258000000002,70-H-0_healthy_belt_400rpm,research
2763,-0.0019932070000000038,0.025991258,70-H-0_healthy_belt_400rpm,research
2764,0.003007792999999998,-0.036508742,70-H-0_healthy_belt_400rpm,research
2765,0.035506792999999995,-0.014633742,70-H-0_healthy_belt_400rpm,research
2766,-0.015430207000000003,0.0039602579999999995,70-H-0_healthy_belt_400rpm,research
2767,-0.045430207,0.022241258,70-H-0_healthy_belt_400rpm,research
2768,0.031757793,-0.022602742,70-H-0_healthy_belt_400rpm,research
2769,0.010507792999999998,0.015210258,70-H-0_healthy_belt_400rpm,research
2770,-0.030430207,-0.009789742,70-H-0_healthy_belt_400rpm,research
2771,-0.014493207000000003,0.023335258,70-H-0_healthy_belt_400rpm,research
2772,-0.03730520700000001,0.044272258,70-H-0_healthy_belt_400rpm,research
2773,-0.029493207,0.0005222580000000003,70-H-0_healthy_belt_400rpm,research
2774,0.051444793,5.325800000000047e-05,70-H-0_healthy_belt_400rpm,research
2775,0.000507792999999996,-0.032133742,70-H-0_healthy_belt_400rpm,research
2776,-0.018242207000000003,0.025678258,70-H-0_healthy_belt_400rpm,research
2777,0.005194792999999996,-0.005414742,70-H-0_healthy_belt_400rpm,research
2778,0.043944792999999996,-0.025102742,70-H-0_healthy_belt_400rpm,research
2779,0.003007792999999998,0.057553258,70-H-0_healthy_belt_400rpm,research
2780,-0.0004302070000000019,-0.08838374199999999,70-H-0_healthy_belt_400rpm,research
2781,0.043944792999999996,0.006772258,70-H-0_healthy_belt_400rpm,research
2782,0.012381792999999999,0.012085258000000001,70-H-0_healthy_belt_400rpm,research
2783,-0.051993207,0.002397258,70-H-0_healthy_belt_400rpm,research
2784,-0.036367207,0.002397258,70-H-0_healthy_belt_400rpm,research
2785,0.055507793,-0.012602742,70-H-0_healthy_belt_400rpm,research
2786,-0.0063682070000000025,-0.033696742,70-H-0_healthy_belt_400rpm,research
2787,-0.047617207,0.005522258,70-H-0_healthy_belt_400rpm,research
2788,-0.022305207000000004,-0.013383742,70-H-0_healthy_belt_400rpm,research
2789,-0.015743207000000002,0.054897258,70-H-0_healthy_belt_400rpm,research
2790,-0.006992207000000004,0.008178258,70-H-0_healthy_belt_400rpm,research
2791,0.037381792999999996,-0.027758742,70-H-0_healthy_belt_400rpm,research
2792,-0.023243207000000002,0.008959258,70-H-0_healthy_belt_400rpm,research
2793,0.011132792999999998,0.048803258,70-H-0_healthy_belt_400rpm,research
2794,0.06050779299999999,0.010991258,70-H-0_healthy_belt_400rpm,research
2795,-0.019493207000000002,-0.001508742,70-H-0_healthy_belt_400rpm,research
2796,0.028319792999999996,0.009116258,70-H-0_healthy_belt_400rpm,research
2797,0.021131792999999996,-0.035727742,70-H-0_healthy_belt_400rpm,research
2798,-0.049805207000000004,0.010053258,70-H-0_healthy_belt_400rpm,research
2799,-0.044492207000000006,-0.005414742,70-H-0_healthy_belt_400rpm,research
2800,0.014882792999999998,-0.0021337419999999997,70-H-0_healthy_belt_400rpm,research
2801,0.041444792999999994,-0.023696742,70-H-0_healthy_belt_400rpm,research
2802,-0.004492207000000003,0.022866258,70-H-0_healthy_belt_400rpm,research
2803,-0.054492207,0.0019282580000000004,70-H-0_healthy_belt_400rpm,research
2804,-0.058243207000000005,0.033334258,70-H-0_healthy_belt_400rpm,research
2805,0.007694792999999998,-0.036196742,70-H-0_healthy_belt_400rpm,research
2806,-0.017305207000000003,-0.007289742,70-H-0_healthy_belt_400rpm,research
2807,-0.017618207000000004,0.039116258,70-H-0_healthy_belt_400rpm,research
2808,-0.005117207000000004,0.047085258,70-H-0_healthy_belt_400rpm,research
2809,0.018319792999999994,-0.008071742,70-H-0_healthy_belt_400rpm,research
2810,0.035819792999999996,0.011303258,70-H-0_healthy_belt_400rpm,research
2811,-0.028242207000000005,0.028960258000000003,70-H-0_healthy_belt_400rpm,research
2812,-0.052305207000000006,0.020678258,70-H-0_healthy_belt_400rpm,research
2813,0.050819793,-0.035727742,70-H-0_healthy_belt_400rpm,research
2814,-0.0019932070000000038,-0.041352742,70-H-0_healthy_belt_400rpm,research
2815,-0.003555207000000003,0.025991258,70-H-0_healthy_belt_400rpm,research
2816,-0.043867207000000005,0.006772258,70-H-0_healthy_belt_400rpm,research
2817,-0.039180207,-0.030727742,70-H-0_healthy_belt_400rpm,research
2818,0.04738179299999999,-0.020727742,70-H-0_healthy_belt_400rpm,research
2819,-0.027618207000000002,0.008803258,70-H-0_healthy_belt_400rpm,research
2820,-0.038867207,0.024741258,70-H-0_healthy_belt_400rpm,research
2821,-0.057618207000000005,-0.031977742,70-H-0_healthy_belt_400rpm,research
2822,0.098631793,0.041459258,70-H-0_healthy_belt_400rpm,research
2823,-0.005743207000000004,0.024897258,70-H-0_healthy_belt_400rpm,research
2824,0.025819792999999994,-0.028071742,70-H-0_healthy_belt_400rpm,research
2825,0.008632792999999996,0.022084258,70-H-0_healthy_belt_400rpm,research
2826,-0.010743207000000003,-0.047133742,70-H-0_healthy_belt_400rpm,research
2827,-0.018555207000000004,0.023022258,70-H-0_healthy_belt_400rpm,research
2828,0.0014447929999999963,0.023960258,70-H-0_healthy_belt_400rpm,research
2829,-0.009180207000000003,-0.010883742,70-H-0_healthy_belt_400rpm,research
2830,0.058007793,-0.010727742,70-H-0_healthy_belt_400rpm,research
2831,0.017069793,0.015210258,70-H-0_healthy_belt_400rpm,research
2832,-0.0007422070000000017,0.034272258,70-H-0_healthy_belt_400rpm,research
2833,-0.057305207000000004,-0.016821742,70-H-0_healthy_belt_400rpm,research
2834,-0.035430207000000005,0.010522258,70-H-0_healthy_belt_400rpm,research
2835,0.067069793,-0.009789742,70-H-0_healthy_belt_400rpm,research
2836,0.010507792999999998,0.045678258,70-H-0_healthy_belt_400rpm,research
2837,-0.009493207000000004,0.020835258,70-H-0_healthy_belt_400rpm,research
2838,0.028944792999999996,-0.057914742,70-H-0_healthy_belt_400rpm,research
2839,0.028631792999999996,0.026928258000000004,70-H-0_healthy_belt_400rpm,research
2840,0.023944793,0.042553258000000004,70-H-0_healthy_belt_400rpm,research
2841,-0.014180207000000004,-0.017290741999999998,70-H-0_healthy_belt_400rpm,research
2842,0.06050779299999999,-0.028852742,70-H-0_healthy_belt_400rpm,research
2843,-0.034493207,0.011772258,70-H-0_healthy_belt_400rpm,research
2844,-0.011367207000000004,0.030835257999999997,70-H-0_healthy_belt_400rpm,research
2845,-0.020117207,0.009585258000000001,70-H-0_healthy_belt_400rpm,research
2846,0.038007793,-0.050102742,70-H-0_healthy_belt_400rpm,research
2847,0.015194792999999998,-0.002446742,70-H-0_healthy_belt_400rpm,research
2848,-0.037618207,0.017553258,70-H-0_healthy_belt_400rpm,research
2849,-0.014805207000000003,0.033178258,70-H-0_healthy_belt_400rpm,research
2850,0.010819792999999998,-0.043071742,70-H-0_healthy_belt_400rpm,research
2851,0.043631792999999995,-0.027914742,70-H-0_healthy_belt_400rpm,research
2852,0.009256792999999996,0.025834258,70-H-0_healthy_belt_400rpm,research
2853,0.020819792999999996,-0.007602742,70-H-0_healthy_belt_400rpm,research
2854,-0.009180207000000003,-0.034946742,70-H-0_healthy_belt_400rpm,research
2855,0.023319793,-0.051508742,70-H-0_healthy_belt_400rpm,research
2856,0.014569792999999998,0.032084258,70-H-0_healthy_belt_400rpm,research
2857,-0.018867207000000004,0.025366258,70-H-0_healthy_belt_400rpm,research
2858,0.036756792999999996,0.014116258,70-H-0_healthy_belt_400rpm,research
2859,0.047694793,-0.014321742,70-H-0_healthy_belt_400rpm,research
2860,0.008944792999999996,-0.013540742,70-H-0_healthy_belt_400rpm,research
2861,-0.053555207,0.023335258,70-H-0_healthy_belt_400rpm,research
2862,-0.026055207000000004,0.026928258000000004,70-H-0_healthy_belt_400rpm,research
2863,-0.029805207000000004,-0.022758742,70-H-0_healthy_belt_400rpm,research
2864,0.075819793,0.006303258000000001,70-H-0_healthy_belt_400rpm,research
2865,0.017382792999999994,0.014116258,70-H-0_healthy_belt_400rpm,research
2866,0.008944792999999996,0.004741258,70-H-0_healthy_belt_400rpm,research
2867,0.020194792999999996,-0.032446742,70-H-0_healthy_belt_400rpm,research
2868,0.050194793,0.021772258,70-H-0_healthy_belt_400rpm,research
2869,0.004881792999999995,0.007397258,70-H-0_healthy_belt_400rpm,research
2870,-0.004492207000000003,-0.019477742,70-H-0_healthy_belt_400rpm,research
2871,0.048944793,0.002397258,70-H-0_healthy_belt_400rpm,research
2872,0.002069792999999997,0.048178258,70-H-0_healthy_belt_400rpm,research
2873,-0.003242207000000002,-0.054477742,70-H-0_healthy_belt_400rpm,research
2874,-0.011055207000000003,0.002710258,70-H-0_healthy_belt_400rpm,research
2875,0.020819792999999996,-0.034477742,70-H-0_healthy_belt_400rpm,research
2876,0.028319792999999996,-0.007289742,70-H-0_healthy_belt_400rpm,research
2877,0.015194792999999998,-0.011821742,70-H-0_healthy_belt_400rpm,research
2878,-0.062305207,0.0014602579999999999,70-H-0_healthy_belt_400rpm,research
2879,0.032069793,0.004741258,70-H-0_healthy_belt_400rpm,research
2880,0.0011327929999999965,-0.045102742,70-H-0_healthy_belt_400rpm,research
2881,0.017694793,0.024272258,70-H-0_healthy_belt_400rpm,research
2882,-0.024493207000000003,0.044428258,70-H-0_healthy_belt_400rpm,research
2883,0.035819792999999996,-0.07619674200000001,70-H-0_healthy_belt_400rpm,research
2884,-0.039180207,0.040991258,70-H-0_healthy_belt_400rpm,research
2885,-0.027305207000000005,-0.0008837419999999999,70-H-0_healthy_belt_400rpm,research
2886,0.036131792999999995,-0.025258742,70-H-0_healthy_belt_400rpm,research
2887,0.018007792999999994,0.000991258,70-H-0_healthy_belt_400rpm,research
2888,-0.014805207000000003,0.069272258,70-H-0_healthy_belt_400rpm,research
2889,0.029882792999999998,-0.026196742,70-H-0_healthy_belt_400rpm,research
2890,-0.0004302070000000019,-0.024790742,70-H-0_healthy_belt_400rpm,research
2891,0.004256792999999998,0.029116258,70-H-0_healthy_belt_400rpm,research
2892,0.039569793,-0.021508742,70-H-0_healthy_belt_400rpm,research
2893,-0.035743207,0.004897258,70-H-0_healthy_belt_400rpm,research
2894,-0.028242207000000005,-0.014008742,70-H-0_healthy_belt_400rpm,research
2895,0.008007792999999996,-0.050727742,70-H-0_healthy_belt_400rpm,research
2896,0.012069792999999995,-0.055571742,70-H-0_healthy_belt_400rpm,research
2897,-0.031992207,0.0003662580000000004,70-H-0_healthy_belt_400rpm,research
2898,-0.009805207000000003,0.021772258,70-H-0_healthy_belt_400rpm,research
2899,0.023944793,-0.052290742,70-H-0_healthy_belt_400rpm,research
2900,-0.012305207000000002,0.018022258,70-H-0_healthy_belt_400rpm,research
2901,-0.023243207000000002,0.0034912580000000006,70-H-0_healthy_belt_400rpm,research
2902,0.021444792999999997,-0.024633742,70-H-0_healthy_belt_400rpm,research
2903,0.031757793,-0.00010274199999999942,70-H-0_healthy_belt_400rpm,research
2904,0.018319792999999994,0.011460258000000001,70-H-0_healthy_belt_400rpm,research
2905,0.002069792999999997,0.004897258,70-H-0_healthy_belt_400rpm,research
2906,0.022382792999999998,-0.037290742,70-H-0_healthy_belt_400rpm,research
2907,0.005506792999999996,0.024428258,70-H-0_healthy_belt_400rpm,research
2908,0.014257792999999998,-0.016196742,70-H-0_healthy_belt_400rpm,research
2909,0.077694793,0.017553258,70-H-0_healthy_belt_400rpm,research
2910,-0.027618207000000002,-0.004321742,70-H-0_healthy_belt_400rpm,research
2911,-0.010430207000000004,-0.014008742,70-H-0_healthy_belt_400rpm,research
2912,-0.0041802070000000035,-0.014321742,70-H-0_healthy_belt_400rpm,research
2913,0.048319793,-0.003383742,70-H-0_healthy_belt_400rpm,research
2914,-0.042618207000000005,0.020210258000000002,70-H-0_healthy_belt_400rpm,research
2915,-0.013867207000000003,0.020991258,70-H-0_healthy_belt_400rpm,research
2916,0.06175779299999999,-0.019008742000000002,70-H-0_healthy_belt_400rpm,research
2917,-0.028242207000000005,-0.004789742,70-H-0_healthy_belt_400rpm,research
2918,0.0023827929999999976,0.031459258,70-H-0_healthy_belt_400rpm,research
2919,0.048944793,-0.019165742,70-H-0_healthy_belt_400rpm,research
2920,0.024569793,0.075991258,70-H-0_healthy_belt_400rpm,research
2921,-0.023243207000000002,0.058491258,70-H-0_healthy_belt_400rpm,research
2922,-0.009493207000000004,-0.013071741999999999,70-H-0_healthy_belt_400rpm,research
2923,-0.034180207000000004,-0.025258742,70-H-0_healthy_belt_400rpm,research
2924,0.040194793,-0.020415742,70-H-0_healthy_belt_400rpm,research
2925,0.013319792999999996,-0.026664741999999998,70-H-0_healthy_belt_400rpm,research
2926,0.012381792999999999,-0.031196742,70-H-0_healthy_belt_400rpm,research
2927,-0.001680207000000003,0.011928258,70-H-0_healthy_belt_400rpm,research
2928,0.009881792999999996,0.008491258,70-H-0_healthy_belt_400rpm,research
2929,0.008007792999999996,0.032709258,70-H-0_healthy_belt_400rpm,research
2930,-0.021680207000000003,0.010991258,70-H-0_healthy_belt_400rpm,research
2931,-0.007618207000000004,0.0016162579999999998,70-H-0_healthy_belt_400rpm,research
2932,0.018007792999999994,-0.015571742,70-H-0_healthy_belt_400rpm,research
2933,-0.0026182070000000026,0.039272258,70-H-0_healthy_belt_400rpm,research
2934,0.000507792999999996,0.019428258,70-H-0_healthy_belt_400rpm,research
2935,0.014882792999999998,-0.019477742,70-H-0_healthy_belt_400rpm,research
2936,0.038319793,-0.0010397419999999997,70-H-0_healthy_belt_400rpm,research
2937,0.033319793,-0.018383742,70-H-0_healthy_belt_400rpm,research
2938,-0.052305207000000006,-0.018540742,70-H-0_healthy_belt_400rpm,research
2939,0.027381792999999995,0.0016162579999999998,70-H-0_healthy_belt_400rpm,research
2940,0.004569792999999996,-0.023227742,70-H-0_healthy_belt_400rpm,research
2941,-0.001680207000000003,-0.019946742,70-H-0_healthy_belt_400rpm,research
2942,-0.016368207000000003,0.039897258,70-H-0_healthy_belt_400rpm,research
2943,0.016444793,0.0034912580000000006,70-H-0_healthy_belt_400rpm,research
2944,0.037069793,-0.011665742,70-H-0_healthy_belt_400rpm,research
2945,-0.024805207000000003,0.042710258,70-H-0_healthy_belt_400rpm,research
2946,-0.001680207000000003,-0.006040742,70-H-0_healthy_belt_400rpm,research
2947,0.023007793,-0.014321742,70-H-0_healthy_belt_400rpm,research
2948,0.057069792999999994,0.022397258,70-H-0_healthy_belt_400rpm,research
2949,-0.044492207000000006,-0.033852742,70-H-0_healthy_belt_400rpm,research
2950,-0.054180207,0.038647258,70-H-0_healthy_belt_400rpm,research
2951,0.045819793,-0.092915742,70-H-0_healthy_belt_400rpm,research
2952,-0.006992207000000004,0.006616258,70-H-0_healthy_belt_400rpm,research
2953,0.018631792999999994,-0.037446742,70-H-0_healthy_belt_400rpm,research
2954,-0.019805207000000002,0.041928258,70-H-0_healthy_belt_400rpm,research
2955,-0.081992207,0.013335258,70-H-0_healthy_belt_400rpm,research
2956,0.035194792999999995,-0.044633742,70-H-0_healthy_belt_400rpm,research
2957,-0.009805207000000003,-0.005414742,70-H-0_healthy_belt_400rpm,research
2958,-0.011055207000000003,0.008178258,70-H-0_healthy_belt_400rpm,research
2959,0.041757792999999994,0.023335258,70-H-0_healthy_belt_400rpm,research
2960,0.016444793,0.006616258,70-H-0_healthy_belt_400rpm,research
2961,-0.004805207000000002,-0.011196741999999999,70-H-0_healthy_belt_400rpm,research
2962,-0.011992207000000003,0.013491257999999999,70-H-0_healthy_belt_400rpm,research
2963,-0.029180207000000003,-0.026040742,70-H-0_healthy_belt_400rpm,research
2964,0.027069792999999995,0.032866258,70-H-0_healthy_belt_400rpm,research
2965,-0.006680207000000002,0.035053258,70-H-0_healthy_belt_400rpm,research
2966,-0.017305207000000003,0.042866258,70-H-0_healthy_belt_400rpm,research
2967,0.027694792999999995,-0.026977742,70-H-0_healthy_belt_400rpm,research
2968,0.008007792999999996,-0.005414742,70-H-0_healthy_belt_400rpm,research
2969,0.0023827929999999976,0.029272258000000002,70-H-0_healthy_belt_400rpm,research
2970,-0.037618207,5.325800000000047e-05,70-H-0_healthy_belt_400rpm,research
2971,-0.008555207000000002,0.016303258,70-H-0_healthy_belt_400rpm,research
2972,0.006444792999999997,0.021616258,70-H-0_healthy_belt_400rpm,research
2973,0.0014447929999999963,-0.007602742,70-H-0_healthy_belt_400rpm,research
2974,0.0036327929999999953,0.014428258,70-H-0_healthy_belt_400rpm,research
2975,-0.0010552070000000024,-0.020571742,70-H-0_healthy_belt_400rpm,research
2976,-0.010117207000000003,0.035678258,70-H-0_healthy_belt_400rpm,research
2977,-0.051993207,-0.009946742,70-H-0_healthy_belt_400rpm,research
2978,-0.03855520700000001,-0.001508742,70-H-0_healthy_belt_400rpm,research
2979,0.018631792999999994,-0.043071742,70-H-0_healthy_belt_400rpm,research
2980,0.020506792999999995,-0.020727742,70-H-0_healthy_belt_400rpm,research
2981,-0.0007422070000000017,0.035366258,70-H-0_healthy_belt_400rpm,research
2982,-0.019180207000000005,-0.012133742,70-H-0_healthy_belt_400rpm,research
2983,-0.032930207,-0.046352742,70-H-0_healthy_belt_400rpm,research
2984,0.023007793,-0.014946741999999999,70-H-0_healthy_belt_400rpm,research
2985,-0.041368207000000004,-0.0021337419999999997,70-H-0_healthy_belt_400rpm,research
2986,-0.129805207,0.06942825799999999,70-H-0_healthy_belt_400rpm,research
2987,0.004881792999999995,0.006616258,70-H-0_healthy_belt_400rpm,research
2988,0.022694792999999998,5.325800000000047e-05,70-H-0_healthy_belt_400rpm,research
2989,0.017694793,0.012710257999999999,70-H-0_healthy_belt_400rpm,research
2990,0.018631792999999994,-0.004789742,70-H-0_healthy_belt_400rpm,research
2991,0.008944792999999996,0.009116258,70-H-0_healthy_belt_400rpm,research
2992,-0.009805207000000003,-0.006508742,70-H-0_healthy_belt_400rpm,research
2993,-0.022305207000000004,0.027710258,70-H-0_healthy_belt_400rpm,research
2994,-0.024180207000000002,0.025053258000000002,70-H-0_healthy_belt_400rpm,research
2995,0.012381792999999999,-0.018696742000000002,70-H-0_healthy_belt_400rpm,research
2996,-0.015743207000000002,0.0034912580000000006,70-H-0_healthy_belt_400rpm,research
2997,0.007069792999999998,-0.034321742,70-H-0_healthy_belt_400rpm,research
2998,-0.012618207000000003,0.024428258,70-H-0_healthy_belt_400rpm,research
2999,-0.0007422070000000017,-0.007758742,70-H-0_healthy_belt_400rpm,research
3000,-0.030430207,-0.038071742,70-H-0_healthy_belt_400rpm,research
3001,0.016132793,-0.002446742,70-H-0_healthy_belt_400rpm,research
3002,0.015507792999999999,-0.004946742,70-H-0_healthy_belt_400rpm,research
3003,-0.003555207000000003,-0.023539742,70-H-0_healthy_belt_400rpm,research
3004,0.007069792999999998,0.020678258,70-H-0_healthy_belt_400rpm,research
3005,-0.025430207000000003,0.015053258,70-H-0_healthy_belt_400rpm,research
3006,0.017069793,-0.006821742,70-H-0_healthy_belt_400rpm,research
3007,0.046444793,-0.011665742,70-H-0_healthy_belt_400rpm,research
3008,0.005194792999999996,0.029428258,70-H-0_healthy_belt_400rpm,research
3009,0.010194792999999997,0.0017722580000000005,70-H-0_healthy_belt_400rpm,research
3010,0.027381792999999995,0.018334258,70-H-0_healthy_belt_400rpm,research
3011,-0.047930207,-0.021821741999999998,70-H-0_healthy_belt_400rpm,research
3012,-0.035430207000000005,-0.007289742,70-H-0_healthy_belt_400rpm,research
3013,0.034256792999999994,0.008022258,70-H-0_healthy_belt_400rpm,research
3014,0.04863179299999999,0.015522258,70-H-0_healthy_belt_400rpm,research
3015,-0.021680207000000003,0.003022258,70-H-0_healthy_belt_400rpm,research
3016,-0.040430207,0.027397258,70-H-0_healthy_belt_400rpm,research
3017,0.001756792999999996,-0.046977742,70-H-0_healthy_belt_400rpm,research
3018,-0.003555207000000003,0.020053258,70-H-0_healthy_belt_400rpm,research
3019,-0.041055207,-0.008071742,70-H-0_healthy_belt_400rpm,research
3020,0.070507793,-0.044008741999999997,70-H-0_healthy_belt_400rpm,research
3021,-0.011055207000000003,0.055522258,70-H-0_healthy_belt_400rpm,research
3022,-0.021992207000000003,-0.019321742,70-H-0_healthy_belt_400rpm,research
3023,0.015194792999999998,-0.004165742,70-H-0_healthy_belt_400rpm,research
3024,0.018631792999999994,0.037866258,70-H-0_healthy_belt_400rpm,research
3025,0.06425679299999999,-0.0021337419999999997,70-H-0_healthy_belt_400rpm,research
3026,-0.0029302070000000024,-0.006977742,70-H-0_healthy_belt_400rpm,research
3027,0.020194792999999996,-0.002602742,70-H-0_healthy_belt_400rpm,research
3028,-0.0038672070000000027,-0.020571742,70-H-0_healthy_belt_400rpm,research
3029,0.023632793,-0.025571742,70-H-0_healthy_belt_400rpm,research
3030,0.018007792999999994,0.034116258000000003,70-H-0_healthy_belt_400rpm,research
3031,-0.030743207,-0.004008742,70-H-0_healthy_belt_400rpm,research
3032,-0.037618207,0.012241258000000001,70-H-0_healthy_belt_400rpm,research
3033,0.015819793,0.010834258,70-H-0_healthy_belt_400rpm,research
3034,-0.041055207,0.035366258,70-H-0_healthy_belt_400rpm,research
3035,0.006444792999999997,-0.0011967419999999998,70-H-0_healthy_belt_400rpm,research
3036,0.06175779299999999,-0.020102742,70-H-0_healthy_belt_400rpm,research
3037,-0.046368207,-0.0030717419999999997,70-H-0_healthy_belt_400rpm,research
3038,-0.003242207000000002,-0.007758742,70-H-0_healthy_belt_400rpm,research
3039,0.006444792999999997,0.025053258000000002,70-H-0_healthy_belt_400rpm,research
3040,0.009256792999999996,-0.021508742,70-H-0_healthy_belt_400rpm,research
3041,0.019881792999999995,-0.031352742,70-H-0_healthy_belt_400rpm,research
3042,0.002069792999999997,0.006147258000000001,70-H-0_healthy_belt_400rpm,research
3043,-0.026992207000000004,0.0022412580000000003,70-H-0_healthy_belt_400rpm,research
3044,-0.006680207000000002,-0.054165742,70-H-0_healthy_belt_400rpm,research
3045,-0.038243207,0.0003662580000000004,70-H-0_healthy_belt_400rpm,research
3046,0.008007792999999996,-0.005883742,70-H-0_healthy_belt_400rpm,research
3047,0.009256792999999996,-0.004789742,70-H-0_healthy_belt_400rpm,research
3048,0.0039447929999999985,0.0053662580000000005,70-H-0_healthy_belt_400rpm,research
3049,0.040819793,-0.0019777419999999998,70-H-0_healthy_belt_400rpm,research
3050,0.041757792999999994,0.016460258,70-H-0_healthy_belt_400rpm,research
3051,-0.063242207,0.025991258,70-H-0_healthy_belt_400rpm,research
3052,-0.0013672070000000022,-0.045102742,70-H-0_healthy_belt_400rpm,research
3053,0.010194792999999997,-0.053227742,70-H-0_healthy_belt_400rpm,research
3054,0.06363179299999999,-0.043383742,70-H-0_healthy_belt_400rpm,research
3055,-0.011992207000000003,0.035053258,70-H-0_healthy_belt_400rpm,research
3056,-0.068243207,0.058647258,70-H-0_healthy_belt_400rpm,research
3057,0.020194792999999996,-0.016508742,70-H-0_healthy_belt_400rpm,research
3058,0.008944792999999996,0.025678258,70-H-0_healthy_belt_400rpm,research
3059,0.014257792999999998,-0.025571742,70-H-0_healthy_belt_400rpm,research
3060,-0.042618207000000005,-0.001665742,70-H-0_healthy_belt_400rpm,research
3061,-0.041993207000000005,0.050366258,70-H-0_healthy_belt_400rpm,research
3062,-0.025743207000000004,0.008178258,70-H-0_healthy_belt_400rpm,research
3063,0.040507793,-0.044946742,70-H-0_healthy_belt_400rpm,research
3064,0.028944792999999996,0.043022258,70-H-0_healthy_belt_400rpm,research
3065,-0.049805207000000004,0.031147257999999997,70-H-0_healthy_belt_400rpm,research
3066,0.049881792999999994,-0.018540742,70-H-0_healthy_belt_400rpm,research
3067,0.027069792999999995,0.002553258,70-H-0_healthy_belt_400rpm,research
3068,-0.015430207000000003,0.004741258,70-H-0_healthy_belt_400rpm,research
3069,-0.021368207000000004,0.007553258,70-H-0_healthy_belt_400rpm,research
3070,0.011132792999999998,-0.031664741999999996,70-H-0_healthy_belt_400rpm,research
3071,0.033319793,-0.042914742,70-H-0_healthy_belt_400rpm,research
3072,0.003319792999999998,-0.009321742000000001,70-H-0_healthy_belt_400rpm,research
3073,-0.044492207000000006,0.045053258,70-H-0_healthy_belt_400rpm,research
3074,-0.006992207000000004,-0.024946742,70-H-0_healthy_belt_400rpm,research
3075,0.025194793,-0.006665742,70-H-0_healthy_belt_400rpm,research
3076,0.0011327929999999965,0.051303258,70-H-0_healthy_belt_400rpm,research
3077,-0.043555207,-0.001508742,70-H-0_healthy_belt_400rpm,research
3078,-0.016992207000000002,-0.009946742,70-H-0_healthy_belt_400rpm,research
3079,0.059569792999999996,-0.022290742,70-H-0_healthy_belt_400rpm,research
3080,-0.051055207000000005,0.012710257999999999,70-H-0_healthy_belt_400rpm,research
3081,-0.020430207000000002,0.013178258000000002,70-H-0_healthy_belt_400rpm,research
3082,0.039882793,-0.002758742,70-H-0_healthy_belt_400rpm,research
3083,0.008944792999999996,0.023335258,70-H-0_healthy_belt_400rpm,research
3084,0.0061317929999999965,-0.009789742,70-H-0_healthy_belt_400rpm,research
3085,-0.038867207,0.017866258,70-H-0_healthy_belt_400rpm,research
3086,-0.012618207000000003,-0.036196742,70-H-0_healthy_belt_400rpm,research
3087,0.011444792999999998,-0.038540742,70-H-0_healthy_belt_400rpm,research
3088,0.003007792999999998,0.010834258,70-H-0_healthy_belt_400rpm,research
3089,-0.023867207,-0.002289742,70-H-0_healthy_belt_400rpm,research
3090,0.002069792999999997,0.024428258,70-H-0_healthy_belt_400rpm,research
3091,0.021444792999999997,0.020366258,70-H-0_healthy_belt_400rpm,research
3092,0.043007792999999996,0.006928258,70-H-0_healthy_belt_400rpm,research
3093,-0.026368207000000005,0.039116258,70-H-0_healthy_belt_400rpm,research
3094,0.001756792999999996,0.0016162579999999998,70-H-0_healthy_belt_400rpm,research
3095,0.020506792999999995,0.022553258,70-H-0_healthy_belt_400rpm,research
3096,-0.072618207,0.020522258,70-H-0_healthy_belt_400rpm,research
3097,0.007382792999999999,-0.021508742,70-H-0_healthy_belt_400rpm,research
3098,-0.015117207000000004,-0.012289742,70-H-0_healthy_belt_400rpm,research
3099,-0.008555207000000002,0.0020852580000000004,70-H-0_healthy_belt_400rpm,research
3100,0.030507793,0.0017722580000000005,70-H-0_healthy_belt_400rpm,research
3101,-0.016680207000000002,0.012710257999999999,70-H-0_healthy_belt_400rpm,research
3102,-0.0038672070000000027,-0.018540742,70-H-0_healthy_belt_400rpm,research
3103,0.002069792999999997,-0.010571741999999999,70-H-0_healthy_belt_400rpm,research
3104,0.014882792999999998,-0.00010274199999999942,70-H-0_healthy_belt_400rpm,research
3105,0.015194792999999998,0.020053258,70-H-0_healthy_belt_400rpm,research
3106,-0.026992207000000004,0.015522258,70-H-0_healthy_belt_400rpm,research
3107,0.036756792999999996,0.0070842579999999995,70-H-0_healthy_belt_400rpm,research
3108,-0.015117207000000004,0.031772258,70-H-0_healthy_belt_400rpm,research
3109,-0.018555207000000004,-0.010258742,70-H-0_healthy_belt_400rpm,research
3110,0.043319792999999995,-0.012133742,70-H-0_healthy_belt_400rpm,research
3111,0.016757793,-0.004633742,70-H-0_healthy_belt_400rpm,research
3112,0.008632792999999996,-0.026040742,70-H-0_healthy_belt_400rpm,research
3113,0.009569792999999997,-0.008696742,70-H-0_healthy_belt_400rpm,research
3114,-0.040742207,0.0036472580000000004,70-H-0_healthy_belt_400rpm,research
3115,0.013006792999999996,-0.024946742,70-H-0_healthy_belt_400rpm,research
3116,0.054882793,-0.013540742,70-H-0_healthy_belt_400rpm,research
3117,-0.022305207000000004,0.0006782580000000002,70-H-0_healthy_belt_400rpm,research
3118,-0.016992207000000002,0.019741258,70-H-0_healthy_belt_400rpm,research
3119,0.010194792999999997,-0.039165741999999996,70-H-0_healthy_belt_400rpm,research
3120,0.002069792999999997,-0.019477742,70-H-0_healthy_belt_400rpm,research
3121,0.012694792999999996,0.049116258,70-H-0_healthy_belt_400rpm,research
3122,-0.011367207000000004,-0.043227742,70-H-0_healthy_belt_400rpm,research
3123,0.023007793,0.020210258000000002,70-H-0_healthy_belt_400rpm,research
3124,-0.027618207000000002,0.013335258,70-H-0_healthy_belt_400rpm,research
3125,-0.011680207000000003,-0.013227742,70-H-0_healthy_belt_400rpm,research
3126,0.091132793,-0.045571742,70-H-0_healthy_belt_400rpm,research
3127,0.012069792999999995,-0.0032277419999999996,70-H-0_healthy_belt_400rpm,research
3128,-0.018867207000000004,-0.033383742,70-H-0_healthy_belt_400rpm,research
3129,-0.023867207,-0.016977742,70-H-0_healthy_belt_400rpm,research
3130,-0.003555207000000003,0.0036472580000000004,70-H-0_healthy_belt_400rpm,research
3131,0.006757792999999998,-0.010727742,70-H-0_healthy_belt_400rpm,research
3132,-0.038243207,0.023491258,70-H-0_healthy_belt_400rpm,research
3133,-0.020430207000000002,-0.0029147419999999997,70-H-0_healthy_belt_400rpm,research
3134,-0.020117207,0.004272258000000001,70-H-0_healthy_belt_400rpm,research
3135,-0.00011720700000000459,0.040053258,70-H-0_healthy_belt_400rpm,research
3136,0.008632792999999996,0.050678258,70-H-0_healthy_belt_400rpm,research
3137,-0.031680207,-0.008852742,70-H-0_healthy_belt_400rpm,research
3138,0.005506792999999996,0.015991258,70-H-0_healthy_belt_400rpm,research
3139,0.0036327929999999953,-0.021977742,70-H-0_healthy_belt_400rpm,research
3140,-0.022618207,0.0020852580000000004,70-H-0_healthy_belt_400rpm,research
3141,0.028006792999999995,-0.022758742,70-H-0_healthy_belt_400rpm,research
3142,0.064569793,0.001147258,70-H-0_healthy_belt_400rpm,research
3143,-0.006992207000000004,-0.031977742,70-H-0_healthy_belt_400rpm,research
3144,-0.006680207000000002,0.032553258,70-H-0_healthy_belt_400rpm,research
3145,0.013006792999999996,-0.024008742,70-H-0_healthy_belt_400rpm,research
3146,0.003319792999999998,-0.012446742,70-H-0_healthy_belt_400rpm,research
3147,0.032382793,-0.012289742,70-H-0_healthy_belt_400rpm,research
3148,-0.04699220700000001,-0.006821742,70-H-0_healthy_belt_400rpm,research
3149,-0.0023052070000000036,0.029585258000000003,70-H-0_healthy_belt_400rpm,research
3150,-0.017618207000000004,0.025678258,70-H-0_healthy_belt_400rpm,research
3151,0.011757792999999996,0.010053258,70-H-0_healthy_belt_400rpm,research
3152,0.035506792999999995,0.049897258,70-H-0_healthy_belt_400rpm,research
3153,0.047069793,-0.012915742,70-H-0_healthy_belt_400rpm,research
3154,-0.046368207,-0.047602741999999997,70-H-0_healthy_belt_400rpm,research
3155,0.014882792999999998,0.030053258,70-H-0_healthy_belt_400rpm,research
3156,-0.016992207000000002,-0.014008742,70-H-0_healthy_belt_400rpm,research
3157,-0.055742207,0.064741258,70-H-0_healthy_belt_400rpm,research
3158,0.061444793,-0.013383742,70-H-0_healthy_belt_400rpm,research
3159,0.008007792999999996,-0.005414742,70-H-0_healthy_belt_400rpm,research
3160,0.017694793,0.050678258,70-H-0_healthy_belt_400rpm,research
3161,-0.0019932070000000038,-0.007758742,70-H-0_healthy_belt_400rpm,research
3162,-0.014180207000000004,0.050053258,70-H-0_healthy_belt_400rpm,research
3163,-0.005743207000000004,-0.051821742,70-H-0_healthy_belt_400rpm,research
3164,0.043631792999999995,-0.007289742,70-H-0_healthy_belt_400rpm,research
3165,-0.030430207,0.021928258,70-H-0_healthy_belt_400rpm,research
3166,0.024882793,-0.0032277419999999996,70-H-0_healthy_belt_400rpm,research
3167,0.034881792999999994,0.008491258,70-H-0_healthy_belt_400rpm,research
3168,0.000507792999999996,-0.019477742,70-H-0_healthy_belt_400rpm,research
3169,-0.029493207,0.026459258,70-H-0_healthy_belt_400rpm,research
3170,0.031132793,-0.035727742,70-H-0_healthy_belt_400rpm,research
3171,0.023007793,-0.014790741999999999,70-H-0_healthy_belt_400rpm,research
3172,0.016757793,0.0016162579999999998,70-H-0_healthy_belt_400rpm,research
3173,-0.050118207000000005,0.017709258,70-H-0_healthy_belt_400rpm,research
3174,-0.027618207000000002,0.014897258,70-H-0_healthy_belt_400rpm,research
3175,0.04925679299999999,0.012241258000000001,70-H-0_healthy_belt_400rpm,research
3176,0.041444792999999994,0.011772258,70-H-0_healthy_belt_400rpm,research
3177,-0.051368207000000006,0.021147258,70-H-0_healthy_belt_400rpm,research
3178,-0.030430207,0.0003662580000000004,70-H-0_healthy_belt_400rpm,research
3179,-0.0029302070000000024,-0.089477742,70-H-0_healthy_belt_400rpm,research
3180,-0.00011720700000000459,0.029897258000000003,70-H-0_healthy_belt_400rpm,research
3181,-0.030118207,0.048178258,70-H-0_healthy_belt_400rpm,research
3182,-0.030118207,-0.0005717419999999996,70-H-0_healthy_belt_400rpm,research
3183,-0.021055207000000003,-0.004165742,70-H-0_healthy_belt_400rpm,research
3184,-0.006992207000000004,-0.007602742,70-H-0_healthy_belt_400rpm,research
3185,-0.020743207000000003,0.013022258000000002,70-H-0_healthy_belt_400rpm,research
3186,0.004256792999999998,-0.040883742,70-H-0_healthy_belt_400rpm,research
3187,0.019569792999999995,-0.011665742,70-H-0_healthy_belt_400rpm,research
3188,0.026132792999999994,-0.009321742000000001,70-H-0_healthy_belt_400rpm,research
3189,-0.007305207000000003,5.325800000000047e-05,70-H-0_healthy_belt_400rpm,research
3190,-0.016992207000000002,-0.006665742,70-H-0_healthy_belt_400rpm,research
3191,0.005194792999999996,0.016460258,70-H-0_healthy_belt_400rpm,research
3192,0.030819792999999998,-0.036352742,70-H-0_healthy_belt_400rpm,research
3193,-0.017930207000000004,-0.015414742,70-H-0_healthy_belt_400rpm,research
3194,-0.057618207000000005,0.022241258,70-H-0_healthy_belt_400rpm,research
3195,0.024257793,0.020210258000000002,70-H-0_healthy_belt_400rpm,research
3196,-0.007305207000000003,0.025366258,70-H-0_healthy_belt_400rpm,research
3197,0.026444792999999994,-0.016196742,70-H-0_healthy_belt_400rpm,research
3198,-0.0007422070000000017,0.011303258,70-H-0_healthy_belt_400rpm,research
3199,-0.021992207000000003,0.032709258,70-H-0_healthy_belt_400rpm,research
3200,0.0008197929999999957,0.030835257999999997,70-H-0_healthy_belt_400rpm,research
3201,-0.012618207000000003,0.009585258000000001,70-H-0_healthy_belt_400rpm,research
3202,0.012694792999999996,-0.038071742,70-H-0_healthy_belt_400rpm,research
3203,0.032069793,-0.020571742,70-H-0_healthy_belt_400rpm,research
3204,0.006757792999999998,0.023022258,70-H-0_healthy_belt_400rpm,research
3205,-0.037618207,0.012553258000000001,70-H-0_healthy_belt_400rpm,research
3206,-0.023243207000000002,-0.027758742,70-H-0_healthy_belt_400rpm,research
3207,-0.031368207,0.024585258,70-H-0_healthy_belt_400rpm,research
3208,0.023319793,-0.008540742,70-H-0_healthy_belt_400rpm,research
3209,0.014569792999999998,0.016147258,70-H-0_healthy_belt_400rpm,research
3210,-0.025430207000000003,0.077709258,70-H-0_healthy_belt_400rpm,research
3211,0.018631792999999994,0.006303258000000001,70-H-0_healthy_belt_400rpm,research
3212,0.0011327929999999965,-0.0008837419999999999,70-H-0_healthy_belt_400rpm,research
3213,0.029569792999999997,0.011147258,70-H-0_healthy_belt_400rpm,research
3214,-0.017930207000000004,-0.014946741999999999,70-H-0_healthy_belt_400rpm,research
3215,0.006757792999999998,0.029897258000000003,70-H-0_healthy_belt_400rpm,research
3216,0.013319792999999996,-0.044477742,70-H-0_healthy_belt_400rpm,research
3217,-0.012618207000000003,0.030522258000000003,70-H-0_healthy_belt_400rpm,research
3218,-0.029805207000000004,0.025522258,70-H-0_healthy_belt_400rpm,research
3219,0.007382792999999999,-0.043852742,70-H-0_healthy_belt_400rpm,research
3220,0.010819792999999998,0.007397258,70-H-0_healthy_belt_400rpm,research
3221,0.008944792999999996,0.0033342580000000005,70-H-0_healthy_belt_400rpm,research
3222,-0.022618207,0.015991258,70-H-0_healthy_belt_400rpm,research
3223,-0.030743207,-0.016665741999999997,70-H-0_healthy_belt_400rpm,research
3224,0.003007792999999998,-0.065571742,70-H-0_healthy_belt_400rpm,research
3225,0.011132792999999998,-0.017446742,70-H-0_healthy_belt_400rpm,research
3226,-0.063555207,0.023803258,70-H-0_healthy_belt_400rpm,research
3227,0.0026947929999999974,0.004272258000000001,70-H-0_healthy_belt_400rpm,research
3228,0.0061317929999999965,-0.0032277419999999996,70-H-0_healthy_belt_400rpm,research
3229,0.016132793,-0.031039742,70-H-0_healthy_belt_400rpm,research
3230,-0.013242207000000002,0.014272258,70-H-0_healthy_belt_400rpm,research
3231,-0.032305207,-0.022602742,70-H-0_healthy_belt_400rpm,research
3232,0.024257793,0.0005222580000000003,70-H-0_healthy_belt_400rpm,research
3233,-0.004805207000000002,0.032709258,70-H-0_healthy_belt_400rpm,research
3234,-0.03730520700000001,-0.008071742,70-H-0_healthy_belt_400rpm,research
3235,-0.012618207000000003,0.016460258,70-H-0_healthy_belt_400rpm,research
3236,-0.0063682070000000025,-0.019633742,70-H-0_healthy_belt_400rpm,research
3237,0.032382793,-0.015883742,70-H-0_healthy_belt_400rpm,research
3238,-0.010743207000000003,-0.006196742,70-H-0_healthy_belt_400rpm,research
3239,-0.0038672070000000027,-0.011977742,70-H-0_healthy_belt_400rpm,research
3240,-0.012305207000000002,-0.055883742,70-H-0_healthy_belt_400rpm,research
3241,0.019569792999999995,-0.009165742000000001,70-H-0_healthy_belt_400rpm,research
3242,-0.011992207000000003,0.0039602579999999995,70-H-0_healthy_belt_400rpm,research
3243,0.015507792999999999,0.011147258,70-H-0_healthy_belt_400rpm,research
3244,0.007069792999999998,0.021147258,70-H-0_healthy_belt_400rpm,research
3245,-0.019805207000000002,0.038178258,70-H-0_healthy_belt_400rpm,research
3246,-0.020430207000000002,-0.009633742,70-H-0_healthy_belt_400rpm,research
3247,0.014257792999999998,-0.016821742,70-H-0_healthy_belt_400rpm,research
3248,0.037694793,0.010991258,70-H-0_healthy_belt_400rpm,research
3249,0.006757792999999998,-0.017290741999999998,70-H-0_healthy_belt_400rpm,research
3250,-0.040742207,0.026772258,70-H-0_healthy_belt_400rpm,research
3251,-0.066680207,-0.039321742,70-H-0_healthy_belt_400rpm,research
3252,-0.057618207000000005,0.0031782579999999998,70-H-0_healthy_belt_400rpm,research
3253,-0.026368207000000005,0.004585258,70-H-0_healthy_belt_400rpm,research
3254,0.033319793,-0.001665742,70-H-0_healthy_belt_400rpm,research
3255,-0.021680207000000003,0.062084257999999996,70-H-0_healthy_belt_400rpm,research
3256,0.023319793,-0.050727742,70-H-0_healthy_belt_400rpm,research
3257,0.014257792999999998,0.005835257999999999,70-H-0_healthy_belt_400rpm,research
3258,0.008944792999999996,0.019741258,70-H-0_healthy_belt_400rpm,research
3259,-0.009805207000000003,-0.021821741999999998,70-H-0_healthy_belt_400rpm,research
3260,0.014569792999999998,0.039272258,70-H-0_healthy_belt_400rpm,research
3261,-0.046055207,0.048959258,70-H-0_healthy_belt_400rpm,research
3262,-0.023243207000000002,0.011147258,70-H-0_healthy_belt_400rpm,research
3263,-0.004492207000000003,0.006928258,70-H-0_healthy_belt_400rpm,research
3264,0.083319793,-0.034165742,70-H-0_healthy_belt_400rpm,research
3265,0.017069793,-0.001508742,70-H-0_healthy_belt_400rpm,research
3266,-0.029493207,0.020522258,70-H-0_healthy_belt_400rpm,research
3267,-0.021368207000000004,0.011147258,70-H-0_healthy_belt_400rpm,research
3268,0.0036327929999999953,-0.034946742,70-H-0_healthy_belt_400rpm,research
3269,0.000507792999999996,-0.0008837419999999999,70-H-0_healthy_belt_400rpm,research
3270,0.010819792999999998,0.018178258,70-H-0_healthy_belt_400rpm,research
3271,0.000507792999999996,-0.010415741999999999,70-H-0_healthy_belt_400rpm,research
3272,0.024882793,-0.011977742,70-H-0_healthy_belt_400rpm,research
3273,-0.022305207000000004,0.004897258,70-H-0_healthy_belt_400rpm,research
3274,-0.017618207000000004,0.008647258,70-H-0_healthy_belt_400rpm,research
3275,0.023319793,-0.017758742,70-H-0_healthy_belt_400rpm,research
3276,0.033944792999999994,0.031303258,70-H-0_healthy_belt_400rpm,research
3277,-0.010743207000000003,0.049116258,70-H-0_healthy_belt_400rpm,research
3278,-0.033555207000000004,0.042241258,70-H-0_healthy_belt_400rpm,research
3279,-0.022618207,-0.008852742,70-H-0_healthy_belt_400rpm,research
3280,-0.0019932070000000038,-0.008383742,70-H-0_healthy_belt_400rpm,research
3281,-0.0041802070000000035,0.032553258,70-H-0_healthy_belt_400rpm,research
3282,-0.011680207000000003,0.006303258000000001,70-H-0_healthy_belt_400rpm,research
3283,0.0039447929999999985,0.020210258000000002,70-H-0_healthy_belt_400rpm,research
3284,0.029882792999999998,-0.021665741999999998,70-H-0_healthy_belt_400rpm,research
3285,0.037694793,-0.005571741999999999,70-H-0_healthy_belt_400rpm,research
3286,-0.012618207000000003,0.033491258,70-H-0_healthy_belt_400rpm,research
3287,-0.026992207000000004,0.008335258,70-H-0_healthy_belt_400rpm,research
3288,0.019881792999999995,-0.011352741999999999,70-H-0_healthy_belt_400rpm,research
3289,0.025194793,-0.012758742,70-H-0_healthy_belt_400rpm,research
3290,-0.049493207000000004,0.033491258,70-H-0_healthy_belt_400rpm,research
3291,-0.003242207000000002,0.0039602579999999995,70-H-0_healthy_belt_400rpm,research
3292,0.034881792999999994,-0.056040742,70-H-0_healthy_belt_400rpm,research
3293,0.027381792999999995,0.058647258,70-H-0_healthy_belt_400rpm,research
3294,-0.04699220700000001,0.031459258,70-H-0_healthy_belt_400rpm,research
3295,-0.065743207,0.058022258,70-H-0_healthy_belt_400rpm,research
3296,0.013944792999999997,0.0070842579999999995,70-H-0_healthy_belt_400rpm,research
3297,0.021756792999999996,-0.061040742,70-H-0_healthy_belt_400rpm,research
3298,0.003007792999999998,0.020053258,70-H-0_healthy_belt_400rpm,research
3299,-0.060743207,0.020522258,70-H-0_healthy_belt_400rpm,research
3300,-0.023867207,-0.031664741999999996,70-H-0_healthy_belt_400rpm,research
3301,0.060819793,-0.007758742,70-H-0_healthy_belt_400rpm,research
3302,-0.016368207000000003,-0.022914742,70-H-0_healthy_belt_400rpm,research
3303,-0.032617207,-0.008227742,70-H-0_healthy_belt_400rpm,research
3304,-0.013555207000000003,0.000834258,70-H-0_healthy_belt_400rpm,research
3305,0.031757793,-0.037446742,70-H-0_healthy_belt_400rpm,research
3306,-0.029180207000000003,0.026616258,70-H-0_healthy_belt_400rpm,research
3307,-0.0019932070000000038,0.0002102580000000005,70-H-0_healthy_belt_400rpm,research
3308,0.049881792999999994,-0.029633742,70-H-0_healthy_belt_400rpm,research
3309,0.020194792999999996,0.018334258,70-H-0_healthy_belt_400rpm,research
3310,-0.035430207000000005,0.037553258,70-H-0_healthy_belt_400rpm,research
3311,-0.035743207,-0.023071742,70-H-0_healthy_belt_400rpm,research
3312,0.006757792999999998,-0.033227742000000005,70-H-0_healthy_belt_400rpm,research
3313,0.012694792999999996,-0.028227742,70-H-0_healthy_belt_400rpm,research
3314,-0.032305207,0.007553258,70-H-0_healthy_belt_400rpm,research
3315,0.020506792999999995,0.002553258,70-H-0_healthy_belt_400rpm,research
3316,0.030819792999999998,-0.0038527419999999997,70-H-0_healthy_belt_400rpm,research
3317,0.008319792999999995,-0.023539742,70-H-0_healthy_belt_400rpm,research
3318,-0.013555207000000003,0.016460258,70-H-0_healthy_belt_400rpm,research
3319,-0.045430207,-0.0019777419999999998,70-H-0_healthy_belt_400rpm,research
3320,0.067381793,-0.018227741999999998,70-H-0_healthy_belt_400rpm,research
3321,0.037694793,0.008022258,70-H-0_healthy_belt_400rpm,research
3322,-0.015430207000000003,0.004897258,70-H-0_healthy_belt_400rpm,research
3323,0.0061317929999999965,0.016616258000000002,70-H-0_healthy_belt_400rpm,research
3324,0.043631792999999995,-0.034321742,70-H-0_healthy_belt_400rpm,research
3325,0.014257792999999998,-0.008227742,70-H-0_healthy_belt_400rpm,research
3326,0.035194792999999995,0.035210258,70-H-0_healthy_belt_400rpm,research
3327,-0.080743207,-0.011508741999999999,70-H-0_healthy_belt_400rpm,research
3328,0.009256792999999996,-0.024321742,70-H-0_healthy_belt_400rpm,research
3329,0.033007792999999994,-0.034165742,70-H-0_healthy_belt_400rpm,research
3330,0.017382792999999994,0.037553258,70-H-0_healthy_belt_400rpm,research
3331,-0.034805207000000005,0.004272258000000001,70-H-0_healthy_belt_400rpm,research
3332,0.028006792999999995,-0.057289742,70-H-0_healthy_belt_400rpm,research
3333,0.007069792999999998,-0.029008742,70-H-0_healthy_belt_400rpm,research
3334,-0.055430207,0.017397258,70-H-0_healthy_belt_400rpm,research
3335,0.034881792999999994,0.027241257999999997,70-H-0_healthy_belt_400rpm,research
3336,0.026757792999999995,0.011303258,70-H-0_healthy_belt_400rpm,research
3337,0.0036327929999999953,0.055366258,70-H-0_healthy_belt_400rpm,research
3338,0.021756792999999996,-0.023383742,70-H-0_healthy_belt_400rpm,research
3339,-0.004805207000000002,0.013335258,70-H-0_healthy_belt_400rpm,research
3340,-0.015117207000000004,0.010053258,70-H-0_healthy_belt_400rpm,research
3341,-0.032305207,-0.019789742,70-H-0_healthy_belt_400rpm,research
3342,-0.046055207,-0.008383742,70-H-0_healthy_belt_400rpm,research
3343,0.005819792999999997,0.007397258,70-H-0_healthy_belt_400rpm,research
3344,-0.015430207000000003,-0.005571741999999999,70-H-0_healthy_belt_400rpm,research
3345,0.012381792999999999,-0.032446742,70-H-0_healthy_belt_400rpm,research
3346,0.023632793,0.055678258,70-H-0_healthy_belt_400rpm,research
3347,-0.011680207000000003,0.006616258,70-H-0_healthy_belt_400rpm,research
3348,-0.0004302070000000019,-0.046196742,70-H-0_healthy_belt_400rpm,research
3349,0.008319792999999995,0.016928258,70-H-0_healthy_belt_400rpm,research
3350,-0.010743207000000003,-0.008227742,70-H-0_healthy_belt_400rpm,research
3351,-0.005743207000000004,0.007710257999999999,70-H-0_healthy_belt_400rpm,research
3352,0.0026947929999999974,-0.009165742000000001,70-H-0_healthy_belt_400rpm,research
3353,-0.014805207000000003,-0.013227742,70-H-0_healthy_belt_400rpm,research
3354,0.047694793,0.013647257999999999,70-H-0_healthy_belt_400rpm,research
3355,0.0039447929999999985,0.010522258,70-H-0_healthy_belt_400rpm,research
3356,-0.033243207000000004,0.036147258,70-H-0_healthy_belt_400rpm,research
3357,0.013944792999999997,0.015210258,70-H-0_healthy_belt_400rpm,research
3358,-0.047617207,-0.028383742,70-H-0_healthy_belt_400rpm,research
3359,-0.037618207,0.020835258,70-H-0_healthy_belt_400rpm,research
3360,-0.007618207000000004,0.013959257999999999,70-H-0_healthy_belt_400rpm,research
3361,0.024882793,0.016772258,70-H-0_healthy_belt_400rpm,research
3362,0.043319792999999995,-0.014790741999999999,70-H-0_healthy_belt_400rpm,research
3363,-0.025117207000000003,0.017085258,70-H-0_healthy_belt_400rpm,research
3364,-0.027305207000000005,0.015678258,70-H-0_healthy_belt_400rpm,research
3365,0.020819792999999996,-0.010258742,70-H-0_healthy_belt_400rpm,research
3366,0.020819792999999996,0.048647258,70-H-0_healthy_belt_400rpm,research
3367,-0.043243207000000006,0.038647258,70-H-0_healthy_belt_400rpm,research
3368,0.005506792999999996,-0.036665742,70-H-0_healthy_belt_400rpm,research
3369,-0.00011720700000000459,-0.024633742,70-H-0_healthy_belt_400rpm,research
3370,-0.034493207,0.017397258,70-H-0_healthy_belt_400rpm,research
3371,-0.030743207,-0.015571742,70-H-0_healthy_belt_400rpm,research
3372,0.033319793,-0.004321742,70-H-0_healthy_belt_400rpm,research
3373,-0.011680207000000003,-0.012133742,70-H-0_healthy_belt_400rpm,research
3374,-0.004805207000000002,-0.0030717419999999997,70-H-0_healthy_belt_400rpm,research
3375,0.036444792999999996,0.022397258,70-H-0_healthy_belt_400rpm,research
3376,-0.020117207,0.020053258,70-H-0_healthy_belt_400rpm,research
3377,0.057694792999999994,-0.017758742,70-H-0_healthy_belt_400rpm,research
3378,-0.013555207000000003,-0.0021337419999999997,70-H-0_healthy_belt_400rpm,research
3379,-0.020743207000000003,0.026147258,70-H-0_healthy_belt_400rpm,research
3380,-0.006680207000000002,-0.030727742,70-H-0_healthy_belt_400rpm,research
3381,0.04675679299999999,0.047709258,70-H-0_healthy_belt_400rpm,research
3382,-0.0038672070000000027,0.031772258,70-H-0_healthy_belt_400rpm,research
3383,-0.015743207000000002,0.009585258000000001,70-H-0_healthy_belt_400rpm,research
3384,-0.010117207000000003,-0.006977742,70-H-0_healthy_belt_400rpm,research
3385,-0.021368207000000004,-0.055102742,70-H-0_healthy_belt_400rpm,research
3386,0.029569792999999997,0.030835257999999997,70-H-0_healthy_belt_400rpm,research
3387,-0.029493207,0.0036472580000000004,70-H-0_healthy_belt_400rpm,research
3388,-0.006680207000000002,-0.036508742,70-H-0_healthy_belt_400rpm,research
3389,-0.026055207000000004,0.011928258,70-H-0_healthy_belt_400rpm,research
3390,0.019256792999999994,-0.016821742,70-H-0_healthy_belt_400rpm,research
3391,0.030507793,0.031616258,70-H-0_healthy_belt_400rpm,research
3392,0.033007792999999994,-0.028852742,70-H-0_healthy_belt_400rpm,research
3393,0.014569792999999998,-0.044790742,70-H-0_healthy_belt_400rpm,research
3394,0.026757792999999995,0.041147258,70-H-0_healthy_belt_400rpm,research
3395,-0.013555207000000003,0.059272258,70-H-0_healthy_belt_400rpm,research
3396,-0.03855520700000001,0.023803258,70-H-0_healthy_belt_400rpm,research
3397,0.029256792999999996,-0.016508742,70-H-0_healthy_belt_400rpm,research
3398,0.04675679299999999,0.011928258,70-H-0_healthy_belt_400rpm,research
3399,0.026757792999999995,0.059116258,70-H-0_healthy_belt_400rpm,research
3400,0.019881792999999995,-0.024946742,70-H-0_healthy_belt_400rpm,research
3401,-0.07355520700000001,-0.014321742,70-H-0_healthy_belt_400rpm,research
3402,0.008944792999999996,-0.026196742,70-H-0_healthy_belt_400rpm,research
3403,0.025194793,-0.024946742,70-H-0_healthy_belt_400rpm,research
3404,-0.020743207000000003,0.012397258000000001,70-H-0_healthy_belt_400rpm,research
3405,0.005819792999999997,0.008803258,70-H-0_healthy_belt_400rpm,research
3406,-0.005430207000000003,-0.027758742,70-H-0_healthy_belt_400rpm,research
3407,0.017694793,-0.057602742,70-H-0_healthy_belt_400rpm,research
3408,-0.037618207,0.027241257999999997,70-H-0_healthy_belt_400rpm,research
3409,-0.035118207,0.0006782580000000002,70-H-0_healthy_belt_400rpm,research
3410,0.007069792999999998,-0.013852742,70-H-0_healthy_belt_400rpm,research
3411,0.058632793,0.010210258,70-H-0_healthy_belt_400rpm,research
3412,-0.030743207,0.059584257999999994,70-H-0_healthy_belt_400rpm,research
3413,-0.031368207,0.0034912580000000006,70-H-0_healthy_belt_400rpm,research
3414,0.010819792999999998,-0.008227742,70-H-0_healthy_belt_400rpm,research
3415,-0.001680207000000003,0.013491257999999999,70-H-0_healthy_belt_400rpm,research
3416,-0.0007422070000000017,0.017085258,70-H-0_healthy_belt_400rpm,research
3417,-0.060118207,-0.009946742,70-H-0_healthy_belt_400rpm,research
3418,0.027694792999999995,-0.016665741999999997,70-H-0_healthy_belt_400rpm,research
3419,0.031132793,0.013178258000000002,70-H-0_healthy_belt_400rpm,research
3420,0.013944792999999997,-0.045883742,70-H-0_healthy_belt_400rpm,research
3421,-0.046368207,0.010210258,70-H-0_healthy_belt_400rpm,research
3422,0.057069792999999994,-0.010571741999999999,70-H-0_healthy_belt_400rpm,research
3423,0.014569792999999998,0.015366258,70-H-0_healthy_belt_400rpm,research
3424,-0.0063682070000000025,-0.0010397419999999997,70-H-0_healthy_belt_400rpm,research
3425,0.004881792999999995,-0.005571741999999999,70-H-0_healthy_belt_400rpm,research
3426,-0.006680207000000002,0.015991258,70-H-0_healthy_belt_400rpm,research
3427,0.018631792999999994,-0.00010274199999999942,70-H-0_healthy_belt_400rpm,research
3428,-0.025117207000000003,-0.011821742,70-H-0_healthy_belt_400rpm,research
3429,-0.040117207,0.040209258,70-H-0_healthy_belt_400rpm,research
3430,-0.052305207000000006,5.325800000000047e-05,70-H-0_healthy_belt_400rpm,research
3431,0.048319793,0.012866257999999998,70-H-0_healthy_belt_400rpm,research
3432,0.009256792999999996,0.044116258,70-H-0_healthy_belt_400rpm,research
3433,-0.021680207000000003,0.0002102580000000005,70-H-0_healthy_belt_400rpm,research
3434,-0.023555207,0.014741258,70-H-0_healthy_belt_400rpm,research
3435,0.0011327929999999965,0.032241258,70-H-0_healthy_belt_400rpm,research
3436,0.048319793,-0.056821742,70-H-0_healthy_belt_400rpm,research
3437,-0.004492207000000003,-0.0029147419999999997,70-H-0_healthy_belt_400rpm,research
3438,-0.031055207,-0.021040742,70-H-0_healthy_belt_400rpm,research
3439,0.010194792999999997,-0.039633742,70-H-0_healthy_belt_400rpm,research
3440,-0.04574320700000001,0.017397258,70-H-0_healthy_belt_400rpm,research
3441,-0.032930207,0.000991258,70-H-0_healthy_belt_400rpm,research
3442,0.043319792999999995,-0.011352741999999999,70-H-0_healthy_belt_400rpm,research
3443,0.04738179299999999,-0.036352742,70-H-0_healthy_belt_400rpm,research
3444,-0.048555207,0.031772258,70-H-0_healthy_belt_400rpm,research
3445,-0.005430207000000003,0.021928258,70-H-0_healthy_belt_400rpm,research
3446,-0.012930207000000003,-0.0002587420000000002,70-H-0_healthy_belt_400rpm,research
3447,0.020506792999999995,-0.011821742,70-H-0_healthy_belt_400rpm,research
3448,-0.004492207000000003,0.014741258,70-H-0_healthy_belt_400rpm,research
3449,-0.006992207000000004,0.0019282580000000004,70-H-0_healthy_belt_400rpm,research
3450,-0.008867207000000004,0.010991258,70-H-0_healthy_belt_400rpm,research
3451,0.008319792999999995,-0.012133742,70-H-0_healthy_belt_400rpm,research
3452,-0.005743207000000004,0.046616258,70-H-0_healthy_belt_400rpm,research
3453,-0.021680207000000003,-0.019477742,70-H-0_healthy_belt_400rpm,research
3454,0.007069792999999998,-0.007602742,70-H-0_healthy_belt_400rpm,research
3455,0.032694793,0.010834258,70-H-0_healthy_belt_400rpm,research
3456,-0.019805207000000002,0.014741258,70-H-0_healthy_belt_400rpm,research
3457,-0.017930207000000004,-0.002289742,70-H-0_healthy_belt_400rpm,research
3458,0.008632792999999996,-0.013540742,70-H-0_healthy_belt_400rpm,research
3459,0.041444792999999994,-0.021196742,70-H-0_healthy_belt_400rpm,research
3460,-0.027618207000000002,0.018334258,70-H-0_healthy_belt_400rpm,research
3461,-0.046680207,0.059741258,70-H-0_healthy_belt_400rpm,research
3462,-0.016055207000000002,0.016772258,70-H-0_healthy_belt_400rpm,research
3463,0.008007792999999996,-0.017758742,70-H-0_healthy_belt_400rpm,research
3464,-0.029493207,-0.014633742,70-H-0_healthy_belt_400rpm,research
3465,-0.019180207000000005,0.09239725800000001,70-H-0_healthy_belt_400rpm,research
3466,0.036756792999999996,-0.044165742,70-H-0_healthy_belt_400rpm,research
3467,-0.023243207000000002,0.051772258,70-H-0_healthy_belt_400rpm,research
3468,-0.014493207000000003,0.042553258000000004,70-H-0_healthy_belt_400rpm,research
3469,0.028319792999999996,-0.029321742,70-H-0_healthy_belt_400rpm,research
3470,0.009256792999999996,0.003022258,70-H-0_healthy_belt_400rpm,research
3471,-0.012305207000000002,0.026616258,70-H-0_healthy_belt_400rpm,research
3472,-0.003555207000000003,0.033803258,70-H-0_healthy_belt_400rpm,research
3473,-0.017618207000000004,-0.035102742,70-H-0_healthy_belt_400rpm,research
3474,-0.022305207000000004,-0.013227742,70-H-0_healthy_belt_400rpm,research
3475,0.004256792999999998,0.004428258000000001,70-H-0_healthy_belt_400rpm,research
3476,-0.013867207000000003,0.004272258000000001,70-H-0_healthy_belt_400rpm,research
3477,0.017694793,0.005209258,70-H-0_healthy_belt_400rpm,research
3478,0.04613279299999999,-0.039477742,70-H-0_healthy_belt_400rpm,research
3479,0.044256792999999996,-0.051039742,70-H-0_healthy_belt_400rpm,research
3480,0.012069792999999995,0.0039602579999999995,70-H-0_healthy_belt_400rpm,research
3481,-0.034493207,-0.001821742,70-H-0_healthy_belt_400rpm,research
3482,-0.017305207000000003,-0.015571742,70-H-0_healthy_belt_400rpm,research
3483,-0.024180207000000002,-0.0013527419999999997,70-H-0_healthy_belt_400rpm,research
3484,0.00019479299999999866,-0.019633742,70-H-0_healthy_belt_400rpm,research
3485,0.014569792999999998,-0.004633742,70-H-0_healthy_belt_400rpm,research
3486,0.000507792999999996,0.014272258,70-H-0_healthy_belt_400rpm,research
3487,-0.005117207000000004,0.028335258000000002,70-H-0_healthy_belt_400rpm,research
3488,-0.029805207000000004,0.026303258,70-H-0_healthy_belt_400rpm,research
3489,-0.021055207000000003,-0.020415742,70-H-0_healthy_belt_400rpm,research
3490,-0.003555207000000003,-0.034946742,70-H-0_healthy_belt_400rpm,research
3491,0.040507793,-0.014321742,70-H-0_healthy_belt_400rpm,research
3492,0.025194793,-0.028071742,70-H-0_healthy_belt_400rpm,research
3493,0.010194792999999997,-0.0051027419999999995,70-H-0_healthy_belt_400rpm,research
3494,0.018007792999999994,0.013491257999999999,70-H-0_healthy_belt_400rpm,research
3495,-0.015117207000000004,0.024585258,70-H-0_healthy_belt_400rpm,research
3496,-0.04511820700000001,-0.08416574199999999,70-H-0_healthy_belt_400rpm,research
3497,-0.020743207000000003,0.0003662580000000004,70-H-0_healthy_belt_400rpm,research
3498,0.015507792999999999,0.016616258000000002,70-H-0_healthy_belt_400rpm,research
3499,0.0061317929999999965,0.022553258,70-H-0_healthy_belt_400rpm,research
3500,-0.035430207000000005,0.049272258,70-H-0_healthy_belt_400rpm,research
3501,0.043944792999999996,-0.040258742,70-H-0_healthy_belt_400rpm,research
3502,0.06238179299999999,-0.022133742,70-H-0_healthy_belt_400rpm,research
3503,0.0039447929999999985,0.0039602579999999995,70-H-0_healthy_belt_400rpm,research
3504,-0.055742207,-0.040727742,70-H-0_healthy_belt_400rpm,research
3505,-0.056055207,-0.024633742,70-H-0_healthy_belt_400rpm,research
3506,0.0014447929999999963,-0.008540742,70-H-0_healthy_belt_400rpm,research
3507,-0.025117207000000003,0.034584258,70-H-0_healthy_belt_400rpm,research
3508,-0.001680207000000003,0.06661625800000001,70-H-0_healthy_belt_400rpm,research
3509,0.005819792999999997,0.037397258,70-H-0_healthy_belt_400rpm,research
3510,-0.005117207000000004,-0.029321742,70-H-0_healthy_belt_400rpm,research
3511,-0.004805207000000002,0.0022412580000000003,70-H-0_healthy_belt_400rpm,research
3512,0.019256792999999994,0.032241258,70-H-0_healthy_belt_400rpm,research
3513,-0.026055207000000004,0.0017722580000000005,70-H-0_healthy_belt_400rpm,research
3514,0.023007793,0.004897258,70-H-0_healthy_belt_400rpm,research
3515,0.015507792999999999,-0.00041474200000000006,70-H-0_healthy_belt_400rpm,research
3516,-0.034493207,0.020678258,70-H-0_healthy_belt_400rpm,research
3517,-0.012618207000000003,-0.048696742,70-H-0_healthy_belt_400rpm,research
3518,0.033319793,-0.024165742,70-H-0_healthy_belt_400rpm,research
3519,-0.00011720700000000459,-0.032446742,70-H-0_healthy_belt_400rpm,research
3520,0.0008197929999999957,0.041616258,70-H-0_healthy_belt_400rpm,research
3521,-0.0023052070000000036,0.007553258,70-H-0_healthy_belt_400rpm,research
3522,-0.020430207000000002,0.019897258,70-H-0_healthy_belt_400rpm,research
3523,0.044569792999999996,-0.0051027419999999995,70-H-0_healthy_belt_400rpm,research
3524,0.019569792999999995,0.006147258000000001,70-H-0_healthy_belt_400rpm,research
3525,-0.036680207000000006,0.017709258,70-H-0_healthy_belt_400rpm,research
3526,-0.0063682070000000025,-0.019321742,70-H-0_healthy_belt_400rpm,research
3527,0.057694792999999994,-0.063071742,70-H-0_healthy_belt_400rpm,research
3528,-0.0026182070000000026,0.027085258,70-H-0_healthy_belt_400rpm,research
3529,-0.033868207000000004,0.008335258,70-H-0_healthy_belt_400rpm,research
3530,-0.009805207000000003,-0.032758742,70-H-0_healthy_belt_400rpm,research
3531,0.044881792999999996,-0.013383742,70-H-0_healthy_belt_400rpm,research
3532,0.020819792999999996,-0.056664742,70-H-0_healthy_belt_400rpm,research
3533,-0.056367207,0.09411625800000001,70-H-0_healthy_belt_400rpm,research
3534,-0.049493207000000004,0.019428258,70-H-0_healthy_belt_400rpm,research
3535,-0.011367207000000004,0.028178257999999998,70-H-0_healthy_belt_400rpm,research
3536,0.043319792999999995,-0.017290741999999998,70-H-0_healthy_belt_400rpm,research
3537,0.059882793000000004,0.004741258,70-H-0_healthy_belt_400rpm,research
3538,-0.058243207000000005,0.083335258,70-H-0_healthy_belt_400rpm,research
3539,0.0023827929999999976,-0.018383742,70-H-0_healthy_belt_400rpm,research
3540,0.057694792999999994,-0.007915742,70-H-0_healthy_belt_400rpm,research
3541,-0.014180207000000004,0.0070842579999999995,70-H-0_healthy_belt_400rpm,research
3542,-0.026368207000000005,-0.008227742,70-H-0_healthy_belt_400rpm,research
3543,0.012069792999999995,0.003022258,70-H-0_healthy_belt_400rpm,research
3544,0.021444792999999997,-0.030415742,70-H-0_healthy_belt_400rpm,research
3545,-0.00011720700000000459,0.016772258,70-H-0_healthy_belt_400rpm,research
3546,0.009256792999999996,-0.036196742,70-H-0_healthy_belt_400rpm,research
3547,-0.019493207000000002,-0.028383742,70-H-0_healthy_belt_400rpm,research
3548,0.018944792999999994,-0.007289742,70-H-0_healthy_belt_400rpm,research
3549,-0.040117207,-0.00010274199999999942,70-H-0_healthy_belt_400rpm,research
3550,-0.056680207,0.027085258,70-H-0_healthy_belt_400rpm,research
3551,0.019569792999999995,0.012553258000000001,70-H-0_healthy_belt_400rpm,research
3552,0.038319793,-0.007915742,70-H-0_healthy_belt_400rpm,research
3553,-0.015430207000000003,0.043647258,70-H-0_healthy_belt_400rpm,research
3554,0.0023827929999999976,0.016147258,70-H-0_healthy_belt_400rpm,research
3555,-0.036367207,-0.022133742,70-H-0_healthy_belt_400rpm,research
3556,0.022694792999999998,5.325800000000047e-05,70-H-0_healthy_belt_400rpm,research
3557,-0.023243207000000002,0.028960258000000003,70-H-0_healthy_belt_400rpm,research
3558,-0.06386720700000001,0.0017722580000000005,70-H-0_healthy_belt_400rpm,research
3559,0.033007792999999994,0.0036472580000000004,70-H-0_healthy_belt_400rpm,research
3560,0.045194793,0.046147258000000003,70-H-0_healthy_belt_400rpm,research
3561,-0.015743207000000002,0.033334258,70-H-0_healthy_belt_400rpm,research
3562,0.031757793,-0.037915742,70-H-0_healthy_belt_400rpm,research
3563,-0.022930207,0.0002102580000000005,70-H-0_healthy_belt_400rpm,research
3564,0.014569792999999998,-0.005883742,70-H-0_healthy_belt_400rpm,research
3565,0.035819792999999996,-0.007289742,70-H-0_healthy_belt_400rpm,research
3566,-0.025117207000000003,0.030366258,70-H-0_healthy_belt_400rpm,research
3567,-0.011367207000000004,0.073178258,70-H-0_healthy_belt_400rpm,research
3568,0.041757792999999994,0.008178258,70-H-0_healthy_belt_400rpm,research
3569,-0.007930207000000003,-0.033852742,70-H-0_healthy_belt_400rpm,research
3570,-0.023243207000000002,-0.042602742,70-H-0_healthy_belt_400rpm,research
3571,0.022382792999999998,0.005053258,70-H-0_healthy_belt_400rpm,research
3572,0.009256792999999996,0.012866257999999998,70-H-0_healthy_belt_400rpm,research
3573,0.013319792999999996,0.032084258,70-H-0_healthy_belt_400rpm,research
3574,0.019881792999999995,-0.004165742,70-H-0_healthy_belt_400rpm,research
3575,0.008632792999999996,-0.012446742,70-H-0_healthy_belt_400rpm,research
3576,-0.034493207,0.035991258,70-H-0_healthy_belt_400rpm,research
3577,0.021444792999999997,-0.004789742,70-H-0_healthy_belt_400rpm,research
3578,-0.018867207000000004,-0.029946742,70-H-0_healthy_belt_400rpm,research
3579,0.014257792999999998,-0.034946742,70-H-0_healthy_belt_400rpm,research
3580,0.009881792999999996,0.019116258,70-H-0_healthy_belt_400rpm,research
3581,-0.027618207000000002,-0.007758742,70-H-0_healthy_belt_400rpm,research
3582,-0.004805207000000002,0.001147258,70-H-0_healthy_belt_400rpm,research
3583,-0.004492207000000003,0.000834258,70-H-0_healthy_belt_400rpm,research
3584,0.024257793,-0.022758742,70-H-0_healthy_belt_400rpm,research
3585,0.018319792999999994,0.013022258000000002,70-H-0_healthy_belt_400rpm,research
3586,-0.012618207000000003,0.008803258,70-H-0_healthy_belt_400rpm,research
3587,0.009256792999999996,-0.004165742,70-H-0_healthy_belt_400rpm,research
3588,0.042069792999999994,0.021460258,70-H-0_healthy_belt_400rpm,research
3589,-0.010430207000000004,-0.010102742,70-H-0_healthy_belt_400rpm,research
3590,-0.018242207000000003,0.016303258,70-H-0_healthy_belt_400rpm,research
3591,0.024257793,0.015991258,70-H-0_healthy_belt_400rpm,research
3592,0.0011327929999999965,-0.010102742,70-H-0_healthy_belt_400rpm,research
3593,0.04925679299999999,-0.053852742,70-H-0_healthy_belt_400rpm,research
3594,-0.0038672070000000027,0.012553258000000001,70-H-0_healthy_belt_400rpm,research
3595,0.011757792999999996,0.010366258,70-H-0_healthy_belt_400rpm,research
3596,-0.030118207,0.0020852580000000004,70-H-0_healthy_belt_400rpm,research
3597,0.008632792999999996,0.0070842579999999995,70-H-0_healthy_belt_400rpm,research
3598,-0.018242207000000003,-0.017914741999999997,70-H-0_healthy_belt_400rpm,research
3599,-0.062305207,-0.007133742,70-H-0_healthy_belt_400rpm,research
3600,-0.016992207000000002,0.008959258,70-H-0_healthy_belt_400rpm,research
3601,0.088007793,-0.076821742,70-H-0_healthy_belt_400rpm,research
3602,-0.030430207,-0.016196742,70-H-0_healthy_belt_400rpm,research
3603,-0.026992207000000004,0.030366258,70-H-0_healthy_belt_400rpm,research
3604,0.057382793,-0.032133742,70-H-0_healthy_belt_400rpm,research
3605,0.018944792999999994,-0.00010274199999999942,70-H-0_healthy_belt_400rpm,research
3606,-0.04699220700000001,0.114428258,70-H-0_healthy_belt_400rpm,research
3607,0.026132792999999994,-0.009633742,70-H-0_healthy_belt_400rpm,research
3608,-0.035743207,-0.044165742,70-H-0_healthy_belt_400rpm,research
3609,-0.019180207000000005,0.053335258,70-H-0_healthy_belt_400rpm,research
3610,0.006444792999999997,-0.020883742,70-H-0_healthy_belt_400rpm,research
3611,0.044881792999999996,0.007553258,70-H-0_healthy_belt_400rpm,research
3612,-0.016055207000000002,0.014116258,70-H-0_healthy_belt_400rpm,research
3613,0.0026947929999999974,-0.040883742,70-H-0_healthy_belt_400rpm,research
3614,0.023007793,-0.043696742,70-H-0_healthy_belt_400rpm,research
3615,-0.0004302070000000019,0.0034912580000000006,70-H-0_healthy_belt_400rpm,research
3616,-0.029180207000000003,0.018178258,70-H-0_healthy_belt_400rpm,research
3617,0.014882792999999998,-0.046977742,70-H-0_healthy_belt_400rpm,research
3618,0.0014447929999999963,0.026616258,70-H-0_healthy_belt_400rpm,research
3619,-0.031680207,-0.008696742,70-H-0_healthy_belt_400rpm,research
3620,0.027694792999999995,0.007397258,70-H-0_healthy_belt_400rpm,research
3621,0.04925679299999999,-0.021977742,70-H-0_healthy_belt_400rpm,research
3622,-0.031368207,0.009116258,70-H-0_healthy_belt_400rpm,research
3623,-0.024180207000000002,0.039741258,70-H-0_healthy_belt_400rpm,research
3624,-0.006992207000000004,0.005678258,70-H-0_healthy_belt_400rpm,research
3625,-0.022618207,-0.033540742,70-H-0_healthy_belt_400rpm,research
3626,-0.017305207000000003,-0.026196742,70-H-0_healthy_belt_400rpm,research
3627,0.0011327929999999965,0.0036472580000000004,70-H-0_healthy_belt_400rpm,research
3628,0.007382792999999999,0.020991258,70-H-0_healthy_belt_400rpm,research
3629,0.015507792999999999,0.0016162579999999998,70-H-0_healthy_belt_400rpm,research
3630,0.013006792999999996,-0.024633742,70-H-0_healthy_belt_400rpm,research
3631,0.044881792999999996,0.009116258,70-H-0_healthy_belt_400rpm,research
3632,-0.029493207,-0.015414742,70-H-0_healthy_belt_400rpm,research
3633,-0.0038672070000000027,0.020210258000000002,70-H-0_healthy_belt_400rpm,research
3634,0.043944792999999996,-0.061977742,70-H-0_healthy_belt_400rpm,research
3635,-0.023243207000000002,0.034584258,70-H-0_healthy_belt_400rpm,research
3636,-0.0013672070000000022,0.0003662580000000004,70-H-0_healthy_belt_400rpm,research
3637,-0.019805207000000002,-0.0011967419999999998,70-H-0_healthy_belt_400rpm,research
3638,0.035194792999999995,0.024897258,70-H-0_healthy_belt_400rpm,research
3639,0.040507793,-0.059008742,70-H-0_healthy_belt_400rpm,research
3640,-0.005430207000000003,0.040834258,70-H-0_healthy_belt_400rpm,research
3641,-0.001680207000000003,-0.018383742,70-H-0_healthy_belt_400rpm,research
3642,-0.016368207000000003,-0.018540742,70-H-0_healthy_belt_400rpm,research
3643,0.039882793,0.010834258,70-H-0_healthy_belt_400rpm,research
3644,0.024257793,-0.023227742,70-H-0_healthy_belt_400rpm,research
3645,-0.026055207000000004,-0.009008742,70-H-0_healthy_belt_400rpm,research
3646,-0.050430207000000005,-0.000727742,70-H-0_healthy_belt_400rpm,research
3647,-0.009805207000000003,-0.014946741999999999,70-H-0_healthy_belt_400rpm,research
3648,-0.050743207000000005,0.0053662580000000005,70-H-0_healthy_belt_400rpm,research
3649,0.0061317929999999965,-0.022446742,70-H-0_healthy_belt_400rpm,research
3650,0.031132793,5.325800000000047e-05,70-H-0_healthy_belt_400rpm,research
3651,0.025194793,0.022241258,70-H-0_healthy_belt_400rpm,research
3652,-0.016368207000000003,0.025991258,70-H-0_healthy_belt_400rpm,research
3653,-0.048242207,0.015210258,70-H-0_healthy_belt_400rpm,research
3654,0.043007792999999996,-0.044790742,70-H-0_healthy_belt_400rpm,research
3655,0.036756792999999996,-0.09775874200000001,70-H-0_healthy_belt_400rpm,research
3656,-0.07949220700000001,0.032553258,70-H-0_healthy_belt_400rpm,research
3657,-0.008242207000000003,0.013959257999999999,70-H-0_healthy_belt_400rpm,research
3658,0.039882793,-0.006665742,70-H-0_healthy_belt_400rpm,research
3659,0.013006792999999996,-0.042914742,70-H-0_healthy_belt_400rpm,research
3660,0.016757793,0.043491258,70-H-0_healthy_belt_400rpm,research
3661,-0.057618207000000005,-0.0013527419999999997,70-H-0_healthy_belt_400rpm,research
3662,0.007382792999999999,-0.017758742,70-H-0_healthy_belt_400rpm,research
3663,0.0039447929999999985,0.004116257999999999,70-H-0_healthy_belt_400rpm,research
3664,0.0014447929999999963,-0.005414742,70-H-0_healthy_belt_400rpm,research
3665,-0.017930207000000004,-0.030258741999999998,70-H-0_healthy_belt_400rpm,research
3666,0.040507793,-0.007758742,70-H-0_healthy_belt_400rpm,research
3667,0.0008197929999999957,-0.034789742,70-H-0_healthy_belt_400rpm,research
3668,0.028006792999999995,0.037085258,70-H-0_healthy_belt_400rpm,research
3669,0.006444792999999997,-0.007446741999999999,70-H-0_healthy_belt_400rpm,research
3670,-0.030430207,0.050053258,70-H-0_healthy_belt_400rpm,research
3671,0.034569792999999994,-0.020102742,70-H-0_healthy_belt_400rpm,research
3672,0.020194792999999996,0.018647258,70-H-0_healthy_belt_400rpm,research
3673,-0.074493207,0.041147258,70-H-0_healthy_belt_400rpm,research
3674,0.045819793,-0.037446742,70-H-0_healthy_belt_400rpm,research
3675,0.036444792999999996,-0.007289742,70-H-0_healthy_belt_400rpm,research
3676,-0.024805207000000003,0.001147258,70-H-0_healthy_belt_400rpm,research
3677,-0.016368207000000003,-0.036040742,70-H-0_healthy_belt_400rpm,research
3678,-0.011055207000000003,-0.045571742,70-H-0_healthy_belt_400rpm,research
3679,-0.028555207000000003,0.050209258,70-H-0_healthy_belt_400rpm,research
3680,-0.018555207000000004,-0.011352741999999999,70-H-0_healthy_belt_400rpm,research
3681,0.0008197929999999957,-0.038227742,70-H-0_healthy_belt_400rpm,research
3682,-0.0013672070000000022,0.007710257999999999,70-H-0_healthy_belt_400rpm,research
3683,0.036444792999999996,0.027866257999999998,70-H-0_healthy_belt_400rpm,research
3684,0.011132792999999998,-0.016352742,70-H-0_healthy_belt_400rpm,research
3685,0.005194792999999996,0.045366258,70-H-0_healthy_belt_400rpm,research
3686,0.003007792999999998,-0.013227742,70-H-0_healthy_belt_400rpm,research
3687,0.036131792999999995,-0.045415742,70-H-0_healthy_belt_400rpm,research
3688,-0.013867207000000003,0.028803257999999998,70-H-0_healthy_belt_400rpm,research
3689,-0.016055207000000002,0.0003662580000000004,70-H-0_healthy_belt_400rpm,research
3690,0.038944793,-0.00010274199999999942,70-H-0_healthy_belt_400rpm,research
3691,0.030507793,0.027866257999999998,70-H-0_healthy_belt_400rpm,research
3692,0.012381792999999999,0.002866258,70-H-0_healthy_belt_400rpm,research
3693,0.00019479299999999866,-0.023383742,70-H-0_healthy_belt_400rpm,research
3694,-0.00011720700000000459,0.0014602579999999999,70-H-0_healthy_belt_400rpm,research
3695,-0.017618207000000004,0.0039602579999999995,70-H-0_healthy_belt_400rpm,research
3696,-0.033555207000000004,5.325800000000047e-05,70-H-0_healthy_belt_400rpm,research
3697,0.0036327929999999953,-0.009946742,70-H-0_healthy_belt_400rpm,research
3698,-0.010430207000000004,-0.004321742,70-H-0_healthy_belt_400rpm,research
3699,0.056757793,0.020678258,70-H-0_healthy_belt_400rpm,research
3700,-0.0023052070000000036,0.026616258,70-H-0_healthy_belt_400rpm,research
3701,-0.061992207,0.004272258000000001,70-H-0_healthy_belt_400rpm,research
3702,-0.005430207000000003,-0.006977742,70-H-0_healthy_belt_400rpm,research
3703,-0.009180207000000003,0.025366258,70-H-0_healthy_belt_400rpm,research
3704,-0.067930207,0.018022258,70-H-0_healthy_belt_400rpm,research
3705,-0.0019932070000000038,-0.028540742,70-H-0_healthy_belt_400rpm,research
3706,0.0036327929999999953,0.041928258,70-H-0_healthy_belt_400rpm,research
3707,-0.023867207,0.0014602579999999999,70-H-0_healthy_belt_400rpm,research
3708,-0.030118207,-0.004946742,70-H-0_healthy_belt_400rpm,research
3709,-0.0038672070000000027,0.037397258,70-H-0_healthy_belt_400rpm,research
3710,0.032069793,-0.028383742,70-H-0_healthy_belt_400rpm,research
3711,-0.003242207000000002,0.030210257999999997,70-H-0_healthy_belt_400rpm,research
3712,-0.024180207000000002,0.010366258,70-H-0_healthy_belt_400rpm,research
3713,-0.017618207000000004,-0.015727742,70-H-0_healthy_belt_400rpm,research
3714,0.022382792999999998,-0.003696742,70-H-0_healthy_belt_400rpm,research
3715,-0.026368207000000005,0.005835257999999999,70-H-0_healthy_belt_400rpm,research
3716,0.006757792999999998,0.005522258,70-H-0_healthy_belt_400rpm,research
3717,0.009256792999999996,-0.022758742,70-H-0_healthy_belt_400rpm,research
3718,-0.045430207,0.0031782579999999998,70-H-0_healthy_belt_400rpm,research
3719,-0.015117207000000004,0.018178258,70-H-0_healthy_belt_400rpm,research
3720,-0.010117207000000003,0.022709258,70-H-0_healthy_belt_400rpm,research
3721,0.005819792999999997,-0.016977742,70-H-0_healthy_belt_400rpm,research
3722,0.035819792999999996,0.019428258,70-H-0_healthy_belt_400rpm,research
3723,-0.029805207000000004,0.020366258,70-H-0_healthy_belt_400rpm,research
3724,0.036131792999999995,-0.028540742,70-H-0_healthy_belt_400rpm,research
3725,0.013944792999999997,-0.010883742,70-H-0_healthy_belt_400rpm,research
3726,-0.043555207,0.025366258,70-H-0_healthy_belt_400rpm,research
3727,-0.020743207000000003,-0.022914742,70-H-0_healthy_belt_400rpm,research
3728,-0.042930207,0.026459258,70-H-0_healthy_belt_400rpm,research
3729,-0.027930207000000006,-0.014008742,70-H-0_healthy_belt_400rpm,research
3730,-0.040742207,0.016616258000000002,70-H-0_healthy_belt_400rpm,research
3731,0.05519479299999999,-0.006821742,70-H-0_healthy_belt_400rpm,research
3732,0.030194792999999998,0.064584258,70-H-0_healthy_belt_400rpm,research
3733,0.005194792999999996,0.008803258,70-H-0_healthy_belt_400rpm,research
3734,-0.022930207,0.013491257999999999,70-H-0_healthy_belt_400rpm,research
3735,0.000507792999999996,0.008491258,70-H-0_healthy_belt_400rpm,research
3736,0.010194792999999997,5.325800000000047e-05,70-H-0_healthy_belt_400rpm,research
3737,-0.022618207,0.0033342580000000005,70-H-0_healthy_belt_400rpm,research
3738,0.039569793,-0.017133742,70-H-0_healthy_belt_400rpm,research
3739,-0.011680207000000003,0.055678258,70-H-0_healthy_belt_400rpm,research
3740,-0.047305207,-0.137133742,70-H-0_healthy_belt_400rpm,research
3741,0.013319792999999996,-0.012289742,70-H-0_healthy_belt_400rpm,research
3742,0.011444792999999998,0.037866258,70-H-0_healthy_belt_400rpm,research
3743,0.005194792999999996,-0.018227741999999998,70-H-0_healthy_belt_400rpm,research
3744,-0.015117207000000004,-0.0002587420000000002,70-H-0_healthy_belt_400rpm,research
3745,0.00019479299999999866,0.004897258,70-H-0_healthy_belt_400rpm,research
3746,-0.020430207000000002,0.0016162579999999998,70-H-0_healthy_belt_400rpm,research
3747,0.011444792999999998,-0.008852742,70-H-0_healthy_belt_400rpm,research
3748,0.008007792999999996,-0.021977742,70-H-0_healthy_belt_400rpm,research
3749,-0.021680207000000003,-0.074633742,70-H-0_healthy_belt_400rpm,research
3750,0.024257793,-0.006977742,70-H-0_healthy_belt_400rpm,research
3751,0.005506792999999996,0.007710257999999999,70-H-0_healthy_belt_400rpm,research
3752,-0.046680207,0.026459258,70-H-0_healthy_belt_400rpm,research
3753,-0.0063682070000000025,0.005835257999999999,70-H-0_healthy_belt_400rpm,research
3754,0.032069793,-0.011040742,70-H-0_healthy_belt_400rpm,research
3755,-0.016055207000000002,0.016303258,70-H-0_healthy_belt_400rpm,research
3756,-0.024493207000000003,0.014428258,70-H-0_healthy_belt_400rpm,research
3757,-0.030118207,0.006928258,70-H-0_healthy_belt_400rpm,research
3758,0.029882792999999998,-0.016352742,70-H-0_healthy_belt_400rpm,research
3759,0.0026947929999999974,-0.002289742,70-H-0_healthy_belt_400rpm,research
3760,-0.032305207,0.031303258,70-H-0_healthy_belt_400rpm,research
3761,-0.005743207000000004,0.009741258000000001,70-H-0_healthy_belt_400rpm,research
3762,0.012381792999999999,0.0013032579999999998,70-H-0_healthy_belt_400rpm,research
3763,0.022694792999999998,-0.034477742,70-H-0_healthy_belt_400rpm,research
3764,-0.012930207000000003,0.027085258,70-H-0_healthy_belt_400rpm,research
3765,0.0061317929999999965,-0.008540742,70-H-0_healthy_belt_400rpm,research
3766,0.032382793,0.0033342580000000005,70-H-0_healthy_belt_400rpm,research
3767,0.004569792999999996,0.030991258,70-H-0_healthy_belt_400rpm,research
3768,-0.039492207,0.013491257999999999,70-H-0_healthy_belt_400rpm,research
3769,0.047694793,-0.048852742,70-H-0_healthy_belt_400rpm,research
3770,0.005194792999999996,0.013959257999999999,70-H-0_healthy_belt_400rpm,research
3771,-0.061055207,-0.019008742000000002,70-H-0_healthy_belt_400rpm,research
3772,0.004256792999999998,0.009272258,70-H-0_healthy_belt_400rpm,research
3773,-0.036055207000000006,-0.033696742,70-H-0_healthy_belt_400rpm,research
3774,0.005194792999999996,-0.027446742,70-H-0_healthy_belt_400rpm,research
3775,0.060819793,-0.012602742,70-H-0_healthy_belt_400rpm,research
3776,0.011444792999999998,-0.031977742,70-H-0_healthy_belt_400rpm,research
3777,-0.067305207,0.038335258,70-H-0_healthy_belt_400rpm,research
3778,0.016132793,-0.032602742000000004,70-H-0_healthy_belt_400rpm,research
3779,0.04675679299999999,-0.0051027419999999995,70-H-0_healthy_belt_400rpm,research
3780,-0.009493207000000004,0.027866257999999998,70-H-0_healthy_belt_400rpm,research
3781,0.019256792999999994,-0.026196742,70-H-0_healthy_belt_400rpm,research
3782,0.021131792999999996,-0.009321742000000001,70-H-0_healthy_belt_400rpm,research
3783,-0.0026182070000000026,0.036928258,70-H-0_healthy_belt_400rpm,research
3784,-0.030118207,0.019428258,70-H-0_healthy_belt_400rpm,research
3785,0.013631792999999996,-0.00041474200000000006,70-H-0_healthy_belt_400rpm,research
3786,0.024257793,-0.027289742,70-H-0_healthy_belt_400rpm,research
3787,0.028319792999999996,0.005209258,70-H-0_healthy_belt_400rpm,research
3788,0.011757792999999996,0.028647258000000002,70-H-0_healthy_belt_400rpm,research
3789,-0.004805207000000002,0.017397258,70-H-0_healthy_belt_400rpm,research
3790,0.018631792999999994,-0.007758742,70-H-0_healthy_belt_400rpm,research
3791,0.018944792999999994,-0.0038527419999999997,70-H-0_healthy_belt_400rpm,research
3792,-0.029180207000000003,0.010053258,70-H-0_healthy_belt_400rpm,research
3793,0.033944792999999994,-0.054633742,70-H-0_healthy_belt_400rpm,research
3794,0.022069792999999997,-0.017602741999999998,70-H-0_healthy_belt_400rpm,research
3795,-0.017930207000000004,0.032553258,70-H-0_healthy_belt_400rpm,research
3796,0.015194792999999998,-0.012915742,70-H-0_healthy_belt_400rpm,research
3797,-0.015117207000000004,0.013803257999999999,70-H-0_healthy_belt_400rpm,research
3798,0.00019479299999999866,-0.018852742,70-H-0_healthy_belt_400rpm,research
3799,0.0023827929999999976,0.030522258000000003,70-H-0_healthy_belt_400rpm,research
3800,-0.011992207000000003,-0.002289742,70-H-0_healthy_belt_400rpm,research
3801,-0.0041802070000000035,-0.010883742,70-H-0_healthy_belt_400rpm,research
3802,0.005506792999999996,-0.000727742,70-H-0_healthy_belt_400rpm,research
3803,0.033944792999999994,-0.020727742,70-H-0_healthy_belt_400rpm,research
3804,0.015507792999999999,0.018647258,70-H-0_healthy_belt_400rpm,research
3805,-0.027618207000000002,0.032241258,70-H-0_healthy_belt_400rpm,research
3806,-0.006680207000000002,-0.053071742,70-H-0_healthy_belt_400rpm,research
3807,0.030194792999999998,0.043178258,70-H-0_healthy_belt_400rpm,research
3808,-0.074493207,0.050678258,70-H-0_healthy_belt_400rpm,research
3809,0.028944792999999996,-0.005571741999999999,70-H-0_healthy_belt_400rpm,research
3810,0.015819793,-0.020571742,70-H-0_healthy_belt_400rpm,research
3811,-0.053867207,0.06958525800000001,70-H-0_healthy_belt_400rpm,research
3812,0.014257792999999998,-0.026977742,70-H-0_healthy_belt_400rpm,research
3813,0.020506792999999995,-0.025571742,70-H-0_healthy_belt_400rpm,research
3814,-0.003555207000000003,0.010522258,70-H-0_healthy_belt_400rpm,research
3815,-0.028242207000000005,-0.018540742,70-H-0_healthy_belt_400rpm,research
3816,-0.100742207,0.041616258,70-H-0_healthy_belt_400rpm,research
3817,-0.022930207,0.035053258,70-H-0_healthy_belt_400rpm,research
3818,0.038944793,-0.013383742,70-H-0_healthy_belt_400rpm,research
3819,0.022382792999999998,-0.004321742,70-H-0_healthy_belt_400rpm,research
3820,-0.007930207000000003,0.052866258,70-H-0_healthy_belt_400rpm,research
3821,-0.020743207000000003,-0.0030717419999999997,70-H-0_healthy_belt_400rpm,research
3822,0.004881792999999995,-0.032446742,70-H-0_healthy_belt_400rpm,research
3823,-0.005430207000000003,0.0034912580000000006,70-H-0_healthy_belt_400rpm,research
3824,-0.031680207,-0.002758742,70-H-0_healthy_belt_400rpm,research
3825,0.025819792999999994,-0.019946742,70-H-0_healthy_belt_400rpm,research
3826,0.022382792999999998,0.010366258,70-H-0_healthy_belt_400rpm,research
3827,-0.008867207000000004,0.006303258000000001,70-H-0_healthy_belt_400rpm,research
3828,-0.003555207000000003,-0.026352742,70-H-0_healthy_belt_400rpm,research
3829,0.024569793,-0.018696742000000002,70-H-0_healthy_belt_400rpm,research
3830,0.0014447929999999963,0.034116258000000003,70-H-0_healthy_belt_400rpm,research
3831,0.012381792999999999,0.009897258,70-H-0_healthy_belt_400rpm,research
3832,0.033632792999999994,-0.005414742,70-H-0_healthy_belt_400rpm,research
3833,-0.010117207000000003,0.012241258000000001,70-H-0_healthy_belt_400rpm,research
3834,-0.035118207,0.038960258,70-H-0_healthy_belt_400rpm,research
3835,-0.011992207000000003,-0.0032277419999999996,70-H-0_healthy_belt_400rpm,research
3836,0.031757793,-0.037915742,70-H-0_healthy_belt_400rpm,research
3837,-0.027618207000000002,0.026616258,70-H-0_healthy_belt_400rpm,research
3838,-0.035430207000000005,-0.034321742,70-H-0_healthy_belt_400rpm,research
3839,0.030507793,-0.041508742,70-H-0_healthy_belt_400rpm,research
3840,-0.033868207000000004,0.015210258,70-H-0_healthy_belt_400rpm,research
3841,0.0014447929999999963,0.012241258000000001,70-H-0_healthy_belt_400rpm,research
3842,0.041444792999999994,-0.024790742,70-H-0_healthy_belt_400rpm,research
3843,0.016132793,0.026459258,70-H-0_healthy_belt_400rpm,research
3844,-0.043555207,0.039897258,70-H-0_healthy_belt_400rpm,research
3845,0.033007792999999994,-0.006508742,70-H-0_healthy_belt_400rpm,research
3846,-0.022305207000000004,-0.024165742,70-H-0_healthy_belt_400rpm,research
3847,0.016757793,0.0034912580000000006,70-H-0_healthy_belt_400rpm,research
3848,0.009256792999999996,0.054585258,70-H-0_healthy_belt_400rpm,research
3849,-0.028242207000000005,-0.012758742,70-H-0_healthy_belt_400rpm,research
3850,-0.06386720700000001,0.016147258,70-H-0_healthy_belt_400rpm,research
3851,0.013319792999999996,-0.023852742,70-H-0_healthy_belt_400rpm,research
3852,0.037381792999999996,0.012553258000000001,70-H-0_healthy_belt_400rpm,research
3853,-0.017305207000000003,0.030210257999999997,70-H-0_healthy_belt_400rpm,research
3854,-0.00011720700000000459,0.000991258,70-H-0_healthy_belt_400rpm,research
3855,0.025507792999999994,0.0006782580000000002,70-H-0_healthy_belt_400rpm,research
3856,-0.040742207,0.017241258,70-H-0_healthy_belt_400rpm,research
3857,0.013006792999999996,-0.009321742000000001,70-H-0_healthy_belt_400rpm,research
3858,0.051131792999999995,0.017553258,70-H-0_healthy_belt_400rpm,research
3859,0.021444792999999997,-0.006508742,70-H-0_healthy_belt_400rpm,research
3860,0.021756792999999996,0.022553258,70-H-0_healthy_belt_400rpm,research
3861,-0.034180207000000004,-0.011508741999999999,70-H-0_healthy_belt_400rpm,research
3862,0.005506792999999996,-0.028383742,70-H-0_healthy_belt_400rpm,research
3863,-0.012305207000000002,0.015678258,70-H-0_healthy_belt_400rpm,research
3864,0.021444792999999997,-0.036352742,70-H-0_healthy_belt_400rpm,research
3865,-0.034180207000000004,0.026303258,70-H-0_healthy_belt_400rpm,research
3866,-0.023243207000000002,0.0002102580000000005,70-H-0_healthy_belt_400rpm,research
3867,0.039569793,0.007866258000000001,70-H-0_healthy_belt_400rpm,research
3868,0.032382793,0.020991258,70-H-0_healthy_belt_400rpm,research
3869,-0.025743207000000004,0.013959257999999999,70-H-0_healthy_belt_400rpm,research
3870,0.016444793,0.036460258,70-H-0_healthy_belt_400rpm,research
3871,0.032382793,0.018959258,70-H-0_healthy_belt_400rpm,research
3872,-0.036055207000000006,-0.094165742,70-H-0_healthy_belt_400rpm,research
3873,-0.054492207,0.004585258,70-H-0_healthy_belt_400rpm,research
3874,0.023944793,-0.063071742,70-H-0_healthy_belt_400rpm,research
3875,0.0036327929999999953,0.023022258,70-H-0_healthy_belt_400rpm,research
3876,-0.021368207000000004,0.018959258,70-H-0_healthy_belt_400rpm,research
3877,-0.034493207,-0.011821742,70-H-0_healthy_belt_400rpm,research
3878,-0.0007422070000000017,0.0003662580000000004,70-H-0_healthy_belt_400rpm,research
3879,0.026132792999999994,-0.022758742,70-H-0_healthy_belt_400rpm,research
3880,-0.020430207000000002,-0.016821742,70-H-0_healthy_belt_400rpm,research
3881,-0.015743207000000002,0.039428258,70-H-0_healthy_belt_400rpm,research
3882,0.011757792999999996,-0.023852742,70-H-0_healthy_belt_400rpm,research
3883,-0.001680207000000003,0.008647258,70-H-0_healthy_belt_400rpm,research
3884,-0.00011720700000000459,0.020210258000000002,70-H-0_healthy_belt_400rpm,research
3885,0.022382792999999998,0.045835258,70-H-0_healthy_belt_400rpm,research
3886,-0.011367207000000004,-0.008696742,70-H-0_healthy_belt_400rpm,research
3887,0.034256792999999994,-0.0005717419999999996,70-H-0_healthy_belt_400rpm,research
3888,-0.007930207000000003,-0.014008742,70-H-0_healthy_belt_400rpm,research
3889,-0.029180207000000003,0.002866258,70-H-0_healthy_belt_400rpm,research
3890,0.024882793,0.011616258,70-H-0_healthy_belt_400rpm,research
3891,0.020194792999999996,-0.011665742,70-H-0_healthy_belt_400rpm,research
3892,-0.057930207000000004,0.013022258000000002,70-H-0_healthy_belt_400rpm,research
3893,-0.0063682070000000025,0.026303258,70-H-0_healthy_belt_400rpm,research
3894,0.018007792999999994,0.017085258,70-H-0_healthy_belt_400rpm,research
3895,0.032382793,-0.058383742,70-H-0_healthy_belt_400rpm,research
3896,0.026132792999999994,0.07208525800000001,70-H-0_healthy_belt_400rpm,research
3897,-0.023867207,-0.0038527419999999997,70-H-0_healthy_belt_400rpm,research
3898,-0.008867207000000004,-0.031196742,70-H-0_healthy_belt_400rpm,research
3899,0.024882793,0.032241258,70-H-0_healthy_belt_400rpm,research
3900,0.032069793,-0.015571742,70-H-0_healthy_belt_400rpm,research
3901,-0.003242207000000002,0.044585258,70-H-0_healthy_belt_400rpm,research
3902,0.032382793,-0.011352741999999999,70-H-0_healthy_belt_400rpm,research
3903,-0.003555207000000003,0.011303258,70-H-0_healthy_belt_400rpm,research
3904,-0.023555207,0.055834258,70-H-0_healthy_belt_400rpm,research
3905,-0.007930207000000003,-0.019477742,70-H-0_healthy_belt_400rpm,research
3906,-0.014180207000000004,-0.036040742,70-H-0_healthy_belt_400rpm,research
3907,0.04863179299999999,-0.000727742,70-H-0_healthy_belt_400rpm,research
3908,0.008319792999999995,0.021147258,70-H-0_healthy_belt_400rpm,research
3909,-0.021992207000000003,0.057084258,70-H-0_healthy_belt_400rpm,research
3910,0.014569792999999998,0.022553258,70-H-0_healthy_belt_400rpm,research
3911,0.051444793,-0.020102742,70-H-0_healthy_belt_400rpm,research
3912,-0.021368207000000004,-0.021665741999999998,70-H-0_healthy_belt_400rpm,research
3913,0.022069792999999997,-0.028540742,70-H-0_healthy_belt_400rpm,research
3914,-0.036055207000000006,-0.017446742,70-H-0_healthy_belt_400rpm,research
3915,-0.013867207000000003,0.008491258,70-H-0_healthy_belt_400rpm,research
3916,0.023632793,0.011147258,70-H-0_healthy_belt_400rpm,research
3917,-0.011055207000000003,-0.006040742,70-H-0_healthy_belt_400rpm,research
3918,0.018631792999999994,-0.024790742,70-H-0_healthy_belt_400rpm,research
3919,0.024882793,-0.013696742,70-H-0_healthy_belt_400rpm,research
3920,-0.037618207,0.0017722580000000005,70-H-0_healthy_belt_400rpm,research
3921,-0.07355520700000001,0.054116258,70-H-0_healthy_belt_400rpm,research
3922,-0.008242207000000003,-0.030571742,70-H-0_healthy_belt_400rpm,research
3923,0.016444793,0.019585258,70-H-0_healthy_belt_400rpm,research
3924,0.043631792999999995,0.017085258,70-H-0_healthy_belt_400rpm,research
3925,-0.008867207000000004,-0.022133742,70-H-0_healthy_belt_400rpm,research
3926,-0.050743207000000005,0.014116258,70-H-0_healthy_belt_400rpm,research
3927,0.045819793,-0.030727742,70-H-0_healthy_belt_400rpm,research
3928,-0.008555207000000002,0.008335258,70-H-0_healthy_belt_400rpm,research
3929,-0.039492207,-0.030883742,70-H-0_healthy_belt_400rpm,research
3930,0.0014447929999999963,0.059116258,70-H-0_healthy_belt_400rpm,research
3931,0.033007792999999994,-0.007758742,70-H-0_healthy_belt_400rpm,research
3932,-0.021368207000000004,0.010522258,70-H-0_healthy_belt_400rpm,research
3933,0.033632792999999994,0.012397258000000001,70-H-0_healthy_belt_400rpm,research
3934,-0.004492207000000003,0.008335258,70-H-0_healthy_belt_400rpm,research
3935,0.015507792999999999,-0.033383742,70-H-0_healthy_belt_400rpm,research
3936,0.043007792999999996,-0.005258742,70-H-0_healthy_belt_400rpm,research
3937,-0.047617207,0.007397258,70-H-0_healthy_belt_400rpm,research
3938,0.034881792999999994,0.010366258,70-H-0_healthy_belt_400rpm,research
3939,0.008944792999999996,-0.011821742,70-H-0_healthy_belt_400rpm,research
3940,0.028631792999999996,0.028803257999999998,70-H-0_healthy_belt_400rpm,research
3941,-0.023243207000000002,0.064584258,70-H-0_healthy_belt_400rpm,research
3942,-0.038243207,0.028178257999999998,70-H-0_healthy_belt_400rpm,research
3943,0.042382792999999995,-0.062758742,70-H-0_healthy_belt_400rpm,research
3944,-0.004492207000000003,0.06942825799999999,70-H-0_healthy_belt_400rpm,research
3945,-0.006055207000000003,-0.007289742,70-H-0_healthy_belt_400rpm,research
3946,0.033007792999999994,0.008647258,70-H-0_healthy_belt_400rpm,research
3947,0.040194793,0.0016162579999999998,70-H-0_healthy_belt_400rpm,research
3948,-0.017618207000000004,0.0002102580000000005,70-H-0_healthy_belt_400rpm,research
3949,0.010194792999999997,-0.044946742,70-H-0_healthy_belt_400rpm,research
3950,0.009256792999999996,-0.019008742000000002,70-H-0_healthy_belt_400rpm,research
3951,0.024882793,-0.030727742,70-H-0_healthy_belt_400rpm,research
3952,0.00019479299999999866,-0.011977742,70-H-0_healthy_belt_400rpm,research
3953,0.031444793,0.028335258000000002,70-H-0_healthy_belt_400rpm,research
3954,-0.006680207000000002,-0.009946742,70-H-0_healthy_belt_400rpm,research
3955,0.017382792999999994,-0.0038527419999999997,70-H-0_healthy_belt_400rpm,research
3956,0.007694792999999998,0.028647258000000002,70-H-0_healthy_belt_400rpm,research
3957,-0.050430207000000005,0.013803257999999999,70-H-0_healthy_belt_400rpm,research
3958,0.021756792999999996,-0.003540742,70-H-0_healthy_belt_400rpm,research
3959,0.022382792999999998,0.010366258,70-H-0_healthy_belt_400rpm,research
3960,-0.014805207000000003,0.001147258,70-H-0_healthy_belt_400rpm,research
3961,-0.003242207000000002,0.021147258,70-H-0_healthy_belt_400rpm,research
3962,0.050194793,0.031616258,70-H-0_healthy_belt_400rpm,research
3963,0.021444792999999997,0.049584258,70-H-0_healthy_belt_400rpm,research
3964,0.013944792999999997,-0.030727742,70-H-0_healthy_belt_400rpm,research
3965,-0.010117207000000003,-0.021040742,70-H-0_healthy_belt_400rpm,research
3966,-0.0063682070000000025,-0.035571742,70-H-0_healthy_belt_400rpm,research
3967,0.028944792999999996,0.012397258000000001,70-H-0_healthy_belt_400rpm,research
3968,-0.024180207000000002,-0.034165742,70-H-0_healthy_belt_400rpm,research
3969,-0.0063682070000000025,-0.032133742,70-H-0_healthy_belt_400rpm,research
3970,-0.027305207000000005,0.058491258,70-H-0_healthy_belt_400rpm,research
3971,0.018944792999999994,-0.013540742,70-H-0_healthy_belt_400rpm,research
3972,-0.004805207000000002,0.018959258,70-H-0_healthy_belt_400rpm,research
3973,-0.009180207000000003,-0.009633742,70-H-0_healthy_belt_400rpm,research
3974,0.027381792999999995,-0.018852742,70-H-0_healthy_belt_400rpm,research
3975,0.013944792999999997,0.050209258,70-H-0_healthy_belt_400rpm,research
3976,-0.021368207000000004,0.06364725800000001,70-H-0_healthy_belt_400rpm,research
3977,0.009256792999999996,0.014428258,70-H-0_healthy_belt_400rpm,research
3978,0.072694793,-0.027133742,70-H-0_healthy_belt_400rpm,research
3979,0.003319792999999998,0.004272258000000001,70-H-0_healthy_belt_400rpm,research
3980,-0.016680207000000002,0.027866257999999998,70-H-0_healthy_belt_400rpm,research
3981,0.001756792999999996,-0.021821741999999998,70-H-0_healthy_belt_400rpm,research
3982,0.017694793,-0.027602742,70-H-0_healthy_belt_400rpm,research
3983,0.057382793,-0.0038527419999999997,70-H-0_healthy_belt_400rpm,research
3984,0.008632792999999996,-0.009008742,70-H-0_healthy_belt_400rpm,research
3985,-0.013242207000000002,0.017085258,70-H-0_healthy_belt_400rpm,research
3986,-0.040117207,0.0033342580000000005,70-H-0_healthy_belt_400rpm,research
3987,0.012069792999999995,-0.050571742,70-H-0_healthy_belt_400rpm,research
3988,0.038944793,-0.008071742,70-H-0_healthy_belt_400rpm,research
3989,0.020506792999999995,0.013491257999999999,70-H-0_healthy_belt_400rpm,research
3990,0.006757792999999998,-0.016039742,70-H-0_healthy_belt_400rpm,research
3991,0.016757793,0.008647258,70-H-0_healthy_belt_400rpm,research
3992,0.0036327929999999953,0.014116258,70-H-0_healthy_belt_400rpm,research
3993,-0.035743207,-0.007133742,70-H-0_healthy_belt_400rpm,research
3994,0.022694792999999998,-0.024946742,70-H-0_healthy_belt_400rpm,research
3995,0.030819792999999998,0.005209258,70-H-0_healthy_belt_400rpm,research
3996,0.017069793,0.036147258,70-H-0_healthy_belt_400rpm,research
3997,-0.003555207000000003,0.010678258,70-H-0_healthy_belt_400rpm,research
3998,0.030819792999999998,-0.032602742000000004,70-H-0_healthy_belt_400rpm,research
3999,0.0039447929999999985,-0.025258742,70-H-0_healthy_belt_400rpm,research
4000,0.005819792999999997,-0.004946742,70-H-0_healthy_belt_400rpm,research
4001,-0.047930207,-0.027914742,70-H-0_healthy_belt_400rpm,research
4002,-0.021680207000000003,-0.0002587420000000002,70-H-0_healthy_belt_400rpm,research
4003,0.051444793,-0.044633742,70-H-0_healthy_belt_400rpm,research
4004,0.011444792999999998,0.060366258,70-H-0_healthy_belt_400rpm,research
4005,0.013006792999999996,-0.048852742,70-H-0_healthy_belt_400rpm,research
4006,0.035819792999999996,-0.023852742,70-H-0_healthy_belt_400rpm,research
4007,0.043944792999999996,-0.001508742,70-H-0_healthy_belt_400rpm,research
4008,-0.056680207,0.050991258,70-H-0_healthy_belt_400rpm,research
4009,-0.012305207000000002,-0.013696742,70-H-0_healthy_belt_400rpm,research
4010,-0.033243207000000004,0.0070842579999999995,70-H-0_healthy_belt_400rpm,research
4011,0.018319792999999994,-0.011508741999999999,70-H-0_healthy_belt_400rpm,research
4012,0.040819793,0.049741258000000003,70-H-0_healthy_belt_400rpm,research
4013,-0.008555207000000002,0.047085258,70-H-0_healthy_belt_400rpm,research
4014,0.018944792999999994,-0.046196742,70-H-0_healthy_belt_400rpm,research
4015,0.039882793,-0.020415742,70-H-0_healthy_belt_400rpm,research
4016,-0.010117207000000003,0.062553258,70-H-0_healthy_belt_400rpm,research
4017,-0.048555207,-0.042602742,70-H-0_healthy_belt_400rpm,research
4018,-0.011992207000000003,0.015678258,70-H-0_healthy_belt_400rpm,research
4019,0.027381792999999995,0.042397258,70-H-0_healthy_belt_400rpm,research
4020,0.022069792999999997,0.018178258,70-H-0_healthy_belt_400rpm,research
4021,-0.007930207000000003,0.017241258,70-H-0_healthy_belt_400rpm,research
4022,0.015194792999999998,-0.016039742,70-H-0_healthy_belt_400rpm,research
4023,0.005819792999999997,-0.033540742,70-H-0_healthy_belt_400rpm,research
4024,0.010819792999999998,0.031928258,70-H-0_healthy_belt_400rpm,research
4025,-0.075430207,0.016460258,70-H-0_healthy_belt_400rpm,research
4026,0.027069792999999995,0.008491258,70-H-0_healthy_belt_400rpm,research
4027,0.026757792999999995,-0.028227742,70-H-0_healthy_belt_400rpm,research
4028,0.012381792999999999,-0.014633742,70-H-0_healthy_belt_400rpm,research
4029,-0.015430207000000003,-0.0002587420000000002,70-H-0_healthy_belt_400rpm,research
4030,0.022069792999999997,-0.021040742,70-H-0_healthy_belt_400rpm,research
4031,0.057382793,-0.013071741999999999,70-H-0_healthy_belt_400rpm,research
4032,-0.044180207,-0.005258742,70-H-0_healthy_belt_400rpm,research
4033,-0.016992207000000002,0.054585258,70-H-0_healthy_belt_400rpm,research
4034,0.020819792999999996,0.0013032579999999998,70-H-0_healthy_belt_400rpm,research
4035,0.000507792999999996,0.0070842579999999995,70-H-0_healthy_belt_400rpm,research
4036,0.0008197929999999957,0.009741258000000001,70-H-0_healthy_belt_400rpm,research
4037,-0.042305207000000004,-0.036040742,70-H-0_healthy_belt_400rpm,research
4038,0.013006792999999996,0.005053258,70-H-0_healthy_belt_400rpm,research
4039,0.011757792999999996,0.042397258,70-H-0_healthy_belt_400rpm,research
4040,0.011757792999999996,0.004272258000000001,70-H-0_healthy_belt_400rpm,research
4041,-0.031680207,0.006928258,70-H-0_healthy_belt_400rpm,research
4042,0.003319792999999998,0.036460258,70-H-0_healthy_belt_400rpm,research
4043,0.010507792999999998,0.0013032579999999998,70-H-0_healthy_belt_400rpm,research
4044,-0.006680207000000002,-0.018696742000000002,70-H-0_healthy_belt_400rpm,research
4045,-0.026055207000000004,0.008491258,70-H-0_healthy_belt_400rpm,research
4046,-0.018867207000000004,0.051616258,70-H-0_healthy_belt_400rpm,research
4047,0.046444793,-0.038383742,70-H-0_healthy_belt_400rpm,research
4048,0.013319792999999996,-0.002758742,70-H-0_healthy_belt_400rpm,research
4049,-0.005743207000000004,0.06911625800000001,70-H-0_healthy_belt_400rpm,research
4050,0.05331979299999999,-0.038227742,70-H-0_healthy_belt_400rpm,research
4051,0.040819793,-0.056977742,70-H-0_healthy_belt_400rpm,research
4052,-0.056367207,0.020366258,70-H-0_healthy_belt_400rpm,research
4053,-0.021680207000000003,-0.003540742,70-H-0_healthy_belt_400rpm,research
4054,0.006757792999999998,-0.044946742,70-H-0_healthy_belt_400rpm,research
4055,0.003319792999999998,-0.018227741999999998,70-H-0_healthy_belt_400rpm,research
4056,0.029256792999999996,-0.012133742,70-H-0_healthy_belt_400rpm,research
4057,0.028006792999999995,0.020835258,70-H-0_healthy_belt_400rpm,research
4058,-0.037618207,0.014584258,70-H-0_healthy_belt_400rpm,research
4059,0.015507792999999999,0.005678258,70-H-0_healthy_belt_400rpm,research
4060,0.05456979299999999,-0.014790741999999999,70-H-0_healthy_belt_400rpm,research
4061,0.002069792999999997,0.045210258,70-H-0_healthy_belt_400rpm,research
4062,-0.024493207000000003,-0.019008742000000002,70-H-0_healthy_belt_400rpm,research
4063,-0.014180207000000004,-0.026352742,70-H-0_healthy_belt_400rpm,research
4064,0.010194792999999997,0.019428258,70-H-0_healthy_belt_400rpm,research
4065,-0.009180207000000003,0.042084258,70-H-0_healthy_belt_400rpm,research
4066,0.024569793,-0.023071742,70-H-0_healthy_belt_400rpm,research
4067,0.009569792999999997,-0.016196742,70-H-0_healthy_belt_400rpm,research
4068,-0.017618207000000004,0.029116258,70-H-0_healthy_belt_400rpm,research
4069,0.015507792999999999,0.029272258000000002,70-H-0_healthy_belt_400rpm,research
4070,0.007069792999999998,-0.018227741999999998,70-H-0_healthy_belt_400rpm,research
4071,0.013006792999999996,0.005835257999999999,70-H-0_healthy_belt_400rpm,research
4072,0.031444793,-0.009477742,70-H-0_healthy_belt_400rpm,research
4073,0.071132793,-0.004477742,70-H-0_healthy_belt_400rpm,research
4074,-0.015430207000000003,-0.001508742,70-H-0_healthy_belt_400rpm,research
4075,0.028944792999999996,-0.030883742,70-H-0_healthy_belt_400rpm,research
4076,0.013006792999999996,-0.046196742,70-H-0_healthy_belt_400rpm,research
4077,0.008632792999999996,-0.06682174199999999,70-H-0_healthy_belt_400rpm,research
4078,-0.040430207,0.030366258,70-H-0_healthy_belt_400rpm,research
4079,0.027069792999999995,-0.030102742,70-H-0_healthy_belt_400rpm,research
4080,-0.010430207000000004,0.063803258,70-H-0_healthy_belt_400rpm,research
4081,-0.001680207000000003,0.046303258,70-H-0_healthy_belt_400rpm,research
4082,-0.021680207000000003,-0.038696742,70-H-0_healthy_belt_400rpm,research
4083,0.045819793,-0.031508742,70-H-0_healthy_belt_400rpm,research
4084,0.004881792999999995,0.017397258,70-H-0_healthy_belt_400rpm,research
4085,-0.061680207,0.0005222580000000003,70-H-0_healthy_belt_400rpm,research
4086,-0.024180207000000002,-0.023383742,70-H-0_healthy_belt_400rpm,research
4087,0.039257793,0.004428258000000001,70-H-0_healthy_belt_400rpm,research
4088,0.006757792999999998,-0.030571742,70-H-0_healthy_belt_400rpm,research
4089,-0.022618207,0.040522258,70-H-0_healthy_belt_400rpm,research
4090,0.023319793,0.011616258,70-H-0_healthy_belt_400rpm,research
4091,-0.011055207000000003,0.0031782579999999998,70-H-0_healthy_belt_400rpm,research
4092,-0.005117207000000004,-0.00010274199999999942,70-H-0_healthy_belt_400rpm,research
4093,-0.0026182070000000026,0.041772258,70-H-0_healthy_belt_400rpm,research
4094,-0.027305207000000005,0.019428258,70-H-0_healthy_belt_400rpm,research
4095,0.037694793,0.004116257999999999,70-H-0_healthy_belt_400rpm,research
4096,0.058632793,-0.009321742000000001,70-H-0_healthy_belt_400rpm,research
4097,-0.034493207,-0.030727742,70-H-0_healthy_belt_400rpm,research
4098,0.011132792999999998,-0.029008742,70-H-0_healthy_belt_400rpm,research
4099,0.04925679299999999,0.0006782580000000002,70-H-0_healthy_belt_400rpm,research
4100,-0.061055207,-0.014790741999999999,70-H-0_healthy_belt_400rpm,research
4101,-0.043867207000000005,0.018334258,70-H-0_healthy_belt_400rpm,research
4102,0.016132793,0.018022258,70-H-0_healthy_belt_400rpm,research
4103,0.029569792999999997,-0.009321742000000001,70-H-0_healthy_belt_400rpm,research
4104,0.028006792999999995,0.037241258,70-H-0_healthy_belt_400rpm,research
4105,0.0008197929999999957,0.016147258,70-H-0_healthy_belt_400rpm,research
4106,-0.032617207,0.005835257999999999,70-H-0_healthy_belt_400rpm,research
4107,-0.010743207000000003,-0.0010397419999999997,70-H-0_healthy_belt_400rpm,research
4108,0.017069793,-0.029633742,70-H-0_healthy_belt_400rpm,research
4109,-0.003555207000000003,0.031616258,70-H-0_healthy_belt_400rpm,research
4110,0.009256792999999996,-0.026821742,70-H-0_healthy_belt_400rpm,research
4111,0.000507792999999996,-0.055883742,70-H-0_healthy_belt_400rpm,research
4112,0.021131792999999996,0.053960258,70-H-0_healthy_belt_400rpm,research
4113,-0.027305207000000005,0.010210258,70-H-0_healthy_belt_400rpm,research
4114,-0.049493207000000004,-0.024477742,70-H-0_healthy_belt_400rpm,research
4115,0.040819793,-0.045571742,70-H-0_healthy_belt_400rpm,research
4116,0.015194792999999998,-0.014790741999999999,70-H-0_healthy_belt_400rpm,research
4117,-0.026368207000000005,0.077397258,70-H-0_healthy_belt_400rpm,research
4118,-0.0041802070000000035,-0.029790742,70-H-0_healthy_belt_400rpm,research
4119,-0.050430207000000005,0.006147258000000001,70-H-0_healthy_belt_400rpm,research
4120,0.039569793,-0.017914741999999997,70-H-0_healthy_belt_400rpm,research
4121,0.038319793,0.023803258,70-H-0_healthy_belt_400rpm,research
4122,-0.048868207000000004,0.017866258,70-H-0_healthy_belt_400rpm,research
4123,-0.040742207,-0.004946742,70-H-0_healthy_belt_400rpm,research
4124,0.04738179299999999,5.325800000000047e-05,70-H-0_healthy_belt_400rpm,research
4125,0.000507792999999996,0.005991257999999999,70-H-0_healthy_belt_400rpm,research
4126,-0.013555207000000003,0.023647258,70-H-0_healthy_belt_400rpm,research
4127,0.022069792999999997,-0.010102742,70-H-0_healthy_belt_400rpm,research
4128,0.014569792999999998,-0.015414742,70-H-0_healthy_belt_400rpm,research
4129,0.008632792999999996,-0.014946741999999999,70-H-0_healthy_belt_400rpm,research
4130,-0.021055207000000003,0.0014602579999999999,70-H-0_healthy_belt_400rpm,research
4131,-0.043867207000000005,-0.0030717419999999997,70-H-0_healthy_belt_400rpm,research
4132,0.045194793,-0.0010397419999999997,70-H-0_healthy_belt_400rpm,research
4133,0.033632792999999994,-0.000727742,70-H-0_healthy_belt_400rpm,research
4134,-0.040742207,0.023022258,70-H-0_healthy_belt_400rpm,research
4135,-0.016368207000000003,0.017553258,70-H-0_healthy_belt_400rpm,research
4136,0.019256792999999994,-0.021821741999999998,70-H-0_healthy_belt_400rpm,research
4137,-0.014493207000000003,0.006459258000000001,70-H-0_healthy_belt_400rpm,research
4138,-0.051055207000000005,0.012085258000000001,70-H-0_healthy_belt_400rpm,research
4139,0.003007792999999998,0.021303258,70-H-0_healthy_belt_400rpm,research
4140,0.042069792999999994,0.026616258,70-H-0_healthy_belt_400rpm,research
4141,0.014569792999999998,0.008335258,70-H-0_healthy_belt_400rpm,research
4142,-0.041993207000000005,-0.008383742,70-H-0_healthy_belt_400rpm,research
4143,0.028006792999999995,-0.006352742,70-H-0_healthy_belt_400rpm,research
4144,0.0008197929999999957,-0.021352742,70-H-0_healthy_belt_400rpm,research
4145,0.0036327929999999953,-0.07666574200000001,70-H-0_healthy_belt_400rpm,research
4146,-0.026055207000000004,0.048178258,70-H-0_healthy_belt_400rpm,research
4147,-0.016992207000000002,-0.002289742,70-H-0_healthy_belt_400rpm,research
4148,0.010507792999999998,0.025210258,70-H-0_healthy_belt_400rpm,research
4149,0.037069793,0.014741258,70-H-0_healthy_belt_400rpm,research
4150,-0.015743207000000002,0.000834258,70-H-0_healthy_belt_400rpm,research
4151,-0.018867207000000004,-0.023852742,70-H-0_healthy_belt_400rpm,research
4152,0.029256792999999996,0.001147258,70-H-0_healthy_belt_400rpm,research
4153,0.002069792999999997,0.044428258,70-H-0_healthy_belt_400rpm,research
4154,-0.041055207,-0.011508741999999999,70-H-0_healthy_belt_400rpm,research
4155,0.066444793,-0.0002587420000000002,70-H-0_healthy_belt_400rpm,research
4156,0.033319793,0.018803258,70-H-0_healthy_belt_400rpm,research
4157,-0.025117207000000003,0.007866258000000001,70-H-0_healthy_belt_400rpm,research
4158,0.013319792999999996,-0.0002587420000000002,70-H-0_healthy_belt_400rpm,research
4159,-0.014180207000000004,-0.024790742,70-H-0_healthy_belt_400rpm,research
4160,-0.004805207000000002,-0.063227742,70-H-0_healthy_belt_400rpm,research
4161,0.069882793,0.035678258,70-H-0_healthy_belt_400rpm,research
4162,-0.0038672070000000027,0.0016162579999999998,70-H-0_healthy_belt_400rpm,research
4163,-0.020430207000000002,0.007397258,70-H-0_healthy_belt_400rpm,research
4164,-0.026992207000000004,0.032084258,70-H-0_healthy_belt_400rpm,research
4165,-0.006680207000000002,-0.021040742,70-H-0_healthy_belt_400rpm,research
4166,-0.003555207000000003,-0.0032277419999999996,70-H-0_healthy_belt_400rpm,research
4167,0.016757793,0.019585258,70-H-0_healthy_belt_400rpm,research
4168,0.05394479299999999,-0.014008742,70-H-0_healthy_belt_400rpm,research
4169,0.013006792999999996,-0.0051027419999999995,70-H-0_healthy_belt_400rpm,research
4170,0.057694792999999994,0.015366258,70-H-0_healthy_belt_400rpm,research
4171,0.025819792999999994,-0.021508742,70-H-0_healthy_belt_400rpm,research
4172,0.008007792999999996,0.043022258,70-H-0_healthy_belt_400rpm,research
4173,0.023632793,-0.028852742,70-H-0_healthy_belt_400rpm,research
4174,-0.009180207000000003,-0.020258742,70-H-0_healthy_belt_400rpm,research
4175,-0.010117207000000003,0.025366258,70-H-0_healthy_belt_400rpm,research
4176,-0.018555207000000004,-0.014633742,70-H-0_healthy_belt_400rpm,research
4177,0.035819792999999996,-0.034789742,70-H-0_healthy_belt_400rpm,research
4178,-0.0038672070000000027,0.007553258,70-H-0_healthy_belt_400rpm,research
4179,-0.040117207,-0.009165742000000001,70-H-0_healthy_belt_400rpm,research
4180,-0.047930207,0.0038032580000000003,70-H-0_healthy_belt_400rpm,research
4181,0.029569792999999997,0.025834258,70-H-0_healthy_belt_400rpm,research
4182,0.058007793,-0.060727742,70-H-0_healthy_belt_400rpm,research
4183,-0.031992207,-0.017446742,70-H-0_healthy_belt_400rpm,research
4184,0.015507792999999999,0.010991258,70-H-0_healthy_belt_400rpm,research
4185,0.06300779299999999,0.024585258,70-H-0_healthy_belt_400rpm,research
4186,-0.041993207000000005,-0.059477742,70-H-0_healthy_belt_400rpm,research
4187,-0.059805207000000006,0.019741258,70-H-0_healthy_belt_400rpm,research
4188,-0.020430207000000002,-0.003540742,70-H-0_healthy_belt_400rpm,research
4189,-0.0013672070000000022,0.008647258,70-H-0_healthy_belt_400rpm,research
4190,-0.010430207000000004,0.045678258,70-H-0_healthy_belt_400rpm,research
4191,0.0008197929999999957,-0.032446742,70-H-0_healthy_belt_400rpm,research
4192,-0.009805207000000003,0.011147258,70-H-0_healthy_belt_400rpm,research
4193,-0.022618207,0.013335258,70-H-0_healthy_belt_400rpm,research
4194,0.023007793,-0.002446742,70-H-0_healthy_belt_400rpm,research
4195,0.008632792999999996,-0.028383742,70-H-0_healthy_belt_400rpm,research
4196,-0.028242207000000005,-0.052915742,70-H-0_healthy_belt_400rpm,research
4197,-0.029493207,0.010991258,70-H-0_healthy_belt_400rpm,research
4198,0.023007793,0.018959258,70-H-0_healthy_belt_400rpm,research
4199,-0.013242207000000002,0.025366258,70-H-0_healthy_belt_400rpm,research
4200,-0.039492207,0.025834258,70-H-0_healthy_belt_400rpm,research
4201,0.008944792999999996,0.008335258,70-H-0_healthy_belt_400rpm,research
4202,0.025507792999999994,0.0053662580000000005,70-H-0_healthy_belt_400rpm,research
4203,-0.021992207000000003,-0.0002587420000000002,70-H-0_healthy_belt_400rpm,research
4204,-0.027618207000000002,-0.021352742,70-H-0_healthy_belt_400rpm,research
4205,0.035194792999999995,-0.047290742,70-H-0_healthy_belt_400rpm,research
4206,0.026444792999999994,0.009428258,70-H-0_healthy_belt_400rpm,research
4207,0.002069792999999997,-0.0021337419999999997,70-H-0_healthy_belt_400rpm,research
4208,-0.031680207,-0.019789742,70-H-0_healthy_belt_400rpm,research
4209,-0.016368207000000003,-0.031196742,70-H-0_healthy_belt_400rpm,research
4210,-0.006992207000000004,-0.002289742,70-H-0_healthy_belt_400rpm,research
4211,-0.003242207000000002,-0.029008742,70-H-0_healthy_belt_400rpm,research
4212,0.012069792999999995,0.085835258,70-H-0_healthy_belt_400rpm,research
4213,0.04738179299999999,-0.071664742,70-H-0_healthy_belt_400rpm,research
4214,-0.040430207,0.009116258,70-H-0_healthy_belt_400rpm,research
4215,-0.045430207,0.047553258,70-H-0_healthy_belt_400rpm,research
4216,-0.026055207000000004,0.029116258,70-H-0_healthy_belt_400rpm,research
4217,0.038007793,-0.015414742,70-H-0_healthy_belt_400rpm,research
4218,0.060819793,-0.005258742,70-H-0_healthy_belt_400rpm,research
4219,-0.005743207000000004,0.027085258,70-H-0_healthy_belt_400rpm,research
4220,-0.010430207000000004,0.039116258,70-H-0_healthy_belt_400rpm,research
4221,0.037694793,-0.028540742,70-H-0_healthy_belt_400rpm,research
4222,0.024882793,-0.046821742,70-H-0_healthy_belt_400rpm,research
4223,-0.0004302070000000019,0.017709258,70-H-0_healthy_belt_400rpm,research
4224,-0.012930207000000003,-0.013696742,70-H-0_healthy_belt_400rpm,research
4225,-0.007618207000000004,-0.005571741999999999,70-H-0_healthy_belt_400rpm,research
4226,-0.021368207000000004,-0.014008742,70-H-0_healthy_belt_400rpm,research
4227,0.022382792999999998,-0.030571742,70-H-0_healthy_belt_400rpm,research
4228,-0.022930207,0.054741258,70-H-0_healthy_belt_400rpm,research
4229,-0.006992207000000004,0.026147258,70-H-0_healthy_belt_400rpm,research
4230,-0.0007422070000000017,-0.007758742,70-H-0_healthy_belt_400rpm,research
4231,0.021756792999999996,0.023491258,70-H-0_healthy_belt_400rpm,research
4232,-0.044492207000000006,0.004428258000000001,70-H-0_healthy_belt_400rpm,research
4233,0.0036327929999999953,-0.026977742,70-H-0_healthy_belt_400rpm,research
4234,0.021444792999999997,0.002866258,70-H-0_healthy_belt_400rpm,research
4235,0.009256792999999996,0.041616258,70-H-0_healthy_belt_400rpm,research
4236,-0.0004302070000000019,0.045678258,70-H-0_healthy_belt_400rpm,research
4237,-0.0029302070000000024,-0.002602742,70-H-0_healthy_belt_400rpm,research
4238,0.040194793,-0.016977742,70-H-0_healthy_belt_400rpm,research
4239,-0.009180207000000003,0.034428258,70-H-0_healthy_belt_400rpm,research
4240,-0.023243207000000002,0.023960258,70-H-0_healthy_belt_400rpm,research
4241,-0.030118207,0.011147258,70-H-0_healthy_belt_400rpm,research
4242,0.022382792999999998,-0.08916474199999999,70-H-0_healthy_belt_400rpm,research
4243,-0.011992207000000003,0.009585258000000001,70-H-0_healthy_belt_400rpm,research
4244,-0.035430207000000005,0.040678258,70-H-0_healthy_belt_400rpm,research
4245,-0.006992207000000004,-0.039477742,70-H-0_healthy_belt_400rpm,research
4246,0.074257793,-0.020258742,70-H-0_healthy_belt_400rpm,research
4247,0.023944793,0.0014602579999999999,70-H-0_healthy_belt_400rpm,research
4248,0.014257792999999998,-0.068852742,70-H-0_healthy_belt_400rpm,research
4249,-0.021680207000000003,0.013803257999999999,70-H-0_healthy_belt_400rpm,research
4250,0.047069793,-0.111352742,70-H-0_healthy_belt_400rpm,research
4251,0.04800679299999999,0.048491258,70-H-0_healthy_belt_400rpm,research
4252,0.016132793,-0.017133742,70-H-0_healthy_belt_400rpm,research
4253,0.009569792999999997,0.008647258,70-H-0_healthy_belt_400rpm,research
4254,-0.012618207000000003,-0.020571742,70-H-0_healthy_belt_400rpm,research
4255,0.039257793,-0.046977742,70-H-0_healthy_belt_400rpm,research
4256,-0.008867207000000004,-0.005258742,70-H-0_healthy_belt_400rpm,research
4257,-0.036993207,0.039741258,70-H-0_healthy_belt_400rpm,research
4258,0.028944792999999996,0.050209258,70-H-0_healthy_belt_400rpm,research
4259,0.018631792999999994,0.012866257999999998,70-H-0_healthy_belt_400rpm,research
4260,-0.046368207,0.032241258,70-H-0_healthy_belt_400rpm,research
4261,-0.0019932070000000038,0.026147258,70-H-0_healthy_belt_400rpm,research
4262,0.007694792999999998,-0.008383742,70-H-0_healthy_belt_400rpm,research
4263,0.017382792999999994,-0.0002587420000000002,70-H-0_healthy_belt_400rpm,research
4264,-0.018242207000000003,0.010053258,70-H-0_healthy_belt_400rpm,research
4265,-0.0007422070000000017,0.057866258,70-H-0_healthy_belt_400rpm,research
4266,0.054257793,-0.011040742,70-H-0_healthy_belt_400rpm,research
4267,0.034256792999999994,-0.016508742,70-H-0_healthy_belt_400rpm,research
4268,-0.0038672070000000027,0.008022258,70-H-0_healthy_belt_400rpm,research
4269,-0.0007422070000000017,0.018803258,70-H-0_healthy_belt_400rpm,research
4270,0.020194792999999996,0.009428258,70-H-0_healthy_belt_400rpm,research
4271,0.009569792999999997,-0.004633742,70-H-0_healthy_belt_400rpm,research
4272,-0.020430207000000002,0.0039602579999999995,70-H-0_healthy_belt_400rpm,research
4273,0.003007792999999998,0.015991258,70-H-0_healthy_belt_400rpm,research
4274,0.049881792999999994,-0.039165741999999996,70-H-0_healthy_belt_400rpm,research
4275,0.011444792999999998,0.017709258,70-H-0_healthy_belt_400rpm,research
4276,-0.043555207,-0.031508742,70-H-0_healthy_belt_400rpm,research
4277,-0.062305207,0.015522258,70-H-0_healthy_belt_400rpm,research
4278,0.033007792999999994,-0.023539742,70-H-0_healthy_belt_400rpm,research
4279,0.06238179299999999,-0.037758742,70-H-0_healthy_belt_400rpm,research
4280,0.022069792999999997,0.047709258,70-H-0_healthy_belt_400rpm,research
4281,-0.035118207,0.011616258,70-H-0_healthy_belt_400rpm,research
4282,-0.048555207,-0.056508742,70-H-0_healthy_belt_400rpm,research
4283,0.016132793,-0.021508742,70-H-0_healthy_belt_400rpm,research
4284,0.011757792999999996,0.005522258,70-H-0_healthy_belt_400rpm,research
4285,-0.051368207000000006,0.035678258,70-H-0_healthy_belt_400rpm,research
4286,-0.025743207000000004,-0.024321742,70-H-0_healthy_belt_400rpm,research
4287,0.010819792999999998,-0.004477742,70-H-0_healthy_belt_400rpm,research
4288,-0.041680207000000004,0.010366258,70-H-0_healthy_belt_400rpm,research
4289,0.077069793,-0.034321742,70-H-0_healthy_belt_400rpm,research
4290,-0.024805207000000003,-0.0029147419999999997,70-H-0_healthy_belt_400rpm,research
4291,-0.014180207000000004,0.008022258,70-H-0_healthy_belt_400rpm,research
4292,-0.007305207000000003,-0.011821742,70-H-0_healthy_belt_400rpm,research
4293,-0.011992207000000003,-0.011821742,70-H-0_healthy_belt_400rpm,research
4294,0.014882792999999998,-0.046665742,70-H-0_healthy_belt_400rpm,research
4295,0.023007793,-0.010883742,70-H-0_healthy_belt_400rpm,research
4296,-0.030118207,0.002553258,70-H-0_healthy_belt_400rpm,research
4297,0.018631792999999994,0.009585258000000001,70-H-0_healthy_belt_400rpm,research
4298,-0.006680207000000002,-0.022914742,70-H-0_healthy_belt_400rpm,research
4299,-0.006992207000000004,0.008959258,70-H-0_healthy_belt_400rpm,research
4300,0.066756793,0.008647258,70-H-0_healthy_belt_400rpm,research
4301,0.012381792999999999,-0.006665742,70-H-0_healthy_belt_400rpm,research
4302,-0.042618207000000005,0.017866258,70-H-0_healthy_belt_400rpm,research
4303,0.053006792999999996,0.027710258,70-H-0_healthy_belt_400rpm,research
4304,0.013319792999999996,0.020991258,70-H-0_healthy_belt_400rpm,research
4305,-0.0063682070000000025,-0.016039742,70-H-0_healthy_belt_400rpm,research
4306,-0.026992207000000004,-0.0032277419999999996,70-H-0_healthy_belt_400rpm,research
4307,-0.012930207000000003,0.034897258,70-H-0_healthy_belt_400rpm,research
4308,0.035819792999999996,-0.005414742,70-H-0_healthy_belt_400rpm,research
4309,-0.035743207,0.020678258,70-H-0_healthy_belt_400rpm,research
4310,-0.057305207000000004,0.008803258,70-H-0_healthy_belt_400rpm,research
4311,-0.013242207000000002,-0.017446742,70-H-0_healthy_belt_400rpm,research
4312,0.017382792999999994,0.031616258,70-H-0_healthy_belt_400rpm,research
4313,0.0011327929999999965,0.021147258,70-H-0_healthy_belt_400rpm,research
4314,0.0008197929999999957,0.002397258,70-H-0_healthy_belt_400rpm,research
4315,-0.043555207,0.015835258,70-H-0_healthy_belt_400rpm,research
4316,0.045194793,-0.048696742,70-H-0_healthy_belt_400rpm,research
4317,0.039569793,0.010834258,70-H-0_healthy_belt_400rpm,research
4318,-0.038243207,-0.026821742,70-H-0_healthy_belt_400rpm,research
4319,0.05644479299999999,-0.022133742,70-H-0_healthy_belt_400rpm,research
4320,-0.009493207000000004,0.010053258,70-H-0_healthy_belt_400rpm,research
4321,-0.011992207000000003,-0.020571742,70-H-0_healthy_belt_400rpm,research
4322,-0.024493207000000003,0.023335258,70-H-0_healthy_belt_400rpm,research
4323,0.008944792999999996,0.028960258000000003,70-H-0_healthy_belt_400rpm,research
4324,0.07800779299999999,-0.025102742,70-H-0_healthy_belt_400rpm,research
4325,-0.059493207000000006,-0.041352742,70-H-0_healthy_belt_400rpm,research
4326,-0.012930207000000003,-0.012602742,70-H-0_healthy_belt_400rpm,research
4327,-0.008867207000000004,-0.050102742,70-H-0_healthy_belt_400rpm,research
4328,0.032382793,-0.029321742,70-H-0_healthy_belt_400rpm,research
4329,0.062069793,0.001147258,70-H-0_healthy_belt_400rpm,research
4330,-0.007305207000000003,-0.041821742,70-H-0_healthy_belt_400rpm,research
4331,-0.019180207000000005,-0.015414742,70-H-0_healthy_belt_400rpm,research
4332,0.023007793,-0.004321742,70-H-0_healthy_belt_400rpm,research
4333,-0.03793020700000001,0.014272258,70-H-0_healthy_belt_400rpm,research
4334,0.012381792999999999,-0.019321742,70-H-0_healthy_belt_400rpm,research
4335,0.049881792999999994,-0.002758742,70-H-0_healthy_belt_400rpm,research
4336,-0.011992207000000003,0.009116258,70-H-0_healthy_belt_400rpm,research
4337,-0.04574320700000001,0.004116257999999999,70-H-0_healthy_belt_400rpm,research
4338,-0.020743207000000003,0.013959257999999999,70-H-0_healthy_belt_400rpm,research
4339,0.019569792999999995,-0.020415742,70-H-0_healthy_belt_400rpm,research
4340,0.012069792999999995,-0.030415742,70-H-0_healthy_belt_400rpm,research
4341,-0.010430207000000004,0.015053258,70-H-0_healthy_belt_400rpm,research
4342,-0.014493207000000003,-0.0013527419999999997,70-H-0_healthy_belt_400rpm,research
4343,0.015819793,-0.024633742,70-H-0_healthy_belt_400rpm,research
4344,0.04738179299999999,-0.017446742,70-H-0_healthy_belt_400rpm,research
4345,0.026757792999999995,0.009585258000000001,70-H-0_healthy_belt_400rpm,research
4346,-0.024805207000000003,0.031772258,70-H-0_healthy_belt_400rpm,research
4347,-0.012305207000000002,-0.013852742,70-H-0_healthy_belt_400rpm,research
4348,0.022382792999999998,0.004741258,70-H-0_healthy_belt_400rpm,research
4349,-0.021680207000000003,0.020210258000000002,70-H-0_healthy_belt_400rpm,research
4350,-0.007305207000000003,-0.018071742000000002,70-H-0_healthy_belt_400rpm,research
4351,-0.016368207000000003,-0.006665742,70-H-0_healthy_belt_400rpm,research
4352,-0.010430207000000004,-0.030883742,70-H-0_healthy_belt_400rpm,research
4353,0.004569792999999996,-0.010258742,70-H-0_healthy_belt_400rpm,research
4354,-0.03855520700000001,-0.043383742,70-H-0_healthy_belt_400rpm,research
4355,-0.0026182070000000026,-0.031821742,70-H-0_healthy_belt_400rpm,research
4356,0.059882793000000004,0.034741258,70-H-0_healthy_belt_400rpm,research
4357,0.026757792999999995,-0.053071742,70-H-0_healthy_belt_400rpm,research
4358,-0.051680207000000006,0.062553258,70-H-0_healthy_belt_400rpm,research
4359,0.027069792999999995,-0.031508742,70-H-0_healthy_belt_400rpm,research
4360,0.080819793,-0.013383742,70-H-0_healthy_belt_400rpm,research
4361,-0.012930207000000003,0.060209257999999995,70-H-0_healthy_belt_400rpm,research
4362,0.013631792999999996,-0.034789742,70-H-0_healthy_belt_400rpm,research
4363,-0.015743207000000002,0.023491258,70-H-0_healthy_belt_400rpm,research
4364,-0.033243207000000004,0.014897258,70-H-0_healthy_belt_400rpm,research
4365,0.008632792999999996,-0.044946742,70-H-0_healthy_belt_400rpm,research
4366,-0.0010552070000000024,-0.015414742,70-H-0_healthy_belt_400rpm,research
4367,0.011132792999999998,-0.022446742,70-H-0_healthy_belt_400rpm,research
4368,0.041757792999999994,0.010053258,70-H-0_healthy_belt_400rpm,research
4369,-0.026680207000000004,-0.020883742,70-H-0_healthy_belt_400rpm,research
4370,-0.072618207,-0.015883742,70-H-0_healthy_belt_400rpm,research
4371,-0.033243207000000004,-0.0038527419999999997,70-H-0_healthy_belt_400rpm,research
4372,0.032694793,-0.0010397419999999997,70-H-0_healthy_belt_400rpm,research
4373,-0.008867207000000004,0.013022258000000002,70-H-0_healthy_belt_400rpm,research
4374,-0.013555207000000003,0.038647258,70-H-0_healthy_belt_400rpm,research
4375,0.019256792999999994,-0.0032277419999999996,70-H-0_healthy_belt_400rpm,research
4376,0.007069792999999998,-0.019789742,70-H-0_healthy_belt_400rpm,research
4377,0.0008197929999999957,-0.036508742,70-H-0_healthy_belt_400rpm,research
4378,0.004881792999999995,0.005991257999999999,70-H-0_healthy_belt_400rpm,research
4379,0.038944793,-0.024321742,70-H-0_healthy_belt_400rpm,research
4380,0.028944792999999996,-0.001508742,70-H-0_healthy_belt_400rpm,research
4381,-0.016992207000000002,0.018803258,70-H-0_healthy_belt_400rpm,research
4382,-0.041055207,0.009272258,70-H-0_healthy_belt_400rpm,research
4383,0.008944792999999996,0.017085258,70-H-0_healthy_belt_400rpm,research
4384,0.008007792999999996,-0.058539742,70-H-0_healthy_belt_400rpm,research
4385,-0.04511820700000001,0.021772258,70-H-0_healthy_belt_400rpm,research
4386,0.012694792999999996,-0.010883742,70-H-0_healthy_belt_400rpm,research
4387,-0.036367207,0.045522258,70-H-0_healthy_belt_400rpm,research
4388,-0.0029302070000000024,-0.009165742000000001,70-H-0_healthy_belt_400rpm,research
4389,0.026132792999999994,0.0020852580000000004,70-H-0_healthy_belt_400rpm,research
4390,-0.020117207,0.025991258,70-H-0_healthy_belt_400rpm,research
4391,-0.034180207000000004,0.033491258,70-H-0_healthy_belt_400rpm,research
4392,0.019569792999999995,0.040366258,70-H-0_healthy_belt_400rpm,research
4393,-0.0013672070000000022,-0.049164742,70-H-0_healthy_belt_400rpm,research
4394,-0.020743207000000003,0.024428258,70-H-0_healthy_belt_400rpm,research
4395,0.023319793,0.012866257999999998,70-H-0_healthy_belt_400rpm,research
4396,0.021131792999999996,-0.024008742,70-H-0_healthy_belt_400rpm,research
4397,0.005506792999999996,0.027553257999999997,70-H-0_healthy_belt_400rpm,research
4398,-0.032305207,-0.032446742,70-H-0_healthy_belt_400rpm,research
4399,-0.023867207,-0.026508742,70-H-0_healthy_belt_400rpm,research
4400,-0.017305207000000003,0.025834258,70-H-0_healthy_belt_400rpm,research
4401,0.016132793,-0.019477742,70-H-0_healthy_belt_400rpm,research
4402,-0.028867207000000002,-0.017446742,70-H-0_healthy_belt_400rpm,research
4403,-0.011367207000000004,0.021616258,70-H-0_healthy_belt_400rpm,research
4404,-0.020117207,0.010210258,70-H-0_healthy_belt_400rpm,research
4405,-0.0029302070000000024,-0.006352742,70-H-0_healthy_belt_400rpm,research
4406,-0.003242207000000002,0.050835258,70-H-0_healthy_belt_400rpm,research
4407,0.017382792999999994,-0.019008742000000002,70-H-0_healthy_belt_400rpm,research
4408,-0.029180207000000003,0.0070842579999999995,70-H-0_healthy_belt_400rpm,research
4409,-0.022930207,0.030522258000000003,70-H-0_healthy_belt_400rpm,research
4410,0.005194792999999996,-0.005883742,70-H-0_healthy_belt_400rpm,research
4411,0.018007792999999994,0.023178258,70-H-0_healthy_belt_400rpm,research
4412,0.009256792999999996,-0.006508742,70-H-0_healthy_belt_400rpm,research
4413,0.005506792999999996,-0.022602742,70-H-0_healthy_belt_400rpm,research
4414,-0.025430207000000003,0.033334258,70-H-0_healthy_belt_400rpm,research
4415,0.008319792999999995,0.038491258,70-H-0_healthy_belt_400rpm,research
4416,0.020194792999999996,-0.043852742,70-H-0_healthy_belt_400rpm,research
4417,0.057382793,0.031616258,70-H-0_healthy_belt_400rpm,research
4418,-0.033868207000000004,0.010678258,70-H-0_healthy_belt_400rpm,research
4419,-0.027618207000000002,0.009741258000000001,70-H-0_healthy_belt_400rpm,research
4420,-0.020743207000000003,-0.028071742,70-H-0_healthy_belt_400rpm,research
4421,0.0023827929999999976,0.034272258,70-H-0_healthy_belt_400rpm,research
4422,-0.030743207,0.054741258,70-H-0_healthy_belt_400rpm,research
4423,0.013631792999999996,0.022553258,70-H-0_healthy_belt_400rpm,research
4424,0.042694792999999995,0.049741258000000003,70-H-0_healthy_belt_400rpm,research
4425,0.021444792999999997,0.012866257999999998,70-H-0_healthy_belt_400rpm,research
4426,-0.005743207000000004,0.033959258,70-H-0_healthy_belt_400rpm,research
4427,-0.021055207000000003,-0.009633742,70-H-0_healthy_belt_400rpm,research
4428,0.024882793,-0.029790742,70-H-0_healthy_belt_400rpm,research
4429,-0.001680207000000003,-0.00041474200000000006,70-H-0_healthy_belt_400rpm,research
4430,-0.0007422070000000017,-0.00010274199999999942,70-H-0_healthy_belt_400rpm,research
4431,-0.031680207,0.019272258,70-H-0_healthy_belt_400rpm,research
4432,-0.015117207000000004,-0.005414742,70-H-0_healthy_belt_400rpm,research
4433,0.007382792999999999,-0.005258742,70-H-0_healthy_belt_400rpm,research
4434,-0.007930207000000003,0.0036472580000000004,70-H-0_healthy_belt_400rpm,research
4435,-0.015430207000000003,-0.0030717419999999997,70-H-0_healthy_belt_400rpm,research
4436,0.045194793,0.008022258,70-H-0_healthy_belt_400rpm,research
4437,0.064569793,0.014897258,70-H-0_healthy_belt_400rpm,research
4438,-0.0026182070000000026,0.002866258,70-H-0_healthy_belt_400rpm,research
4439,-0.036367207,-0.0019777419999999998,70-H-0_healthy_belt_400rpm,research
4440,0.021444792999999997,-0.008540742,70-H-0_healthy_belt_400rpm,research
4441,0.015819793,0.026928258000000004,70-H-0_healthy_belt_400rpm,research
4442,-0.024493207000000003,0.024428258,70-H-0_healthy_belt_400rpm,research
4443,0.011757792999999996,-0.048696742,70-H-0_healthy_belt_400rpm,research
4444,-0.011992207000000003,-0.004477742,70-H-0_healthy_belt_400rpm,research
4445,-0.0007422070000000017,-0.005571741999999999,70-H-0_healthy_belt_400rpm,research
4446,0.007382792999999999,0.033178258,70-H-0_healthy_belt_400rpm,research
4447,-0.050743207000000005,-0.022602742,70-H-0_healthy_belt_400rpm,research
4448,-0.014180207000000004,0.0020852580000000004,70-H-0_healthy_belt_400rpm,research
4449,0.012381792999999999,-0.021040742,70-H-0_healthy_belt_400rpm,research
4450,0.023319793,-0.031821742,70-H-0_healthy_belt_400rpm,research
4451,0.015819793,0.044116258,70-H-0_healthy_belt_400rpm,research
4452,-0.013867207000000003,0.010053258,70-H-0_healthy_belt_400rpm,research
4453,0.023319793,-0.031196742,70-H-0_healthy_belt_400rpm,research
4454,-0.047305207,0.06442825799999999,70-H-0_healthy_belt_400rpm,research
4455,-0.059805207000000006,-0.026508742,70-H-0_healthy_belt_400rpm,research
4456,-0.019493207000000002,-0.007602742,70-H-0_healthy_belt_400rpm,research
4457,0.060819793,-0.061665742,70-H-0_healthy_belt_400rpm,research
4458,0.016132793,0.017241258,70-H-0_healthy_belt_400rpm,research
4459,-0.055430207,0.070522258,70-H-0_healthy_belt_400rpm,research
4460,0.030194792999999998,-0.012289742,70-H-0_healthy_belt_400rpm,research
4461,-0.018867207000000004,0.0039602579999999995,70-H-0_healthy_belt_400rpm,research
4462,0.003007792999999998,-0.015258742,70-H-0_healthy_belt_400rpm,research
4463,-0.0023052070000000036,-0.015883742,70-H-0_healthy_belt_400rpm,research
4464,-0.031992207,0.037397258,70-H-0_healthy_belt_400rpm,research
4465,-0.009805207000000003,0.021147258,70-H-0_healthy_belt_400rpm,research
4466,0.07019479299999999,0.0016162579999999998,70-H-0_healthy_belt_400rpm,research
4467,-0.005430207000000003,0.002710258,70-H-0_healthy_belt_400rpm,research
4468,-0.00011720700000000459,0.026772258,70-H-0_healthy_belt_400rpm,research
4469,0.033007792999999994,-0.017133742,70-H-0_healthy_belt_400rpm,research
4470,0.003319792999999998,-0.0021337419999999997,70-H-0_healthy_belt_400rpm,research
4471,-0.0004302070000000019,0.014897258,70-H-0_healthy_belt_400rpm,research
4472,0.009569792999999997,-0.019165742,70-H-0_healthy_belt_400rpm,research
4473,0.018007792999999994,-0.051352742,70-H-0_healthy_belt_400rpm,research
4474,-0.012305207000000002,0.021616258,70-H-0_healthy_belt_400rpm,research
4475,-0.029805207000000004,0.026772258,70-H-0_healthy_belt_400rpm,research
4476,-0.034180207000000004,0.007241258,70-H-0_healthy_belt_400rpm,research
4477,0.035506792999999995,-0.015883742,70-H-0_healthy_belt_400rpm,research
4478,0.015194792999999998,-0.034321742,70-H-0_healthy_belt_400rpm,research
4479,-0.023243207000000002,0.009428258,70-H-0_healthy_belt_400rpm,research
4480,-0.04699220700000001,0.023803258,70-H-0_healthy_belt_400rpm,research
4481,-0.005117207000000004,0.0002102580000000005,70-H-0_healthy_belt_400rpm,research
4482,0.037381792999999996,-0.004008742,70-H-0_healthy_belt_400rpm,research
4483,0.026757792999999995,0.046460258,70-H-0_healthy_belt_400rpm,research
4484,-0.021680207000000003,-0.004789742,70-H-0_healthy_belt_400rpm,research
4485,0.023007793,-0.034789742,70-H-0_healthy_belt_400rpm,research
4486,-0.006055207000000003,-0.0021337419999999997,70-H-0_healthy_belt_400rpm,research
4487,-0.006992207000000004,0.021772258,70-H-0_healthy_belt_400rpm,research
4488,-0.025743207000000004,0.010210258,70-H-0_healthy_belt_400rpm,research
4489,-0.016992207000000002,0.013491257999999999,70-H-0_healthy_belt_400rpm,research
4490,0.036756792999999996,-0.028852742,70-H-0_healthy_belt_400rpm,research
4491,0.010194792999999997,0.06739725799999999,70-H-0_healthy_belt_400rpm,research
4492,-0.031055207,0.015522258,70-H-0_healthy_belt_400rpm,research
4493,-0.027305207000000005,0.008178258,70-H-0_healthy_belt_400rpm,research
4494,0.106444793,0.017397258,70-H-0_healthy_belt_400rpm,research
4495,-0.006992207000000004,0.040678258,70-H-0_healthy_belt_400rpm,research
4496,-0.010430207000000004,-0.014008742,70-H-0_healthy_belt_400rpm,research
4497,0.004256792999999998,0.025210258,70-H-0_healthy_belt_400rpm,research
4498,0.0039447929999999985,-0.013696742,70-H-0_healthy_belt_400rpm,research
4499,-0.036993207,0.0014602579999999999,70-H-0_healthy_belt_400rpm,research
4500,0.017069793,0.007241258,70-H-0_healthy_belt_400rpm,research
4501,0.032382793,5.325800000000047e-05,70-H-0_healthy_belt_400rpm,research
4502,0.013319792999999996,-0.026664741999999998,70-H-0_healthy_belt_400rpm,research
4503,0.023944793,-0.004633742,70-H-0_healthy_belt_400rpm,research
4504,-0.049493207000000004,0.041459258,70-H-0_healthy_belt_400rpm,research
4505,0.008319792999999995,0.014272258,70-H-0_healthy_belt_400rpm,research
4506,0.023944793,-0.023852742,70-H-0_healthy_belt_400rpm,research
4507,0.016132793,0.007866258000000001,70-H-0_healthy_belt_400rpm,research
4508,0.013319792999999996,-0.00041474200000000006,70-H-0_healthy_belt_400rpm,research
4509,0.011444792999999998,0.029741258,70-H-0_healthy_belt_400rpm,research
4510,0.028319792999999996,-0.007289742,70-H-0_healthy_belt_400rpm,research
4511,-0.006992207000000004,0.004272258000000001,70-H-0_healthy_belt_400rpm,research
4512,0.0036327929999999953,0.040834258,70-H-0_healthy_belt_400rpm,research
4513,0.004881792999999995,-0.027914742,70-H-0_healthy_belt_400rpm,research
4514,0.006757792999999998,-0.0032277419999999996,70-H-0_healthy_belt_400rpm,research
4515,-0.027305207000000005,-0.028227742,70-H-0_healthy_belt_400rpm,research
4516,-0.027618207000000002,0.020522258,70-H-0_healthy_belt_400rpm,research
4517,-0.017618207000000004,0.034897258,70-H-0_healthy_belt_400rpm,research
4518,0.007069792999999998,-0.011977742,70-H-0_healthy_belt_400rpm,research
4519,0.009256792999999996,5.325800000000047e-05,70-H-0_healthy_belt_400rpm,research
4520,-0.008555207000000002,-0.007133742,70-H-0_healthy_belt_400rpm,research
4521,-0.018867207000000004,0.015053258,70-H-0_healthy_belt_400rpm,research
4522,-0.031680207,-0.026508742,70-H-0_healthy_belt_400rpm,research
4523,0.030819792999999998,-0.056196742,70-H-0_healthy_belt_400rpm,research
4524,0.005819792999999997,-0.016352742,70-H-0_healthy_belt_400rpm,research
4525,-0.052930207,-0.027758742,70-H-0_healthy_belt_400rpm,research
4526,0.020506792999999995,0.002866258,70-H-0_healthy_belt_400rpm,research
4527,-0.012618207000000003,0.035835258,70-H-0_healthy_belt_400rpm,research
4528,0.018319792999999994,-0.017133742,70-H-0_healthy_belt_400rpm,research
4529,-0.036367207,0.018178258,70-H-0_healthy_belt_400rpm,research
4530,-0.009493207000000004,-0.010883742,70-H-0_healthy_belt_400rpm,research
4531,-0.00011720700000000459,0.007553258,70-H-0_healthy_belt_400rpm,research
4532,-0.020743207000000003,0.041616258,70-H-0_healthy_belt_400rpm,research
4533,0.012381792999999999,-0.041664742,70-H-0_healthy_belt_400rpm,research
4534,-0.030743207,0.015678258,70-H-0_healthy_belt_400rpm,research
4535,0.008944792999999996,0.007866258000000001,70-H-0_healthy_belt_400rpm,research
4536,0.044881792999999996,-0.002758742,70-H-0_healthy_belt_400rpm,research
4537,0.012381792999999999,-0.048696742,70-H-0_healthy_belt_400rpm,research
4538,-0.013867207000000003,-0.044477742,70-H-0_healthy_belt_400rpm,research
4539,-0.020430207000000002,-0.018696742000000002,70-H-0_healthy_belt_400rpm,research
4540,0.035506792999999995,-0.005571741999999999,70-H-0_healthy_belt_400rpm,research
4541,-0.047930207,0.036460258,70-H-0_healthy_belt_400rpm,research
4542,-0.024180207000000002,-0.014008742,70-H-0_healthy_belt_400rpm,research
4543,0.030507793,-0.010102742,70-H-0_healthy_belt_400rpm,research
4544,-0.00011720700000000459,0.015053258,70-H-0_healthy_belt_400rpm,research
4545,-0.057930207000000004,-0.025415741999999998,70-H-0_healthy_belt_400rpm,research
4546,-0.007930207000000003,0.006147258000000001,70-H-0_healthy_belt_400rpm,research
4547,0.059569792999999996,0.022241258,70-H-0_healthy_belt_400rpm,research
4548,0.008007792999999996,-0.029321742,70-H-0_healthy_belt_400rpm,research
4549,-0.003555207000000003,-0.0032277419999999996,70-H-0_healthy_belt_400rpm,research
4550,-0.040117207,-0.011977742,70-H-0_healthy_belt_400rpm,research
4551,0.0039447929999999985,-0.006196742,70-H-0_healthy_belt_400rpm,research
4552,0.035194792999999995,-0.009008742,70-H-0_healthy_belt_400rpm,research
4553,0.009256792999999996,0.006616258,70-H-0_healthy_belt_400rpm,research
4554,0.015507792999999999,0.007553258,70-H-0_healthy_belt_400rpm,research
4555,-0.014180207000000004,-0.07900874199999999,70-H-0_healthy_belt_400rpm,research
4556,0.0061317929999999965,0.037085258,70-H-0_healthy_belt_400rpm,research
4557,-0.04511820700000001,0.104272258,70-H-0_healthy_belt_400rpm,research
4558,-0.032305207,-0.015571742,70-H-0_healthy_belt_400rpm,research
4559,0.081131793,-0.024790742,70-H-0_healthy_belt_400rpm,research
4560,0.004569792999999996,0.012085258000000001,70-H-0_healthy_belt_400rpm,research
4561,-0.034805207000000005,0.016147258,70-H-0_healthy_belt_400rpm,research
4562,-0.050118207000000005,-0.000727742,70-H-0_healthy_belt_400rpm,research
4563,0.058007793,-0.009008742,70-H-0_healthy_belt_400rpm,research
4564,-0.021680207000000003,-0.024633742,70-H-0_healthy_belt_400rpm,research
4565,-0.003555207000000003,0.052241258,70-H-0_healthy_belt_400rpm,research
4566,-0.026368207000000005,-0.004008742,70-H-0_healthy_belt_400rpm,research
4567,0.002069792999999997,-0.039633742,70-H-0_healthy_belt_400rpm,research
4568,0.034569792999999994,-0.0038527419999999997,70-H-0_healthy_belt_400rpm,research
4569,0.032069793,-0.048071742,70-H-0_healthy_belt_400rpm,research
4570,-0.019805207000000002,0.009741258000000001,70-H-0_healthy_belt_400rpm,research
4571,-0.014180207000000004,0.015678258,70-H-0_healthy_belt_400rpm,research
4572,0.035506792999999995,0.025522258,70-H-0_healthy_belt_400rpm,research
4573,-0.014493207000000003,0.010522258,70-H-0_healthy_belt_400rpm,research
4574,-0.018867207000000004,-0.018540742,70-H-0_healthy_belt_400rpm,research
4575,0.006444792999999997,-0.002758742,70-H-0_healthy_belt_400rpm,research
4576,-0.033243207000000004,0.022084258,70-H-0_healthy_belt_400rpm,research
4577,-0.040742207,0.022553258,70-H-0_healthy_belt_400rpm,research
4578,-0.039492207,0.025366258,70-H-0_healthy_belt_400rpm,research
4579,0.023944793,0.018491258,70-H-0_healthy_belt_400rpm,research
4580,0.049881792999999994,-0.006508742,70-H-0_healthy_belt_400rpm,research
4581,0.0061317929999999965,0.073960258,70-H-0_healthy_belt_400rpm,research
4582,0.006444792999999997,0.0053662580000000005,70-H-0_healthy_belt_400rpm,research
4583,-0.0026182070000000026,0.024272258,70-H-0_healthy_belt_400rpm,research
4584,0.045194793,-0.09510274199999999,70-H-0_healthy_belt_400rpm,research
4585,-0.009805207000000003,0.031303258,70-H-0_healthy_belt_400rpm,research
4586,-0.030118207,-0.0010397419999999997,70-H-0_healthy_belt_400rpm,research
4587,0.005506792999999996,-0.021821741999999998,70-H-0_healthy_belt_400rpm,research
4588,0.029882792999999998,0.026928258000000004,70-H-0_healthy_belt_400rpm,research
4589,0.004881792999999995,0.023178258,70-H-0_healthy_belt_400rpm,research
4590,-0.045430207,-0.088227742,70-H-0_healthy_belt_400rpm,research
4591,-0.039180207,0.027241257999999997,70-H-0_healthy_belt_400rpm,research
4592,0.014882792999999998,-0.029165742,70-H-0_healthy_belt_400rpm,research
4593,0.05456979299999999,0.008335258,70-H-0_healthy_belt_400rpm,research
4594,-0.026368207000000005,0.084428258,70-H-0_healthy_belt_400rpm,research
4595,0.021756792999999996,-0.034946742,70-H-0_healthy_belt_400rpm,research
4596,0.059882793000000004,-0.072602742,70-H-0_healthy_belt_400rpm,research
4597,0.030507793,-0.015883742,70-H-0_healthy_belt_400rpm,research
4598,0.004256792999999998,-0.011352741999999999,70-H-0_healthy_belt_400rpm,research
4599,-0.050118207000000005,0.020210258000000002,70-H-0_healthy_belt_400rpm,research
4600,0.032382793,-0.044946742,70-H-0_healthy_belt_400rpm,research
4601,0.031444793,0.028960258000000003,70-H-0_healthy_belt_400rpm,research
4602,0.016132793,0.046616258,70-H-0_healthy_belt_400rpm,research
4603,0.013319792999999996,-0.010571741999999999,70-H-0_healthy_belt_400rpm,research
4604,0.011757792999999996,-0.051196741999999996,70-H-0_healthy_belt_400rpm,research
4605,-0.035430207000000005,-0.003540742,70-H-0_healthy_belt_400rpm,research
4606,-0.029493207,-0.001508742,70-H-0_healthy_belt_400rpm,research
4607,-0.052618207,0.010834258,70-H-0_healthy_belt_400rpm,research
4608,0.018319792999999994,-0.013227742,70-H-0_healthy_belt_400rpm,research
4609,0.0026947929999999974,-0.030102742,70-H-0_healthy_belt_400rpm,research
4610,-0.029180207000000003,0.024741258,70-H-0_healthy_belt_400rpm,research
4611,0.002069792999999997,-0.0008837419999999999,70-H-0_healthy_belt_400rpm,research
4612,0.009569792999999997,-0.008383742,70-H-0_healthy_belt_400rpm,research
4613,0.037069793,-0.007758742,70-H-0_healthy_belt_400rpm,research
4614,-0.046368207,0.012710257999999999,70-H-0_healthy_belt_400rpm,research
4615,-0.026680207000000004,0.022397258,70-H-0_healthy_belt_400rpm,research
4616,-0.0063682070000000025,-0.001508742,70-H-0_healthy_belt_400rpm,research
4617,0.011444792999999998,0.047709258,70-H-0_healthy_belt_400rpm,research
4618,-0.043867207000000005,-0.024633742,70-H-0_healthy_belt_400rpm,research
4619,-0.016680207000000002,-0.005258742,70-H-0_healthy_belt_400rpm,research
4620,0.024882793,0.0013032579999999998,70-H-0_healthy_belt_400rpm,research
4621,0.016132793,-0.0021337419999999997,70-H-0_healthy_belt_400rpm,research
4622,-0.032305207,0.065834258,70-H-0_healthy_belt_400rpm,research
4623,0.020819792999999996,-0.022446742,70-H-0_healthy_belt_400rpm,research
4624,0.016444793,-0.056508742,70-H-0_healthy_belt_400rpm,research
4625,0.035506792999999995,-0.016352742,70-H-0_healthy_belt_400rpm,research
4626,-0.042618207000000005,0.025053258000000002,70-H-0_healthy_belt_400rpm,research
4627,-0.07105520700000001,-0.007289742,70-H-0_healthy_belt_400rpm,research
4628,-0.016680207000000002,-0.031196742,70-H-0_healthy_belt_400rpm,research
4629,0.012694792999999996,-0.039477742,70-H-0_healthy_belt_400rpm,research
4630,0.0061317929999999965,0.038960258,70-H-0_healthy_belt_400rpm,research
4631,0.023007793,-0.018227741999999998,70-H-0_healthy_belt_400rpm,research
4632,-0.019493207000000002,-0.003383742,70-H-0_healthy_belt_400rpm,research
4633,-0.020117207,0.032866258,70-H-0_healthy_belt_400rpm,research
4634,0.036131792999999995,-0.015102742,70-H-0_healthy_belt_400rpm,research
4635,0.018319792999999994,-0.012915742,70-H-0_healthy_belt_400rpm,research
4636,0.024882793,0.011928258,70-H-0_healthy_belt_400rpm,research
4637,0.018319792999999994,0.0020852580000000004,70-H-0_healthy_belt_400rpm,research
4638,-0.018867207000000004,-0.028540742,70-H-0_healthy_belt_400rpm,research
4639,-0.0063682070000000025,0.014584258,70-H-0_healthy_belt_400rpm,research
4640,0.030194792999999998,-0.043071742,70-H-0_healthy_belt_400rpm,research
4641,-0.011680207000000003,5.325800000000047e-05,70-H-0_healthy_belt_400rpm,research
4642,-0.005117207000000004,-0.002602742,70-H-0_healthy_belt_400rpm,research
4643,-0.040430207,0.0017722580000000005,70-H-0_healthy_belt_400rpm,research
4644,-0.00011720700000000459,-0.034633741999999995,70-H-0_healthy_belt_400rpm,research
4645,0.012381792999999999,0.006772258,70-H-0_healthy_belt_400rpm,research
4646,0.0014447929999999963,-0.018852742,70-H-0_healthy_belt_400rpm,research
4647,0.009569792999999997,-0.012602742,70-H-0_healthy_belt_400rpm,research
4648,0.0026947929999999974,0.021616258,70-H-0_healthy_belt_400rpm,research
4649,-0.012930207000000003,-0.010415741999999999,70-H-0_healthy_belt_400rpm,research
4650,-0.032305207,-0.018540742,70-H-0_healthy_belt_400rpm,research
4651,0.0036327929999999953,-0.017290741999999998,70-H-0_healthy_belt_400rpm,research
4652,-0.028555207000000003,-0.032290742,70-H-0_healthy_belt_400rpm,research
4653,0.052069793,0.0070842579999999995,70-H-0_healthy_belt_400rpm,research
4654,0.008007792999999996,-0.002289742,70-H-0_healthy_belt_400rpm,research
4655,-0.055117207,-0.018696742000000002,70-H-0_healthy_belt_400rpm,research
4656,-0.016368207000000003,-0.008071742,70-H-0_healthy_belt_400rpm,research
4657,-0.023243207000000002,-0.028071742,70-H-0_healthy_belt_400rpm,research
4658,0.005819792999999997,-0.007915742,70-H-0_healthy_belt_400rpm,research
4659,-0.034180207000000004,0.028022258,70-H-0_healthy_belt_400rpm,research
4660,-0.044180207,0.033959258,70-H-0_healthy_belt_400rpm,research
4661,0.028631792999999996,-0.016977742,70-H-0_healthy_belt_400rpm,research
4662,-0.054805207,0.047709258,70-H-0_healthy_belt_400rpm,research
4663,-0.059805207000000006,0.020522258,70-H-0_healthy_belt_400rpm,research
4664,0.05519479299999999,-0.017133742,70-H-0_healthy_belt_400rpm,research
4665,0.011757792999999996,0.015522258,70-H-0_healthy_belt_400rpm,research
4666,-0.053867207,0.036460258,70-H-0_healthy_belt_400rpm,research
4667,-0.024805207000000003,-0.019008742000000002,70-H-0_healthy_belt_400rpm,research
4668,0.008944792999999996,-0.021665741999999998,70-H-0_healthy_belt_400rpm,research
4669,0.043944792999999996,5.325800000000047e-05,70-H-0_healthy_belt_400rpm,research
4670,-0.012618207000000003,-0.055258742,70-H-0_healthy_belt_400rpm,research
4671,-0.001680207000000003,-0.023852742,70-H-0_healthy_belt_400rpm,research
4672,-0.039805207,-0.008071742,70-H-0_healthy_belt_400rpm,research
4673,0.006444792999999997,-0.017602741999999998,70-H-0_healthy_belt_400rpm,research
4674,0.003007792999999998,0.004428258000000001,70-H-0_healthy_belt_400rpm,research
4675,-0.035743207,0.018022258,70-H-0_healthy_belt_400rpm,research
4676,0.042382792999999995,0.002397258,70-H-0_healthy_belt_400rpm,research
4677,-0.004805207000000002,-0.002758742,70-H-0_healthy_belt_400rpm,research
4678,-0.059493207000000006,0.020678258,70-H-0_healthy_belt_400rpm,research
4679,-0.016368207000000003,-0.010415741999999999,70-H-0_healthy_belt_400rpm,research
4680,0.041757792999999994,-0.0013527419999999997,70-H-0_healthy_belt_400rpm,research
4681,-0.0019932070000000038,0.023491258,70-H-0_healthy_belt_400rpm,research
4682,0.0026947929999999974,-0.010571741999999999,70-H-0_healthy_belt_400rpm,research
4683,-0.024493207000000003,-0.007446741999999999,70-H-0_healthy_belt_400rpm,research
4684,0.030507793,-0.037915742,70-H-0_healthy_belt_400rpm,research
4685,-0.004805207000000002,0.019272258,70-H-0_healthy_belt_400rpm,research
4686,-0.039805207,-0.040571742,70-H-0_healthy_belt_400rpm,research
4687,-0.037618207,-0.051039742,70-H-0_healthy_belt_400rpm,research
4688,0.005194792999999996,-0.002602742,70-H-0_healthy_belt_400rpm,research
4689,-0.010743207000000003,-0.025415741999999998,70-H-0_healthy_belt_400rpm,research
4690,-0.0007422070000000017,0.025678258,70-H-0_healthy_belt_400rpm,research
4691,-0.0013672070000000022,0.034584258,70-H-0_healthy_belt_400rpm,research
4692,0.030194792999999998,-0.026352742,70-H-0_healthy_belt_400rpm,research
4693,0.063319793,0.014897258,70-H-0_healthy_belt_400rpm,research
4694,-0.053867207,0.023803258,70-H-0_healthy_belt_400rpm,research
4695,-0.029493207,0.015210258,70-H-0_healthy_belt_400rpm,research
4696,0.07081979299999999,-0.035883742,70-H-0_healthy_belt_400rpm,research
4697,0.000507792999999996,-0.029477742,70-H-0_healthy_belt_400rpm,research
4698,-0.008555207000000002,0.025991258,70-H-0_healthy_belt_400rpm,research
4699,0.009569792999999997,-0.040883742,70-H-0_healthy_belt_400rpm,research
4700,-0.039492207,-0.042914742,70-H-0_healthy_belt_400rpm,research
4701,0.030194792999999998,-0.025102742,70-H-0_healthy_belt_400rpm,research
4702,0.005194792999999996,-0.035102742,70-H-0_healthy_belt_400rpm,research
4703,-0.0026182070000000026,-0.0029147419999999997,70-H-0_healthy_belt_400rpm,research
4704,-0.043555207,0.014428258,70-H-0_healthy_belt_400rpm,research
4705,0.011444792999999998,-0.002758742,70-H-0_healthy_belt_400rpm,research
4706,-0.009493207000000004,-0.031039742,70-H-0_healthy_belt_400rpm,research
4707,0.029256792999999996,-0.0002587420000000002,70-H-0_healthy_belt_400rpm,research
4708,0.017069793,-0.009321742000000001,70-H-0_healthy_belt_400rpm,research
4709,0.031757793,-0.030727742,70-H-0_healthy_belt_400rpm,research
4710,-0.005743207000000004,0.0036472580000000004,70-H-0_healthy_belt_400rpm,research
4711,-0.020743207000000003,0.005835257999999999,70-H-0_healthy_belt_400rpm,research
4712,0.002069792999999997,-0.024321742,70-H-0_healthy_belt_400rpm,research
4713,0.018631792999999994,-0.0029147419999999997,70-H-0_healthy_belt_400rpm,research
4714,0.043631792999999995,0.016928258,70-H-0_healthy_belt_400rpm,research
4715,0.008944792999999996,0.007397258,70-H-0_healthy_belt_400rpm,research
4716,-0.016055207000000002,-0.038227742,70-H-0_healthy_belt_400rpm,research
4717,0.030819792999999998,-0.039946742,70-H-0_healthy_belt_400rpm,research
4718,-0.0063682070000000025,0.023491258,70-H-0_healthy_belt_400rpm,research
4719,-0.016680207000000002,-0.044633742,70-H-0_healthy_belt_400rpm,research
4720,-0.029180207000000003,-0.009165742000000001,70-H-0_healthy_belt_400rpm,research
4721,0.065819793,-0.023696742,70-H-0_healthy_belt_400rpm,research
4722,-0.027305207000000005,0.027710258,70-H-0_healthy_belt_400rpm,research
4723,-0.025117207000000003,-0.048540742,70-H-0_healthy_belt_400rpm,research
4724,0.029256792999999996,-0.024790742,70-H-0_healthy_belt_400rpm,research
4725,-0.014493207000000003,0.013959257999999999,70-H-0_healthy_belt_400rpm,research
4726,-0.021992207000000003,0.0020852580000000004,70-H-0_healthy_belt_400rpm,research
4727,-0.027930207000000006,0.0053662580000000005,70-H-0_healthy_belt_400rpm,research
4728,-0.037618207,0.040209258,70-H-0_healthy_belt_400rpm,research
4729,0.005194792999999996,-0.027289742,70-H-0_healthy_belt_400rpm,research
4730,0.015194792999999998,0.028491258,70-H-0_healthy_belt_400rpm,research
4731,-0.00011720700000000459,0.023960258,70-H-0_healthy_belt_400rpm,research
4732,0.001756792999999996,0.018178258,70-H-0_healthy_belt_400rpm,research
4733,-0.016992207000000002,0.012710257999999999,70-H-0_healthy_belt_400rpm,research
4734,-0.0041802070000000035,0.040991258,70-H-0_healthy_belt_400rpm,research
4735,0.038632793,-0.026352742,70-H-0_healthy_belt_400rpm,research
4736,0.030819792999999998,0.012241258000000001,70-H-0_healthy_belt_400rpm,research
4737,-0.005117207000000004,0.005678258,70-H-0_healthy_belt_400rpm,research
4738,-0.0010552070000000024,-0.027289742,70-H-0_healthy_belt_400rpm,research
4739,-0.0007422070000000017,0.040678258,70-H-0_healthy_belt_400rpm,research
4740,-0.030118207,0.051616258,70-H-0_healthy_belt_400rpm,research
4741,0.016444793,-0.014633742,70-H-0_healthy_belt_400rpm,research
4742,0.042069792999999994,-0.031821742,70-H-0_healthy_belt_400rpm,research
4743,-0.026992207000000004,0.028491258,70-H-0_healthy_belt_400rpm,research
4744,-0.016055207000000002,0.007866258000000001,70-H-0_healthy_belt_400rpm,research
4745,0.04925679299999999,-0.023852742,70-H-0_healthy_belt_400rpm,research
4746,0.04675679299999999,-0.008696742,70-H-0_healthy_belt_400rpm,research
4747,-0.020117207,0.022553258,70-H-0_healthy_belt_400rpm,research
4748,0.017694793,0.014272258,70-H-0_healthy_belt_400rpm,research
4749,0.017069793,-0.087289742,70-H-0_healthy_belt_400rpm,research
4750,-0.0019932070000000038,0.008335258,70-H-0_healthy_belt_400rpm,research
4751,0.015819793,0.008335258,70-H-0_healthy_belt_400rpm,research
4752,-0.004805207000000002,-0.016196742,70-H-0_healthy_belt_400rpm,research
4753,0.003319792999999998,-0.007446741999999999,70-H-0_healthy_belt_400rpm,research
4754,-0.026680207000000004,0.020210258000000002,70-H-0_healthy_belt_400rpm,research
4755,-0.016055207000000002,-0.008071742,70-H-0_healthy_belt_400rpm,research
4756,-0.015430207000000003,0.005522258,70-H-0_healthy_belt_400rpm,research
4757,0.04738179299999999,-0.09557174199999999,70-H-0_healthy_belt_400rpm,research
4758,0.008632792999999996,-0.019789742,70-H-0_healthy_belt_400rpm,research
4759,-0.017618207000000004,-0.001665742,70-H-0_healthy_belt_400rpm,research
4760,-0.015117207000000004,-0.014946741999999999,70-H-0_healthy_belt_400rpm,research
4761,0.025194793,-0.0010397419999999997,70-H-0_healthy_belt_400rpm,research
4762,-0.005117207000000004,-0.001821742,70-H-0_healthy_belt_400rpm,research
4763,-0.043243207000000006,0.014741258,70-H-0_healthy_belt_400rpm,research
4764,-0.025117207000000003,0.053803258,70-H-0_healthy_belt_400rpm,research
4765,0.052381792999999996,-0.035727742,70-H-0_healthy_belt_400rpm,research
4766,0.020194792999999996,-0.017758742,70-H-0_healthy_belt_400rpm,research
4767,-0.044492207000000006,0.046460258,70-H-0_healthy_belt_400rpm,research
4768,0.050194793,-0.039946742,70-H-0_healthy_belt_400rpm,research
4769,-0.010430207000000004,-0.051665742,70-H-0_healthy_belt_400rpm,research
4770,-0.009180207000000003,0.020991258,70-H-0_healthy_belt_400rpm,research
4771,-0.014180207000000004,0.007241258,70-H-0_healthy_belt_400rpm,research
4772,-0.015117207000000004,-0.031664741999999996,70-H-0_healthy_belt_400rpm,research
4773,-0.005117207000000004,-0.019477742,70-H-0_healthy_belt_400rpm,research
4774,-0.018867207000000004,-0.017602741999999998,70-H-0_healthy_belt_400rpm,research
4775,0.022694792999999998,-0.002758742,70-H-0_healthy_belt_400rpm,research
4776,-0.005117207000000004,0.045366258,70-H-0_healthy_belt_400rpm,research
4777,0.016444793,-0.002446742,70-H-0_healthy_belt_400rpm,research
4778,0.036131792999999995,0.007553258,70-H-0_healthy_belt_400rpm,research
4779,-0.0038672070000000027,-0.008696742,70-H-0_healthy_belt_400rpm,research
4780,0.011132792999999998,-0.000727742,70-H-0_healthy_belt_400rpm,research
4781,0.009881792999999996,0.0017722580000000005,70-H-0_healthy_belt_400rpm,research
4782,-0.0023052070000000036,0.0016162579999999998,70-H-0_healthy_belt_400rpm,research
4783,0.004256792999999998,0.049741258000000003,70-H-0_healthy_belt_400rpm,research
4784,0.002069792999999997,-0.045727742,70-H-0_healthy_belt_400rpm,research
4785,0.028944792999999996,-0.014008742,70-H-0_healthy_belt_400rpm,research
4786,-0.016680207000000002,0.025366258,70-H-0_healthy_belt_400rpm,research
4787,-0.0063682070000000025,-0.0005717419999999996,70-H-0_healthy_belt_400rpm,research
4788,-0.027930207000000006,0.007241258,70-H-0_healthy_belt_400rpm,research
4789,-0.033243207000000004,0.023960258,70-H-0_healthy_belt_400rpm,research
4790,0.009256792999999996,-0.016196742,70-H-0_healthy_belt_400rpm,research
4791,0.09425779299999999,0.041772258,70-H-0_healthy_belt_400rpm,research
4792,-0.016992207000000002,0.034741258,70-H-0_healthy_belt_400rpm,research
4793,-0.082617207,-0.021196742,70-H-0_healthy_belt_400rpm,research
4794,0.000507792999999996,-0.019165742,70-H-0_healthy_belt_400rpm,research
4795,0.008007792999999996,-0.064633742,70-H-0_healthy_belt_400rpm,research
4796,-0.091680207,0.021460258,70-H-0_healthy_belt_400rpm,research
4797,0.009256792999999996,-0.054790741999999996,70-H-0_healthy_belt_400rpm,research
4798,0.037694793,0.042084258,70-H-0_healthy_belt_400rpm,research
4799,0.0023827929999999976,0.024428258,70-H-0_healthy_belt_400rpm,research
4800,-0.009493207000000004,-0.051821742,70-H-0_healthy_belt_400rpm,research
4801,-0.0026182070000000026,-0.013696742,70-H-0_healthy_belt_400rpm,research
4802,0.052381792999999996,-0.023227742,70-H-0_healthy_belt_400rpm,research
4803,-0.015743207000000002,-0.028540742,70-H-0_healthy_belt_400rpm,research
4804,-0.18949220700000002,0.011928258,70-H-0_healthy_belt_400rpm,research
4805,0.013944792999999997,-0.018227741999999998,70-H-0_healthy_belt_400rpm,research
4806,0.001756792999999996,-0.0010397419999999997,70-H-0_healthy_belt_400rpm,research
4807,0.021756792999999996,0.056616258,70-H-0_healthy_belt_400rpm,research
4808,0.031132793,0.040053258,70-H-0_healthy_belt_400rpm,research
4809,-0.029493207,0.005522258,70-H-0_healthy_belt_400rpm,research
4810,-0.005743207000000004,-0.006508742,70-H-0_healthy_belt_400rpm,research
4811,0.00019479299999999866,0.044741258,70-H-0_healthy_belt_400rpm,research
4812,-0.040742207,0.021928258,70-H-0_healthy_belt_400rpm,research
4813,-0.014493207000000003,0.026459258,70-H-0_healthy_belt_400rpm,research
4814,0.018631792999999994,0.004585258,70-H-0_healthy_belt_400rpm,research
4815,-0.023555207,0.033803258,70-H-0_healthy_belt_400rpm,research
4816,-0.019493207000000002,-0.010102742,70-H-0_healthy_belt_400rpm,research
4817,0.022382792999999998,-0.007602742,70-H-0_healthy_belt_400rpm,research
4818,-0.025117207000000003,-0.017133742,70-H-0_healthy_belt_400rpm,research
4819,0.023632793,0.020991258,70-H-0_healthy_belt_400rpm,research
4820,-0.031055207,-0.0051027419999999995,70-H-0_healthy_belt_400rpm,research
4821,-0.016992207000000002,0.019741258,70-H-0_healthy_belt_400rpm,research
4822,0.014882792999999998,-0.025102742,70-H-0_healthy_belt_400rpm,research
4823,0.018319792999999994,-0.0029147419999999997,70-H-0_healthy_belt_400rpm,research
4824,-0.050430207000000005,0.038022258,70-H-0_healthy_belt_400rpm,research
4825,-0.006680207000000002,-0.014321742,70-H-0_healthy_belt_400rpm,research
4826,0.017694793,-0.005727742,70-H-0_healthy_belt_400rpm,research
4827,0.006757792999999998,0.011772258,70-H-0_healthy_belt_400rpm,research
4828,-0.020117207,-0.007602742,70-H-0_healthy_belt_400rpm,research
4829,-0.031368207,-0.040883742,70-H-0_healthy_belt_400rpm,research
4830,0.052694793000000004,-0.025102742,70-H-0_healthy_belt_400rpm,research
4831,0.005819792999999997,-0.040258742,70-H-0_healthy_belt_400rpm,research
4832,-0.063555207,0.076459258,70-H-0_healthy_belt_400rpm,research
4833,-0.050430207000000005,-0.015102742,70-H-0_healthy_belt_400rpm,research
4834,0.038944793,0.005209258,70-H-0_healthy_belt_400rpm,research
4835,0.018631792999999994,0.018647258,70-H-0_healthy_belt_400rpm,research
4836,0.036131792999999995,0.032553258,70-H-0_healthy_belt_400rpm,research
4837,-0.087930207,0.08396025800000001,70-H-0_healthy_belt_400rpm,research
4838,-0.040430207,-0.011196741999999999,70-H-0_healthy_belt_400rpm,research
4839,0.036131792999999995,0.012710257999999999,70-H-0_healthy_belt_400rpm,research
4840,-0.006055207000000003,0.014116258,70-H-0_healthy_belt_400rpm,research
4841,-0.005743207000000004,0.0034912580000000006,70-H-0_healthy_belt_400rpm,research
4842,0.017382792999999994,-0.006040742,70-H-0_healthy_belt_400rpm,research
4843,0.000507792999999996,-0.0030717419999999997,70-H-0_healthy_belt_400rpm,research
4844,-0.027305207000000005,0.019272258,70-H-0_healthy_belt_400rpm,research
4845,0.006757792999999998,-0.014790741999999999,70-H-0_healthy_belt_400rpm,research
4846,0.0026947929999999974,-0.021977742,70-H-0_healthy_belt_400rpm,research
4847,0.042069792999999994,0.010991258,70-H-0_healthy_belt_400rpm,research
4848,-0.031055207,0.000991258,70-H-0_healthy_belt_400rpm,research
4849,-0.066993207,0.010366258,70-H-0_healthy_belt_400rpm,research
4850,0.022694792999999998,0.004116257999999999,70-H-0_healthy_belt_400rpm,research
4851,0.029569792999999997,-0.011821742,70-H-0_healthy_belt_400rpm,research
4852,-0.019180207000000005,0.038178258,70-H-0_healthy_belt_400rpm,research
4853,-0.046368207,0.008178258,70-H-0_healthy_belt_400rpm,research
4854,-0.009493207000000004,-0.013227742,70-H-0_healthy_belt_400rpm,research
4855,0.07925679299999999,-0.015258742,70-H-0_healthy_belt_400rpm,research
4856,-0.023243207000000002,0.038022258,70-H-0_healthy_belt_400rpm,research
4857,-0.013867207000000003,0.040991258,70-H-0_healthy_belt_400rpm,research
4858,0.023632793,0.008491258,70-H-0_healthy_belt_400rpm,research
4859,0.017069793,0.010053258,70-H-0_healthy_belt_400rpm,research
4860,-0.022618207,-0.0029147419999999997,70-H-0_healthy_belt_400rpm,research
4861,0.023319793,-0.007602742,70-H-0_healthy_belt_400rpm,research
4862,0.0014447929999999963,0.010210258,70-H-0_healthy_belt_400rpm,research
4863,0.038944793,0.010991258,70-H-0_healthy_belt_400rpm,research
4864,0.074882793,-0.006821742,70-H-0_healthy_belt_400rpm,research
4865,-0.011367207000000004,0.002553258,70-H-0_healthy_belt_400rpm,research
4866,0.019881792999999995,0.034428258,70-H-0_healthy_belt_400rpm,research
4867,0.026757792999999995,-0.016196742,70-H-0_healthy_belt_400rpm,research
4868,0.0026947929999999974,-0.019321742,70-H-0_healthy_belt_400rpm,research
4869,-0.007305207000000003,-0.005414742,70-H-0_healthy_belt_400rpm,research
4870,0.034569792999999994,-0.016196742,70-H-0_healthy_belt_400rpm,research
4871,0.028319792999999996,0.016616258000000002,70-H-0_healthy_belt_400rpm,research
4872,0.013006792999999996,0.0053662580000000005,70-H-0_healthy_belt_400rpm,research
4873,0.005819792999999997,-0.024165742,70-H-0_healthy_belt_400rpm,research
4874,0.025819792999999994,0.0039602579999999995,70-H-0_healthy_belt_400rpm,research
4875,-0.03730520700000001,0.016147258,70-H-0_healthy_belt_400rpm,research
4876,0.021131792999999996,0.009428258,70-H-0_healthy_belt_400rpm,research
4877,-0.010430207000000004,-0.026508742,70-H-0_healthy_belt_400rpm,research
4878,-0.021055207000000003,0.017241258,70-H-0_healthy_belt_400rpm,research
4879,-0.026680207000000004,0.002397258,70-H-0_healthy_belt_400rpm,research
4880,0.008632792999999996,-0.017133742,70-H-0_healthy_belt_400rpm,research
4881,0.0023827929999999976,0.013335258,70-H-0_healthy_belt_400rpm,research
4882,-0.025117207000000003,0.023491258,70-H-0_healthy_belt_400rpm,research
4883,0.017382792999999994,-0.020415742,70-H-0_healthy_belt_400rpm,research
4884,-0.025430207000000003,0.013335258,70-H-0_healthy_belt_400rpm,research
4885,-0.005430207000000003,0.016772258,70-H-0_healthy_belt_400rpm,research
4886,0.021756792999999996,0.020053258,70-H-0_healthy_belt_400rpm,research
4887,0.038007793,-0.051196741999999996,70-H-0_healthy_belt_400rpm,research
4888,-0.022930207,-0.014790741999999999,70-H-0_healthy_belt_400rpm,research
4889,-0.019805207000000002,-0.014633742,70-H-0_healthy_belt_400rpm,research
4890,0.018631792999999994,-0.012915742,70-H-0_healthy_belt_400rpm,research
4891,0.004569792999999996,0.0022412580000000003,70-H-0_healthy_belt_400rpm,research
4892,0.004881792999999995,-0.044165742,70-H-0_healthy_belt_400rpm,research
4893,-0.027930207000000006,0.018491258,70-H-0_healthy_belt_400rpm,research
4894,-0.006992207000000004,0.0013032579999999998,70-H-0_healthy_belt_400rpm,research
4895,-0.051993207,0.005522258,70-H-0_healthy_belt_400rpm,research
4896,0.033944792999999994,-0.036665742,70-H-0_healthy_belt_400rpm,research
4897,-0.020743207000000003,0.020678258,70-H-0_healthy_belt_400rpm,research
4898,-0.021992207000000003,0.018178258,70-H-0_healthy_belt_400rpm,research
4899,0.028319792999999996,0.0053662580000000005,70-H-0_healthy_belt_400rpm,research
4900,0.020506792999999995,-0.017290741999999998,70-H-0_healthy_belt_400rpm,research
4901,0.017069793,-0.061821742,70-H-0_healthy_belt_400rpm,research
4902,-0.024180207000000002,0.0019282580000000004,70-H-0_healthy_belt_400rpm,research
4903,0.029569792999999997,-0.023383742,70-H-0_healthy_belt_400rpm,research
4904,-0.003242207000000002,-0.022133742,70-H-0_healthy_belt_400rpm,research
4905,-0.03730520700000001,0.08099125800000001,70-H-0_healthy_belt_400rpm,research
4906,-0.039492207,-0.015883742,70-H-0_healthy_belt_400rpm,research
4907,0.021756792999999996,-0.005258742,70-H-0_healthy_belt_400rpm,research
4908,-0.028867207000000002,0.056772258,70-H-0_healthy_belt_400rpm,research
4909,-0.016368207000000003,-0.016352742,70-H-0_healthy_belt_400rpm,research
4910,-0.015743207000000002,0.015522258,70-H-0_healthy_belt_400rpm,research
4911,-0.031680207,-0.045415742,70-H-0_healthy_belt_400rpm,research
4912,0.011132792999999998,-0.022602742,70-H-0_healthy_belt_400rpm,research
4913,0.016132793,-0.10322774200000001,70-H-0_healthy_belt_400rpm,research
4914,-0.020743207000000003,-0.0005717419999999996,70-H-0_healthy_belt_400rpm,research
4915,0.010819792999999998,-0.011352741999999999,70-H-0_healthy_belt_400rpm,research
4916,0.007069792999999998,0.006616258,70-H-0_healthy_belt_400rpm,research
4917,-0.030430207,0.005678258,70-H-0_healthy_belt_400rpm,research
4918,-0.0010552070000000024,-0.019321742,70-H-0_healthy_belt_400rpm,research
4919,0.030194792999999998,-0.027133742,70-H-0_healthy_belt_400rpm,research
4920,0.013631792999999996,0.025991258,70-H-0_healthy_belt_400rpm,research
4921,-0.026992207000000004,0.013959257999999999,70-H-0_healthy_belt_400rpm,research
4922,-0.050743207000000005,-0.011196741999999999,70-H-0_healthy_belt_400rpm,research
4923,0.021756792999999996,-0.029477742,70-H-0_healthy_belt_400rpm,research
4924,0.027694792999999995,0.0039602579999999995,70-H-0_healthy_belt_400rpm,research
4925,0.030194792999999998,0.014584258,70-H-0_healthy_belt_400rpm,research
4926,-0.051368207000000006,-0.031352742,70-H-0_healthy_belt_400rpm,research
4927,-0.030430207,0.015210258,70-H-0_healthy_belt_400rpm,research
4928,0.030507793,0.0003662580000000004,70-H-0_healthy_belt_400rpm,research
4929,0.00019479299999999866,0.027397258,70-H-0_healthy_belt_400rpm,research
4930,-0.008555207000000002,0.054116258,70-H-0_healthy_belt_400rpm,research
4931,0.010819792999999998,-0.064789742,70-H-0_healthy_belt_400rpm,research
4932,-0.038243207,0.023803258,70-H-0_healthy_belt_400rpm,research
4933,-0.027930207000000006,0.033803258,70-H-0_healthy_belt_400rpm,research
4934,-0.012305207000000002,0.037085258,70-H-0_healthy_belt_400rpm,research
4935,0.04675679299999999,-0.007915742,70-H-0_healthy_belt_400rpm,research
4936,0.019256792999999994,-0.004008742,70-H-0_healthy_belt_400rpm,research
4937,0.024257793,0.010678258,70-H-0_healthy_belt_400rpm,research
4938,-0.055430207,0.047866258,70-H-0_healthy_belt_400rpm,research
4939,-0.010117207000000003,0.0036472580000000004,70-H-0_healthy_belt_400rpm,research
4940,0.013319792999999996,-0.016196742,70-H-0_healthy_belt_400rpm,research
4941,0.019881792999999995,-0.0010397419999999997,70-H-0_healthy_belt_400rpm,research
4942,0.002069792999999997,-0.0013527419999999997,70-H-0_healthy_belt_400rpm,research
4943,0.021756792999999996,-0.014946741999999999,70-H-0_healthy_belt_400rpm,research
4944,0.023007793,0.012085258000000001,70-H-0_healthy_belt_400rpm,research
4945,0.001756792999999996,0.004585258,70-H-0_healthy_belt_400rpm,research
4946,-0.018242207000000003,0.011303258,70-H-0_healthy_belt_400rpm,research
4947,0.006444792999999997,-0.016977742,70-H-0_healthy_belt_400rpm,research
4948,0.011757792999999996,0.009272258,70-H-0_healthy_belt_400rpm,research
4949,-0.011992207000000003,0.031616258,70-H-0_healthy_belt_400rpm,research
4950,-0.033555207000000004,0.000991258,70-H-0_healthy_belt_400rpm,research
4951,-0.010117207000000003,-0.062446742,70-H-0_healthy_belt_400rpm,research
4952,-0.020430207000000002,-0.006196742,70-H-0_healthy_belt_400rpm,research
4953,-0.022305207000000004,0.033491258,70-H-0_healthy_belt_400rpm,research
4954,-0.066680207,-0.00010274199999999942,70-H-0_healthy_belt_400rpm,research
4955,-0.025743207000000004,-0.030571742,70-H-0_healthy_belt_400rpm,research
4956,0.082069793,-0.003383742,70-H-0_healthy_belt_400rpm,research
4957,0.036131792999999995,0.0006782580000000002,70-H-0_healthy_belt_400rpm,research
4958,-0.012930207000000003,0.042241258,70-H-0_healthy_belt_400rpm,research
4959,0.029882792999999998,-0.006508742,70-H-0_healthy_belt_400rpm,research
4960,0.0023827929999999976,0.0019282580000000004,70-H-0_healthy_belt_400rpm,research
4961,0.015507792999999999,0.029897258000000003,70-H-0_healthy_belt_400rpm,research
4962,-0.042618207000000005,0.016303258,70-H-0_healthy_belt_400rpm,research
4963,0.011757792999999996,-0.032133742,70-H-0_healthy_belt_400rpm,research
4964,0.028944792999999996,0.039272258,70-H-0_healthy_belt_400rpm,research
4965,-0.003555207000000003,0.018647258,70-H-0_healthy_belt_400rpm,research
4966,-0.021680207000000003,-0.11338374200000001,70-H-0_healthy_belt_400rpm,research
4967,-0.034493207,0.030210257999999997,70-H-0_healthy_belt_400rpm,research
4968,0.000507792999999996,-0.014633742,70-H-0_healthy_belt_400rpm,research
4969,-0.098242207,-0.048540742,70-H-0_healthy_belt_400rpm,research
4970,0.013631792999999996,0.034428258,70-H-0_healthy_belt_400rpm,research
4971,0.06050779299999999,-0.021196742,70-H-0_healthy_belt_400rpm,research
4972,0.009569792999999997,-0.06932174199999999,70-H-0_healthy_belt_400rpm,research
4973,0.032382793,0.054272258,70-H-0_healthy_belt_400rpm,research
4974,-0.055742207,0.006459258000000001,70-H-0_healthy_belt_400rpm,research
4975,-0.024180207000000002,-0.041821742,70-H-0_healthy_belt_400rpm,research
4976,0.033944792999999994,-0.004946742,70-H-0_healthy_belt_400rpm,research
4977,-0.033868207000000004,0.0006782580000000002,70-H-0_healthy_belt_400rpm,research
4978,-0.041368207000000004,0.0034912580000000006,70-H-0_healthy_belt_400rpm,research
4979,0.00019479299999999866,0.028491258,70-H-0_healthy_belt_400rpm,research
4980,0.021444792999999997,-0.003383742,70-H-0_healthy_belt_400rpm,research
4981,0.014882792999999998,0.0017722580000000005,70-H-0_healthy_belt_400rpm,research
4982,0.005819792999999997,0.015991258,70-H-0_healthy_belt_400rpm,research
4983,-0.013242207000000002,-0.021821741999999998,70-H-0_healthy_belt_400rpm,research
4984,0.014257792999999998,-0.020258742,70-H-0_healthy_belt_400rpm,research
4985,0.037069793,0.013647257999999999,70-H-0_healthy_belt_400rpm,research
4986,-0.016992207000000002,0.033334258,70-H-0_healthy_belt_400rpm,research
4987,-0.0004302070000000019,-0.000727742,70-H-0_healthy_belt_400rpm,research
4988,0.038007793,-0.009165742000000001,70-H-0_healthy_belt_400rpm,research
4989,0.037069793,0.006616258,70-H-0_healthy_belt_400rpm,research
4990,0.005506792999999996,0.009116258,70-H-0_healthy_belt_400rpm,research
4991,-0.031680207,-0.011821742,70-H-0_healthy_belt_400rpm,research
4992,0.018007792999999994,-0.035727742,70-H-0_healthy_belt_400rpm,research
4993,-0.013867207000000003,0.023335258,70-H-0_healthy_belt_400rpm,research
4994,-0.043555207,0.029116258,70-H-0_healthy_belt_400rpm,research
4995,-0.007618207000000004,-0.023539742,70-H-0_healthy_belt_400rpm,research
4996,0.028631792999999996,-0.006040742,70-H-0_healthy_belt_400rpm,research
4997,-0.015117207000000004,-0.014008742,70-H-0_healthy_belt_400rpm,research
4998,-0.021680207000000003,0.10067825799999999,70-H-0_healthy_belt_400rpm,research
4999,-0.003242207000000002,-0.037758742,70-H-0_healthy_belt_400rpm,research
5000,-0.04511820700000001,-0.060883742,70-H-0_healthy_belt_400rpm,research
5001,-0.034493207,-0.023383742,70-H-0_healthy_belt_400rpm,research
5002,-0.012618207000000003,-0.027289742,70-H-0_healthy_belt_400rpm,research
5003,-0.005430207000000003,0.0039602579999999995,70-H-0_healthy_belt_400rpm,research
5004,0.060194792999999996,0.012553258000000001,70-H-0_healthy_belt_400rpm,research
5005,0.017694793,-0.005258742,70-H-0_healthy_belt_400rpm,research
5006,-0.067618207,0.026616258,70-H-0_healthy_belt_400rpm,research
5007,0.030507793,-0.0002587420000000002,70-H-0_healthy_belt_400rpm,research
5008,0.006757792999999998,-0.009008742,70-H-0_healthy_belt_400rpm,research
5009,-0.004805207000000002,0.013178258000000002,70-H-0_healthy_belt_400rpm,research
5010,-0.0013672070000000022,-0.005571741999999999,70-H-0_healthy_belt_400rpm,research
5011,-0.016992207000000002,0.026147258,70-H-0_healthy_belt_400rpm,research
5012,0.032694793,0.029897258000000003,70-H-0_healthy_belt_400rpm,research
5013,0.012694792999999996,-0.028696742,70-H-0_healthy_belt_400rpm,research
5014,0.006757792999999998,0.016616258000000002,70-H-0_healthy_belt_400rpm,research
5015,-0.027618207000000002,-0.010415741999999999,70-H-0_healthy_belt_400rpm,research
5016,-0.020743207000000003,-0.050727742,70-H-0_healthy_belt_400rpm,research
5017,-0.013555207000000003,-0.019008742000000002,70-H-0_healthy_belt_400rpm,research
5018,0.011444792999999998,0.030522258000000003,70-H-0_healthy_belt_400rpm,research
5019,0.0014447929999999963,0.008803258,70-H-0_healthy_belt_400rpm,research
5020,0.005506792999999996,0.0020852580000000004,70-H-0_healthy_belt_400rpm,research
5021,-0.0063682070000000025,0.015522258,70-H-0_healthy_belt_400rpm,research
5022,-0.029493207,0.021616258,70-H-0_healthy_belt_400rpm,research
5023,-0.033555207000000004,-0.023696742,70-H-0_healthy_belt_400rpm,research
5024,0.037694793,0.004741258,70-H-0_healthy_belt_400rpm,research
5025,0.018319792999999994,0.032241258,70-H-0_healthy_belt_400rpm,research
5026,-0.083555207,0.024585258,70-H-0_healthy_belt_400rpm,research
5027,0.012069792999999995,0.0003662580000000004,70-H-0_healthy_belt_400rpm,research
5028,-0.001680207000000003,-0.031508742,70-H-0_healthy_belt_400rpm,research
5029,0.0014447929999999963,-0.0005717419999999996,70-H-0_healthy_belt_400rpm,research
5030,0.023007793,0.002866258,70-H-0_healthy_belt_400rpm,research
5031,-0.032930207,0.024741258,70-H-0_healthy_belt_400rpm,research
5032,-0.008555207000000002,-0.051977742,70-H-0_healthy_belt_400rpm,research
5033,0.049569793,-0.014790741999999999,70-H-0_healthy_belt_400rpm,research
5034,-0.0013672070000000022,0.054897258,70-H-0_healthy_belt_400rpm,research
5035,0.012381792999999999,0.015835258,70-H-0_healthy_belt_400rpm,research
5036,0.008319792999999995,-0.044008741999999997,70-H-0_healthy_belt_400rpm,research
5037,0.013631792999999996,-0.0029147419999999997,70-H-0_healthy_belt_400rpm,research
5038,-0.021055207000000003,0.048803258,70-H-0_healthy_belt_400rpm,research
5039,0.013944792999999997,-0.045883742,70-H-0_healthy_belt_400rpm,research
5040,0.024569793,-0.021040742,70-H-0_healthy_belt_400rpm,research
5041,0.012069792999999995,0.042084258,70-H-0_healthy_belt_400rpm,research
5042,-0.066993207,0.020678258,70-H-0_healthy_belt_400rpm,research
5043,-0.054492207,-0.027289742,70-H-0_healthy_belt_400rpm,research
5044,0.012069792999999995,0.024272258,70-H-0_healthy_belt_400rpm,research
5045,-0.011055207000000003,-0.025883742,70-H-0_healthy_belt_400rpm,research
5046,-0.0041802070000000035,0.0019282580000000004,70-H-0_healthy_belt_400rpm,research
5047,0.005506792999999996,-0.014008742,70-H-0_healthy_belt_400rpm,research
5048,-0.00011720700000000459,-0.014321742,70-H-0_healthy_belt_400rpm,research
5049,0.075819793,-0.009321742000000001,70-H-0_healthy_belt_400rpm,research
5050,-0.011992207000000003,0.048491258,70-H-0_healthy_belt_400rpm,research
5051,-0.081680207,-0.006040742,70-H-0_healthy_belt_400rpm,research
5052,0.029256792999999996,0.0006782580000000002,70-H-0_healthy_belt_400rpm,research
5053,0.011444792999999998,-0.00010274199999999942,70-H-0_healthy_belt_400rpm,research
5054,-0.057618207000000005,0.013803257999999999,70-H-0_healthy_belt_400rpm,research
5055,0.040507793,-0.0021337419999999997,70-H-0_healthy_belt_400rpm,research
5056,0.014882792999999998,0.0034912580000000006,70-H-0_healthy_belt_400rpm,research
5057,0.028319792999999996,-0.012289742,70-H-0_healthy_belt_400rpm,research
5058,-0.001680207000000003,0.008803258,70-H-0_healthy_belt_400rpm,research
5059,-0.031992207,-0.0032277419999999996,70-H-0_healthy_belt_400rpm,research
5060,-0.006680207000000002,-0.059790742,70-H-0_healthy_belt_400rpm,research
5061,0.023319793,-0.011821742,70-H-0_healthy_belt_400rpm,research
5062,0.008007792999999996,-0.016196742,70-H-0_healthy_belt_400rpm,research
5063,-0.0063682070000000025,0.002553258,70-H-0_healthy_belt_400rpm,research
5064,0.030507793,-0.031196742,70-H-0_healthy_belt_400rpm,research
5065,0.010507792999999998,-0.014477742,70-H-0_healthy_belt_400rpm,research
5066,-0.040742207,0.044897258,70-H-0_healthy_belt_400rpm,research
5067,-0.030430207,0.016772258,70-H-0_healthy_belt_400rpm,research
5068,0.045819793,-0.057602742,70-H-0_healthy_belt_400rpm,research
5069,-0.015743207000000002,0.029428258,70-H-0_healthy_belt_400rpm,research
5070,0.014569792999999998,0.037866258,70-H-0_healthy_belt_400rpm,research
5071,-0.034180207000000004,0.035053258,70-H-0_healthy_belt_400rpm,research
5072,0.050194793,-0.050414742,70-H-0_healthy_belt_400rpm,research
5073,0.008319792999999995,-0.041196742,70-H-0_healthy_belt_400rpm,research
5074,0.0008197929999999957,-0.0019777419999999998,70-H-0_healthy_belt_400rpm,research
5075,-0.013242207000000002,-0.017914741999999997,70-H-0_healthy_belt_400rpm,research
5076,-0.001680207000000003,-0.028071742,70-H-0_healthy_belt_400rpm,research
5077,0.027381792999999995,-0.0038527419999999997,70-H-0_healthy_belt_400rpm,research
5078,0.005194792999999996,0.027241257999999997,70-H-0_healthy_belt_400rpm,research
5079,-0.050743207000000005,0.037866258,70-H-0_healthy_belt_400rpm,research
5080,0.026132792999999994,0.010522258,70-H-0_healthy_belt_400rpm,research
5081,0.036756792999999996,0.018491258,70-H-0_healthy_belt_400rpm,research
5082,-0.022930207,-0.020883742,70-H-0_healthy_belt_400rpm,research
5083,-0.007930207000000003,0.025210258,70-H-0_healthy_belt_400rpm,research
5084,0.027381792999999995,0.022866258,70-H-0_healthy_belt_400rpm,research
5085,0.023007793,-0.022758742,70-H-0_healthy_belt_400rpm,research
5086,0.0023827929999999976,0.024897258,70-H-0_healthy_belt_400rpm,research
5087,-0.032305207,0.050835258,70-H-0_healthy_belt_400rpm,research
5088,-0.011992207000000003,-0.024008742,70-H-0_healthy_belt_400rpm,research
5089,0.004881792999999995,-0.013540742,70-H-0_healthy_belt_400rpm,research
5090,-0.0029302070000000024,0.012085258000000001,70-H-0_healthy_belt_400rpm,research
5091,-0.010117207000000003,0.026147258,70-H-0_healthy_belt_400rpm,research
5092,0.019256792999999994,-0.041821742,70-H-0_healthy_belt_400rpm,research
5093,-0.004805207000000002,0.001147258,70-H-0_healthy_belt_400rpm,research
5094,-0.018555207000000004,0.014428258,70-H-0_healthy_belt_400rpm,research
5095,-0.016368207000000003,-0.075883742,70-H-0_healthy_belt_400rpm,research
5096,-0.004805207000000002,-0.006821742,70-H-0_healthy_belt_400rpm,research
5097,0.018007792999999994,-0.014633742,70-H-0_healthy_belt_400rpm,research
5098,-0.029805207000000004,0.023335258,70-H-0_healthy_belt_400rpm,research
5099,0.0036327929999999953,-0.017446742,70-H-0_healthy_belt_400rpm,research
5100,0.024257793,-0.054946742,70-H-0_healthy_belt_400rpm,research
5101,-0.008867207000000004,0.036772258,70-H-0_healthy_belt_400rpm,research
5102,0.027694792999999995,-0.017758742,70-H-0_healthy_belt_400rpm,research
5103,-0.08668020700000001,0.015366258,70-H-0_healthy_belt_400rpm,research
5104,-0.022930207,0.016616258000000002,70-H-0_healthy_belt_400rpm,research
5105,-0.020430207000000002,-0.049477742,70-H-0_healthy_belt_400rpm,research
5106,0.038632793,0.020678258,70-H-0_healthy_belt_400rpm,research
5107,-0.097930207,0.062553258,70-H-0_healthy_belt_400rpm,research
5108,0.059569792999999996,-0.031821742,70-H-0_healthy_belt_400rpm,research
5109,0.016132793,-0.036352742,70-H-0_healthy_belt_400rpm,research
5110,-0.025117207000000003,0.060678258000000006,70-H-0_healthy_belt_400rpm,research
5111,-0.016992207000000002,-0.026977742,70-H-0_healthy_belt_400rpm,research
5112,0.048944793,-0.025571742,70-H-0_healthy_belt_400rpm,research
5113,0.014882792999999998,0.021616258,70-H-0_healthy_belt_400rpm,research
5114,0.008007792999999996,-0.024008742,70-H-0_healthy_belt_400rpm,research
5115,0.023632793,0.022553258,70-H-0_healthy_belt_400rpm,research
5116,-0.025430207000000003,0.033803258,70-H-0_healthy_belt_400rpm,research
5117,0.04925679299999999,-0.029321742,70-H-0_healthy_belt_400rpm,research
5118,0.023007793,-0.014633742,70-H-0_healthy_belt_400rpm,research
5119,-0.021992207000000003,0.021616258,70-H-0_healthy_belt_400rpm,research
5120,0.0026947929999999974,-0.004321742,70-H-0_healthy_belt_400rpm,research
5121,0.041132792999999994,0.006772258,70-H-0_healthy_belt_400rpm,research
5122,0.0011327929999999965,-0.009321742000000001,70-H-0_healthy_belt_400rpm,research
5123,-0.046680207,0.005991257999999999,70-H-0_healthy_belt_400rpm,research
5124,0.013631792999999996,0.005991257999999999,70-H-0_healthy_belt_400rpm,research
5125,0.032069793,-0.008383742,70-H-0_healthy_belt_400rpm,research
5126,-0.027305207000000005,0.009428258,70-H-0_healthy_belt_400rpm,research
5127,-0.0038672070000000027,0.0002102580000000005,70-H-0_healthy_belt_400rpm,research
5128,0.019881792999999995,-0.022914742,70-H-0_healthy_belt_400rpm,research
5129,-0.027305207000000005,0.010053258,70-H-0_healthy_belt_400rpm,research
5130,0.007382792999999999,0.024741258,70-H-0_healthy_belt_400rpm,research
5131,0.001756792999999996,-0.029790742,70-H-0_healthy_belt_400rpm,research
5132,-0.012618207000000003,-0.014164742,70-H-0_healthy_belt_400rpm,research
5133,-0.028867207000000002,0.020366258,70-H-0_healthy_belt_400rpm,research
5134,-0.011055207000000003,-0.022290742,70-H-0_healthy_belt_400rpm,research
5135,0.0023827929999999976,-0.002446742,70-H-0_healthy_belt_400rpm,research
5136,-0.021055207000000003,0.041928258,70-H-0_healthy_belt_400rpm,research
5137,-0.008555207000000002,-0.024008742,70-H-0_healthy_belt_400rpm,research
5138,0.05581979299999999,-0.035727742,70-H-0_healthy_belt_400rpm,research
5139,-0.031992207,0.047397258,70-H-0_healthy_belt_400rpm,research
5140,-0.047305207,0.045053258,70-H-0_healthy_belt_400rpm,research
5141,0.040819793,-0.029008742,70-H-0_healthy_belt_400rpm,research
5142,0.014569792999999998,0.035053258,70-H-0_healthy_belt_400rpm,research
5143,-0.044492207000000006,0.043803258,70-H-0_healthy_belt_400rpm,research
5144,0.038944793,0.016147258,70-H-0_healthy_belt_400rpm,research
5145,-0.010743207000000003,-0.019321742,70-H-0_healthy_belt_400rpm,research
5146,-0.016368207000000003,0.013803257999999999,70-H-0_healthy_belt_400rpm,research
5147,0.007382792999999999,0.0013032579999999998,70-H-0_healthy_belt_400rpm,research
5148,-0.012618207000000003,-0.007446741999999999,70-H-0_healthy_belt_400rpm,research
5149,-0.012305207000000002,0.028022258,70-H-0_healthy_belt_400rpm,research
5150,-0.005743207000000004,-0.019946742,70-H-0_healthy_belt_400rpm,research
5151,0.025194793,0.016147258,70-H-0_healthy_belt_400rpm,research
5152,-0.031680207,0.050835258,70-H-0_healthy_belt_400rpm,research
5153,0.011757792999999996,-0.009165742000000001,70-H-0_healthy_belt_400rpm,research
5154,0.0026947929999999974,-0.001508742,70-H-0_healthy_belt_400rpm,research
5155,-0.036367207,0.052866258,70-H-0_healthy_belt_400rpm,research
5156,-0.0010552070000000024,0.021928258,70-H-0_healthy_belt_400rpm,research
5157,0.032382793,-0.014477742,70-H-0_healthy_belt_400rpm,research
5158,0.025507792999999994,-0.011665742,70-H-0_healthy_belt_400rpm,research
5159,-0.0026182070000000026,0.039741258,70-H-0_healthy_belt_400rpm,research
5160,-0.027305207000000005,-0.049789742,70-H-0_healthy_belt_400rpm,research
5161,0.0008197929999999957,-0.017133742,70-H-0_healthy_belt_400rpm,research
5162,-0.017618207000000004,-0.0051027419999999995,70-H-0_healthy_belt_400rpm,research
5163,-0.0007422070000000017,-0.031821742,70-H-0_healthy_belt_400rpm,research
5164,0.029882792999999998,0.004272258000000001,70-H-0_healthy_belt_400rpm,research
5165,-0.018242207000000003,0.029116258,70-H-0_healthy_belt_400rpm,research
5166,0.010507792999999998,-0.008852742,70-H-0_healthy_belt_400rpm,research
5167,0.044256792999999996,0.023022258,70-H-0_healthy_belt_400rpm,research
5168,-0.024493207000000003,-0.015414742,70-H-0_healthy_belt_400rpm,research
5169,0.011132792999999998,0.0002102580000000005,70-H-0_healthy_belt_400rpm,research
5170,-0.005743207000000004,-0.0002587420000000002,70-H-0_healthy_belt_400rpm,research
5171,0.008944792999999996,-0.068383742,70-H-0_healthy_belt_400rpm,research
5172,-0.077930207,0.045991258,70-H-0_healthy_belt_400rpm,research
5173,0.043944792999999996,-0.036821742,70-H-0_healthy_belt_400rpm,research
5174,0.019256792999999994,0.008647258,70-H-0_healthy_belt_400rpm,research
5175,0.016757793,-0.004477742,70-H-0_healthy_belt_400rpm,research
5176,-0.023243207000000002,-0.028696742,70-H-0_healthy_belt_400rpm,research
5177,-0.04574320700000001,0.008959258,70-H-0_healthy_belt_400rpm,research
5178,0.046444793,-0.041508742,70-H-0_healthy_belt_400rpm,research
5179,0.009569792999999997,-0.010571741999999999,70-H-0_healthy_belt_400rpm,research
5180,0.011757792999999996,0.026459258,70-H-0_healthy_belt_400rpm,research
5181,0.004256792999999998,0.002553258,70-H-0_healthy_belt_400rpm,research
5182,-0.036367207,0.008178258,70-H-0_healthy_belt_400rpm,research
5183,-0.041993207000000005,0.0053662580000000005,70-H-0_healthy_belt_400rpm,research
5184,0.028006792999999995,-0.015571742,70-H-0_healthy_belt_400rpm,research
5185,-0.019805207000000002,0.012710257999999999,70-H-0_healthy_belt_400rpm,research
5186,0.020819792999999996,0.013959257999999999,70-H-0_healthy_belt_400rpm,research
5187,0.031444793,-0.019946742,70-H-0_healthy_belt_400rpm,research
5188,-0.030430207,0.046460258,70-H-0_healthy_belt_400rpm,research
5189,-0.010117207000000003,0.002553258,70-H-0_healthy_belt_400rpm,research
5190,0.038632793,-0.049477742,70-H-0_healthy_belt_400rpm,research
5191,-0.034493207,-0.011040742,70-H-0_healthy_belt_400rpm,research
5192,-0.033868207000000004,0.015210258,70-H-0_healthy_belt_400rpm,research
5193,-0.042305207000000004,-0.009633742,70-H-0_healthy_belt_400rpm,research
5194,-0.015743207000000002,-0.0030717419999999997,70-H-0_healthy_belt_400rpm,research
5195,0.062694793,0.028491258,70-H-0_healthy_belt_400rpm,research
5196,-0.028867207000000002,-0.031821742,70-H-0_healthy_belt_400rpm,research
5197,-0.005117207000000004,-0.021040742,70-H-0_healthy_belt_400rpm,research
5198,0.04925679299999999,0.004897258,70-H-0_healthy_belt_400rpm,research
5199,-0.008242207000000003,-0.018383742,70-H-0_healthy_belt_400rpm,research
5200,-0.026055207000000004,0.020053258,70-H-0_healthy_belt_400rpm,research
5201,0.021131792999999996,-0.008696742,70-H-0_healthy_belt_400rpm,research
5202,0.044256792999999996,-0.019008742000000002,70-H-0_healthy_belt_400rpm,research
5203,0.005506792999999996,0.020991258,70-H-0_healthy_belt_400rpm,research
5204,-0.022305207000000004,0.046928258,70-H-0_healthy_belt_400rpm,research
5205,-0.064805207,0.041303258,70-H-0_healthy_belt_400rpm,research
5206,0.011132792999999998,-0.022446742,70-H-0_healthy_belt_400rpm,research
5207,-0.019180207000000005,-0.026040742,70-H-0_healthy_belt_400rpm,research
5208,-0.043243207000000006,0.061147258,70-H-0_healthy_belt_400rpm,research
5209,-0.009180207000000003,-0.009633742,70-H-0_healthy_belt_400rpm,research
5210,-0.057930207000000004,0.016928258,70-H-0_healthy_belt_400rpm,research
5211,0.025507792999999994,-0.009946742,70-H-0_healthy_belt_400rpm,research
5212,0.080194793,-0.040571742,70-H-0_healthy_belt_400rpm,research
5213,-0.10293020700000001,0.030991258,70-H-0_healthy_belt_400rpm,research
5214,0.0026947929999999974,-0.012758742,70-H-0_healthy_belt_400rpm,research
5215,0.034256792999999994,0.024741258,70-H-0_healthy_belt_400rpm,research
5216,0.0039447929999999985,0.013491257999999999,70-H-0_healthy_belt_400rpm,research
5217,0.008319792999999995,-0.011352741999999999,70-H-0_healthy_belt_400rpm,research
5218,0.033632792999999994,-0.015571742,70-H-0_healthy_belt_400rpm,research
5219,-0.007618207000000004,-0.014477742,70-H-0_healthy_belt_400rpm,research
5220,-0.016055207000000002,0.0013032579999999998,70-H-0_healthy_belt_400rpm,research
5221,-0.019180207000000005,-0.038696742,70-H-0_healthy_belt_400rpm,research
5222,-0.060118207,-0.019633742,70-H-0_healthy_belt_400rpm,research
5223,-0.007618207000000004,-0.014477742,70-H-0_healthy_belt_400rpm,research
5224,0.005194792999999996,-0.022290742,70-H-0_healthy_belt_400rpm,research
5225,-0.043867207000000005,0.041928258,70-H-0_healthy_belt_400rpm,research
5226,-0.0010552070000000024,0.010991258,70-H-0_healthy_belt_400rpm,research
5227,0.020506792999999995,0.043803258,70-H-0_healthy_belt_400rpm,research
5228,0.014257792999999998,0.006459258000000001,70-H-0_healthy_belt_400rpm,research
5229,0.008632792999999996,0.009897258,70-H-0_healthy_belt_400rpm,research
5230,0.013319792999999996,-0.001821742,70-H-0_healthy_belt_400rpm,research
5231,0.033944792999999994,0.018022258,70-H-0_healthy_belt_400rpm,research
5232,-0.021055207000000003,-0.008540742,70-H-0_healthy_belt_400rpm,research
5233,-0.023243207000000002,-0.009321742000000001,70-H-0_healthy_belt_400rpm,research
5234,-0.008867207000000004,-0.024165742,70-H-0_healthy_belt_400rpm,research
5235,0.016757793,0.0019282580000000004,70-H-0_healthy_belt_400rpm,research
5236,-0.0029302070000000024,0.023022258,70-H-0_healthy_belt_400rpm,research
5237,0.023007793,-0.0038527419999999997,70-H-0_healthy_belt_400rpm,research
5238,-0.018242207000000003,-0.049477742,70-H-0_healthy_belt_400rpm,research
5239,0.049569793,0.033959258,70-H-0_healthy_belt_400rpm,research
5240,-0.0041802070000000035,0.023960258,70-H-0_healthy_belt_400rpm,research
5241,0.022694792999999998,-0.00041474200000000006,70-H-0_healthy_belt_400rpm,research
5242,0.016444793,0.043022258,70-H-0_healthy_belt_400rpm,research
5243,0.042382792999999995,0.035991258,70-H-0_healthy_belt_400rpm,research
5244,-0.012618207000000003,-0.026196742,70-H-0_healthy_belt_400rpm,research
5245,-0.009805207000000003,0.005678258,70-H-0_healthy_belt_400rpm,research
5246,0.048944793,0.022241258,70-H-0_healthy_belt_400rpm,research
5247,0.027694792999999995,0.040366258,70-H-0_healthy_belt_400rpm,research
5248,0.014569792999999998,-0.013383742,70-H-0_healthy_belt_400rpm,research
5249,-0.008867207000000004,-0.020727742,70-H-0_healthy_belt_400rpm,research
5250,-0.003242207000000002,-0.019633742,70-H-0_healthy_belt_400rpm,research
5251,0.006444792999999997,-0.013696742,70-H-0_healthy_belt_400rpm,research
5252,-0.007618207000000004,-0.005414742,70-H-0_healthy_belt_400rpm,research
5253,-0.005743207000000004,-0.061821742,70-H-0_healthy_belt_400rpm,research
5254,0.012381792999999999,0.002397258,70-H-0_healthy_belt_400rpm,research
5255,0.005194792999999996,0.028491258,70-H-0_healthy_belt_400rpm,research
5256,0.020819792999999996,-0.019946742,70-H-0_healthy_belt_400rpm,research
5257,0.037069793,0.004585258,70-H-0_healthy_belt_400rpm,research
5258,-0.055117207,0.002553258,70-H-0_healthy_belt_400rpm,research
5259,-0.020430207000000002,-0.025883742,70-H-0_healthy_belt_400rpm,research
5260,-0.007305207000000003,0.013647257999999999,70-H-0_healthy_belt_400rpm,research
5261,-0.034805207000000005,0.035522258,70-H-0_healthy_belt_400rpm,research
5262,0.082069793,0.004428258000000001,70-H-0_healthy_belt_400rpm,research
5263,0.032069793,-0.0051027419999999995,70-H-0_healthy_belt_400rpm,research
5264,-0.063242207,0.007241258,70-H-0_healthy_belt_400rpm,research
5265,-0.050118207000000005,0.025522258,70-H-0_healthy_belt_400rpm,research
5266,0.028944792999999996,-0.039477742,70-H-0_healthy_belt_400rpm,research
5267,-0.022618207,0.017709258,70-H-0_healthy_belt_400rpm,research
5268,0.003007792999999998,-0.013071741999999999,70-H-0_healthy_belt_400rpm,research
5269,-0.028555207000000003,-0.028383742,70-H-0_healthy_belt_400rpm,research
5270,-0.030118207,-0.013540742,70-H-0_healthy_belt_400rpm,research
5271,0.014257792999999998,0.037553258,70-H-0_healthy_belt_400rpm,research
5272,-0.009180207000000003,0.019428258,70-H-0_healthy_belt_400rpm,research
5273,-0.041680207000000004,0.046616258,70-H-0_healthy_belt_400rpm,research
5274,-0.007618207000000004,-0.025571742,70-H-0_healthy_belt_400rpm,research
5275,0.010819792999999998,-0.030727742,70-H-0_healthy_belt_400rpm,research
5276,0.026132792999999994,-0.011352741999999999,70-H-0_healthy_belt_400rpm,research
5277,-0.013555207000000003,0.032084258,70-H-0_healthy_belt_400rpm,research
5278,-0.036993207,0.016616258000000002,70-H-0_healthy_belt_400rpm,research
5279,0.05394479299999999,0.005991257999999999,70-H-0_healthy_belt_400rpm,research
5280,0.005194792999999996,-0.0051027419999999995,70-H-0_healthy_belt_400rpm,research
5281,-0.011992207000000003,0.058803258000000004,70-H-0_healthy_belt_400rpm,research
5282,-0.0029302070000000024,-0.040571742,70-H-0_healthy_belt_400rpm,research
5283,-0.006680207000000002,-0.005727742,70-H-0_healthy_belt_400rpm,research
5284,-0.005117207000000004,-0.011665742,70-H-0_healthy_belt_400rpm,research
5285,0.019569792999999995,-0.014321742,70-H-0_healthy_belt_400rpm,research
5286,-0.0013672070000000022,0.020053258,70-H-0_healthy_belt_400rpm,research
5287,-0.005743207000000004,-0.020571742,70-H-0_healthy_belt_400rpm,research
5288,0.04738179299999999,0.0020852580000000004,70-H-0_healthy_belt_400rpm,research
5289,-0.0029302070000000024,0.020366258,70-H-0_healthy_belt_400rpm,research
5290,-0.030430207,-0.038227742,70-H-0_healthy_belt_400rpm,research
5291,0.005506792999999996,0.036928258,70-H-0_healthy_belt_400rpm,research
5292,0.043631792999999995,-0.002446742,70-H-0_healthy_belt_400rpm,research
5293,-0.031368207,0.023022258,70-H-0_healthy_belt_400rpm,research
5294,-0.018555207000000004,-0.009789742,70-H-0_healthy_belt_400rpm,research
5295,0.06956979299999999,-0.019008742000000002,70-H-0_healthy_belt_400rpm,research
5296,0.045819793,-0.036665742,70-H-0_healthy_belt_400rpm,research
5297,-0.020430207000000002,0.019585258,70-H-0_healthy_belt_400rpm,research
5298,-0.016055207000000002,0.06442825799999999,70-H-0_healthy_belt_400rpm,research
5299,-0.032930207,-0.015571742,70-H-0_healthy_belt_400rpm,research
5300,0.011132792999999998,0.012553258000000001,70-H-0_healthy_belt_400rpm,research
5301,0.056757793,-0.007289742,70-H-0_healthy_belt_400rpm,research
5302,-0.017305207000000003,-0.018696742000000002,70-H-0_healthy_belt_400rpm,research
5303,0.003007792999999998,-0.009946742,70-H-0_healthy_belt_400rpm,research
5304,0.04675679299999999,-0.009165742000000001,70-H-0_healthy_belt_400rpm,research
5305,-0.007305207000000003,-0.007758742,70-H-0_healthy_belt_400rpm,research
5306,-0.021992207000000003,0.015053258,70-H-0_healthy_belt_400rpm,research
5307,-0.0010552070000000024,-0.028852742,70-H-0_healthy_belt_400rpm,research
5308,0.015194792999999998,0.057709258,70-H-0_healthy_belt_400rpm,research
5309,0.015819793,-0.024477742,70-H-0_healthy_belt_400rpm,research
5310,-0.011992207000000003,-0.023539742,70-H-0_healthy_belt_400rpm,research
5311,-0.032617207,0.06270925799999999,70-H-0_healthy_belt_400rpm,research
5312,0.007694792999999998,-0.024946742,70-H-0_healthy_belt_400rpm,research
5313,0.001756792999999996,0.004116257999999999,70-H-0_healthy_belt_400rpm,research
5314,0.005819792999999997,0.016147258,70-H-0_healthy_belt_400rpm,research
5315,0.015194792999999998,0.025522258,70-H-0_healthy_belt_400rpm,research
5316,-0.011992207000000003,-0.026352742,70-H-0_healthy_belt_400rpm,research
5317,0.00019479299999999866,0.032709258,70-H-0_healthy_belt_400rpm,research
5318,0.011444792999999998,-0.000727742,70-H-0_healthy_belt_400rpm,research
5319,0.011132792999999998,-0.029946742,70-H-0_healthy_belt_400rpm,research
5320,0.023319793,-0.021040742,70-H-0_healthy_belt_400rpm,research
5321,-0.010743207000000003,0.002710258,70-H-0_healthy_belt_400rpm,research
5322,-0.011367207000000004,0.019428258,70-H-0_healthy_belt_400rpm,research
5323,-0.005743207000000004,0.024272258,70-H-0_healthy_belt_400rpm,research
5324,0.001756792999999996,-0.044165742,70-H-0_healthy_belt_400rpm,research
5325,0.013006792999999996,0.000991258,70-H-0_healthy_belt_400rpm,research
5326,0.028944792999999996,0.012397258000000001,70-H-0_healthy_belt_400rpm,research
5327,-0.048868207000000004,0.0033342580000000005,70-H-0_healthy_belt_400rpm,research
5328,-0.016368207000000003,-0.009165742000000001,70-H-0_healthy_belt_400rpm,research
5329,0.031132793,-0.021821741999999998,70-H-0_healthy_belt_400rpm,research
5330,0.013006792999999996,0.038803258,70-H-0_healthy_belt_400rpm,research
5331,-0.033555207000000004,0.011616258,70-H-0_healthy_belt_400rpm,research
5332,0.00019479299999999866,0.036460258,70-H-0_healthy_belt_400rpm,research
5333,0.005506792999999996,0.036928258,70-H-0_healthy_belt_400rpm,research
5334,0.012694792999999996,-0.019165742,70-H-0_healthy_belt_400rpm,research
5335,0.0008197929999999957,-0.011196741999999999,70-H-0_healthy_belt_400rpm,research
5336,-0.04574320700000001,0.025210258,70-H-0_healthy_belt_400rpm,research
5337,0.032382793,-0.006821742,70-H-0_healthy_belt_400rpm,research
5338,0.009569792999999997,0.004428258000000001,70-H-0_healthy_belt_400rpm,research
5339,-0.059180207000000006,-0.021821741999999998,70-H-0_healthy_belt_400rpm,research
5340,-0.016680207000000002,0.012241258000000001,70-H-0_healthy_belt_400rpm,research
5341,-0.019805207000000002,-0.026196742,70-H-0_healthy_belt_400rpm,research
5342,0.004881792999999995,0.006147258000000001,70-H-0_healthy_belt_400rpm,research
5343,0.023007793,-0.020883742,70-H-0_healthy_belt_400rpm,research
5344,-0.006055207000000003,-0.048071742,70-H-0_healthy_belt_400rpm,research
5345,-0.015117207000000004,0.005209258,70-H-0_healthy_belt_400rpm,research
5346,0.05456979299999999,0.012866257999999998,70-H-0_healthy_belt_400rpm,research
5347,-0.033868207000000004,0.014272258,70-H-0_healthy_belt_400rpm,research
5348,-0.020743207000000003,0.057241258,70-H-0_healthy_belt_400rpm,research
5349,0.07925679299999999,-0.045258742,70-H-0_healthy_belt_400rpm,research
5350,-0.001680207000000003,-0.036352742,70-H-0_healthy_belt_400rpm,research
5351,-0.057930207000000004,0.015210258,70-H-0_healthy_belt_400rpm,research
5352,0.038632793,0.026147258,70-H-0_healthy_belt_400rpm,research
5353,0.023944793,-0.036821742,70-H-0_healthy_belt_400rpm,research
5354,-0.009805207000000003,0.059116258,70-H-0_healthy_belt_400rpm,research
5355,0.049569793,-0.019008742000000002,70-H-0_healthy_belt_400rpm,research
5356,-0.007618207000000004,-0.010727742,70-H-0_healthy_belt_400rpm,research
5357,-0.042305207000000004,0.002710258,70-H-0_healthy_belt_400rpm,research
5358,0.025819792999999994,-0.038696742,70-H-0_healthy_belt_400rpm,research
5359,-0.0004302070000000019,-0.029946742,70-H-0_healthy_belt_400rpm,research
5360,0.0061317929999999965,0.060522258,70-H-0_healthy_belt_400rpm,research
5361,-0.031992207,0.023960258,70-H-0_healthy_belt_400rpm,research
5362,0.016132793,-0.061040742,70-H-0_healthy_belt_400rpm,research
5363,0.036131792999999995,0.006928258,70-H-0_healthy_belt_400rpm,research
5364,0.020506792999999995,-0.023071742,70-H-0_healthy_belt_400rpm,research
5365,0.014569792999999998,-0.051508742,70-H-0_healthy_belt_400rpm,research
5366,0.015507792999999999,-0.0013527419999999997,70-H-0_healthy_belt_400rpm,research
5367,-0.025743207000000004,-0.011040742,70-H-0_healthy_belt_400rpm,research
5368,-0.035743207,0.014428258,70-H-0_healthy_belt_400rpm,research
5369,0.027381792999999995,-0.045883742,70-H-0_healthy_belt_400rpm,research
5370,-0.027930207000000006,-0.015571742,70-H-0_healthy_belt_400rpm,research
5371,0.020194792999999996,0.020210258000000002,70-H-0_healthy_belt_400rpm,research
5372,0.013006792999999996,-0.025883742,70-H-0_healthy_belt_400rpm,research
5373,-0.009180207000000003,0.015991258,70-H-0_healthy_belt_400rpm,research
5374,0.028319792999999996,0.006459258000000001,70-H-0_healthy_belt_400rpm,research
5375,-0.0004302070000000019,-0.003383742,70-H-0_healthy_belt_400rpm,research
5376,-0.022305207000000004,0.08396025800000001,70-H-0_healthy_belt_400rpm,research
5377,-0.021368207000000004,0.007866258000000001,70-H-0_healthy_belt_400rpm,research
5378,-0.005117207000000004,-0.0008837419999999999,70-H-0_healthy_belt_400rpm,research
5379,0.04550779299999999,-0.032446742,70-H-0_healthy_belt_400rpm,research
5380,-0.034180207000000004,-0.009165742000000001,70-H-0_healthy_belt_400rpm,research
5381,-0.008555207000000002,0.006616258,70-H-0_healthy_belt_400rpm,research
5382,0.070507793,-0.012915742,70-H-0_healthy_belt_400rpm,research
5383,0.039882793,0.038803258,70-H-0_healthy_belt_400rpm,research
5384,-0.048868207000000004,0.042710258,70-H-0_healthy_belt_400rpm,research
5385,-0.010743207000000003,-0.030727742,70-H-0_healthy_belt_400rpm,research
5386,0.036756792999999996,-0.004165742,70-H-0_healthy_belt_400rpm,research
5387,0.012694792999999996,0.007710257999999999,70-H-0_healthy_belt_400rpm,research
5388,-0.005743207000000004,-0.032133742,70-H-0_healthy_belt_400rpm,research
5389,0.027381792999999995,-0.015883742,70-H-0_healthy_belt_400rpm,research
5390,-0.019805207000000002,-0.028852742,70-H-0_healthy_belt_400rpm,research
5391,0.013631792999999996,-0.015102742,70-H-0_healthy_belt_400rpm,research
5392,-0.009493207000000004,0.0070842579999999995,70-H-0_healthy_belt_400rpm,research
5393,-0.028242207000000005,0.017241258,70-H-0_healthy_belt_400rpm,research
5394,0.023319793,0.013491257999999999,70-H-0_healthy_belt_400rpm,research
5395,0.018944792999999994,-0.028071742,70-H-0_healthy_belt_400rpm,research
5396,-0.080743207,0.036303258,70-H-0_healthy_belt_400rpm,research
5397,0.024257793,-0.009165742000000001,70-H-0_healthy_belt_400rpm,research
5398,0.031444793,0.030991258,70-H-0_healthy_belt_400rpm,research
5399,-0.010743207000000003,-0.015414742,70-H-0_healthy_belt_400rpm,research
5400,0.0023827929999999976,-0.006196742,70-H-0_healthy_belt_400rpm,research
5401,-0.036680207000000006,0.013647257999999999,70-H-0_healthy_belt_400rpm,research
5402,0.005506792999999996,-0.018227741999999998,70-H-0_healthy_belt_400rpm,research
5403,0.008632792999999996,0.012866257999999998,70-H-0_healthy_belt_400rpm,research
5404,0.032069793,-0.018540742,70-H-0_healthy_belt_400rpm,research
5405,-0.005117207000000004,-0.007915742,70-H-0_healthy_belt_400rpm,research
5406,-0.016992207000000002,0.026772258,70-H-0_healthy_belt_400rpm,research
5407,0.015819793,-0.033696742,70-H-0_healthy_belt_400rpm,research
5408,0.025194793,0.013022258000000002,70-H-0_healthy_belt_400rpm,research
5409,0.010819792999999998,0.029116258,70-H-0_healthy_belt_400rpm,research
5410,0.028319792999999996,-0.039165741999999996,70-H-0_healthy_belt_400rpm,research
5411,0.07925679299999999,0.045522258,70-H-0_healthy_belt_400rpm,research
5412,-0.016992207000000002,0.024897258,70-H-0_healthy_belt_400rpm,research
5413,-0.025430207000000003,-0.002289742,70-H-0_healthy_belt_400rpm,research
5414,0.038319793,-0.048227742,70-H-0_healthy_belt_400rpm,research
5415,0.016444793,-0.081040742,70-H-0_healthy_belt_400rpm,research
5416,0.013631792999999996,0.032709258,70-H-0_healthy_belt_400rpm,research
5417,0.0011327929999999965,-0.037133742,70-H-0_healthy_belt_400rpm,research
5418,-0.022618207,-0.029321742,70-H-0_healthy_belt_400rpm,research
5419,0.052381792999999996,-0.054633742,70-H-0_healthy_belt_400rpm,research
5420,0.032069793,0.0039602579999999995,70-H-0_healthy_belt_400rpm,research
5421,-0.009493207000000004,0.004585258,70-H-0_healthy_belt_400rpm,research
5422,0.010507792999999998,-0.018227741999999998,70-H-0_healthy_belt_400rpm,research
5423,-0.012305207000000002,0.0020852580000000004,70-H-0_healthy_belt_400rpm,research
5424,0.015819793,-0.011821742,70-H-0_healthy_belt_400rpm,research
5425,-0.026055207000000004,0.025991258,70-H-0_healthy_belt_400rpm,research
5426,0.019569792999999995,0.012241258000000001,70-H-0_healthy_belt_400rpm,research
5427,0.029882792999999998,-0.002446742,70-H-0_healthy_belt_400rpm,research
5428,-0.026680207000000004,0.005991257999999999,70-H-0_healthy_belt_400rpm,research
5429,-0.003555207000000003,0.009116258,70-H-0_healthy_belt_400rpm,research
5430,-0.021680207000000003,-0.021977742,70-H-0_healthy_belt_400rpm,research
5431,-0.008555207000000002,0.007553258,70-H-0_healthy_belt_400rpm,research
5432,-0.008555207000000002,0.008335258,70-H-0_healthy_belt_400rpm,research
5433,-0.021680207000000003,0.034897258,70-H-0_healthy_belt_400rpm,research
5434,0.015194792999999998,-0.019789742,70-H-0_healthy_belt_400rpm,research
5435,0.036756792999999996,-0.017602741999999998,70-H-0_healthy_belt_400rpm,research
5436,-0.024805207000000003,0.015835258,70-H-0_healthy_belt_400rpm,research
5437,-0.024805207000000003,-0.028540742,70-H-0_healthy_belt_400rpm,research
5438,-0.005117207000000004,-0.017758742,70-H-0_healthy_belt_400rpm,research
5439,0.020194792999999996,-0.011352741999999999,70-H-0_healthy_belt_400rpm,research
5440,-0.021368207000000004,0.059116258,70-H-0_healthy_belt_400rpm,research
5441,0.012381792999999999,-0.022758742,70-H-0_healthy_belt_400rpm,research
5442,0.035506792999999995,0.004116257999999999,70-H-0_healthy_belt_400rpm,research
5443,-0.009180207000000003,0.029741258,70-H-0_healthy_belt_400rpm,research
5444,-0.013242207000000002,0.006928258,70-H-0_healthy_belt_400rpm,research
5445,-0.005430207000000003,0.013491257999999999,70-H-0_healthy_belt_400rpm,research
5446,0.0014447929999999963,0.035366258,70-H-0_healthy_belt_400rpm,research
5447,-0.0010552070000000024,-0.050883742,70-H-0_healthy_belt_400rpm,research
5448,0.040194793,0.015210258,70-H-0_healthy_belt_400rpm,research
5449,-0.07105520700000001,0.080678258,70-H-0_healthy_belt_400rpm,research
5450,0.046444793,-0.048071742,70-H-0_healthy_belt_400rpm,research
5451,0.021131792999999996,-0.010258742,70-H-0_healthy_belt_400rpm,research
5452,-0.078867207,0.073022258,70-H-0_healthy_belt_400rpm,research
5453,-0.024805207000000003,-0.039790742,70-H-0_healthy_belt_400rpm,research
5454,0.040507793,-0.016977742,70-H-0_healthy_belt_400rpm,research
5455,0.018631792999999994,0.024272258,70-H-0_healthy_belt_400rpm,research
5456,0.043319792999999995,-0.053227742,70-H-0_healthy_belt_400rpm,research
5457,0.0061317929999999965,0.040991258,70-H-0_healthy_belt_400rpm,research
5458,-0.024493207000000003,0.037241258,70-H-0_healthy_belt_400rpm,research
5459,0.001756792999999996,-0.039477742,70-H-0_healthy_belt_400rpm,research
5460,0.033944792999999994,-0.026664741999999998,70-H-0_healthy_belt_400rpm,research
5461,-0.009805207000000003,0.028803257999999998,70-H-0_healthy_belt_400rpm,research
5462,-0.011367207000000004,0.0003662580000000004,70-H-0_healthy_belt_400rpm,research
5463,0.013319792999999996,-0.037915742,70-H-0_healthy_belt_400rpm,research
5464,0.008319792999999995,-0.006821742,70-H-0_healthy_belt_400rpm,research
5465,-0.010743207000000003,0.008647258,70-H-0_healthy_belt_400rpm,research
5466,0.012694792999999996,-0.005414742,70-H-0_healthy_belt_400rpm,research
5467,0.011132792999999998,-0.017914741999999997,70-H-0_healthy_belt_400rpm,research
5468,-0.047930207,-0.004789742,70-H-0_healthy_belt_400rpm,research
5469,0.005506792999999996,-0.010727742,70-H-0_healthy_belt_400rpm,research
5470,0.051444793,-0.011821742,70-H-0_healthy_belt_400rpm,research
5471,-0.033243207000000004,-0.019633742,70-H-0_healthy_belt_400rpm,research
5472,0.003319792999999998,0.0017722580000000005,70-H-0_healthy_belt_400rpm,research
5473,-0.012930207000000003,-0.010258742,70-H-0_healthy_belt_400rpm,research
5474,-0.009805207000000003,0.007866258000000001,70-H-0_healthy_belt_400rpm,research
5475,0.031132793,-0.027446742,70-H-0_healthy_belt_400rpm,research
5476,0.033007792999999994,-0.034321742,70-H-0_healthy_belt_400rpm,research
5477,-0.015117207000000004,0.030522258000000003,70-H-0_healthy_belt_400rpm,research
5478,-0.018867207000000004,0.044585258,70-H-0_healthy_belt_400rpm,research
5479,-0.024805207000000003,-0.014008742,70-H-0_healthy_belt_400rpm,research
5480,0.06175779299999999,-0.016196742,70-H-0_healthy_belt_400rpm,research
5481,-0.011680207000000003,0.019741258,70-H-0_healthy_belt_400rpm,research
5482,-0.006055207000000003,0.046928258,70-H-0_healthy_belt_400rpm,research
5483,-0.0004302070000000019,0.0034912580000000006,70-H-0_healthy_belt_400rpm,research
5484,0.018944792999999994,0.015835258,70-H-0_healthy_belt_400rpm,research
5485,-0.019180207000000005,0.018803258,70-H-0_healthy_belt_400rpm,research
5486,0.069882793,-0.053227742,70-H-0_healthy_belt_400rpm,research
5487,-0.014180207000000004,0.012085258000000001,70-H-0_healthy_belt_400rpm,research
5488,0.000507792999999996,0.017085258,70-H-0_healthy_belt_400rpm,research
5489,-0.007618207000000004,-0.008540742,70-H-0_healthy_belt_400rpm,research
5490,0.008632792999999996,-0.041508742,70-H-0_healthy_belt_400rpm,research
5491,-0.015743207000000002,-0.016352742,70-H-0_healthy_belt_400rpm,research
5492,-0.0010552070000000024,-0.009946742,70-H-0_healthy_belt_400rpm,research
5493,0.029882792999999998,0.020210258000000002,70-H-0_healthy_belt_400rpm,research
5494,-0.026055207000000004,0.029585258000000003,70-H-0_healthy_belt_400rpm,research
5495,-0.008867207000000004,-0.005571741999999999,70-H-0_healthy_belt_400rpm,research
5496,0.018319792999999994,0.008491258,70-H-0_healthy_belt_400rpm,research
5497,-0.023555207,0.031147257999999997,70-H-0_healthy_belt_400rpm,research
5498,-0.006055207000000003,-0.004165742,70-H-0_healthy_belt_400rpm,research
5499,0.013319792999999996,-0.027289742,70-H-0_healthy_belt_400rpm,research
5500,0.024257793,0.032553258,70-H-0_healthy_belt_400rpm,research
5501,0.022069792999999997,0.047709258,70-H-0_healthy_belt_400rpm,research
5502,-0.021680207000000003,-0.014008742,70-H-0_healthy_belt_400rpm,research
5503,0.013319792999999996,-0.015571742,70-H-0_healthy_belt_400rpm,research
5504,0.020819792999999996,-0.008696742,70-H-0_healthy_belt_400rpm,research
5505,0.011132792999999998,-0.034633741999999995,70-H-0_healthy_belt_400rpm,research
5506,-0.033243207000000004,0.015366258,70-H-0_healthy_belt_400rpm,research
5507,-0.062930207,0.042866258,70-H-0_healthy_belt_400rpm,research
5508,0.014569792999999998,-0.011977742,70-H-0_healthy_belt_400rpm,research
5509,0.027381792999999995,0.011772258,70-H-0_healthy_belt_400rpm,research
5510,-0.024180207000000002,0.017085258,70-H-0_healthy_belt_400rpm,research
5511,-0.0041802070000000035,-0.019477742,70-H-0_healthy_belt_400rpm,research
5512,0.029256792999999996,0.032866258,70-H-0_healthy_belt_400rpm,research
5513,0.027069792999999995,-0.041821742,70-H-0_healthy_belt_400rpm,research
5514,-0.044805207,0.024897258,70-H-0_healthy_belt_400rpm,research
5515,0.022069792999999997,-0.060571742,70-H-0_healthy_belt_400rpm,research
5516,0.026757792999999995,-0.016821742,70-H-0_healthy_belt_400rpm,research
5517,-0.018867207000000004,0.024897258,70-H-0_healthy_belt_400rpm,research
5518,-0.028555207000000003,-0.023071742,70-H-0_healthy_belt_400rpm,research
5519,-0.037618207,-0.042133742,70-H-0_healthy_belt_400rpm,research
5520,0.018319792999999994,-0.014946741999999999,70-H-0_healthy_belt_400rpm,research
5521,-0.0013672070000000022,-0.028071742,70-H-0_healthy_belt_400rpm,research
5522,-0.015430207000000003,0.004116257999999999,70-H-0_healthy_belt_400rpm,research
5523,0.0008197929999999957,0.0053662580000000005,70-H-0_healthy_belt_400rpm,research
5524,-0.028555207000000003,-0.010571741999999999,70-H-0_healthy_belt_400rpm,research
5525,-0.008867207000000004,0.044897258,70-H-0_healthy_belt_400rpm,research
5526,0.015819793,-0.014946741999999999,70-H-0_healthy_belt_400rpm,research
5527,-0.021680207000000003,0.022241258,70-H-0_healthy_belt_400rpm,research
5528,0.010194792999999997,-0.018383742,70-H-0_healthy_belt_400rpm,research
5529,0.014569792999999998,-0.007602742,70-H-0_healthy_belt_400rpm,research
5530,-0.043867207000000005,0.021616258,70-H-0_healthy_belt_400rpm,research
5531,0.008319792999999995,0.008178258,70-H-0_healthy_belt_400rpm,research
5532,0.034881792999999994,-0.013383742,70-H-0_healthy_belt_400rpm,research
5533,-0.033243207000000004,0.000834258,70-H-0_healthy_belt_400rpm,research
5534,-0.014805207000000003,0.005991257999999999,70-H-0_healthy_belt_400rpm,research
5535,-0.019180207000000005,0.018647258,70-H-0_healthy_belt_400rpm,research
5536,0.012069792999999995,-0.034946742,70-H-0_healthy_belt_400rpm,research
5537,0.041444792999999994,-0.006665742,70-H-0_healthy_belt_400rpm,research
5538,-0.014493207000000003,0.005053258,70-H-0_healthy_belt_400rpm,research
5539,-0.030118207,0.012710257999999999,70-H-0_healthy_belt_400rpm,research
5540,0.040194793,-0.036352742,70-H-0_healthy_belt_400rpm,research
5541,0.029882792999999998,0.0031782579999999998,70-H-0_healthy_belt_400rpm,research
5542,-0.032930207,0.038491258,70-H-0_healthy_belt_400rpm,research
5543,0.030507793,-0.003383742,70-H-0_healthy_belt_400rpm,research
5544,0.020506792999999995,-0.021508742,70-H-0_healthy_belt_400rpm,research
5545,0.001756792999999996,0.016928258,70-H-0_healthy_belt_400rpm,research
5546,-0.011992207000000003,-0.016665741999999997,70-H-0_healthy_belt_400rpm,research
5547,-0.064805207,-0.018540742,70-H-0_healthy_belt_400rpm,research
5548,0.035194792999999995,-0.002758742,70-H-0_healthy_belt_400rpm,research
5549,0.014257792999999998,0.000991258,70-H-0_healthy_belt_400rpm,research
5550,-0.028555207000000003,0.046147258000000003,70-H-0_healthy_belt_400rpm,research
5551,0.001756792999999996,-0.019008742000000002,70-H-0_healthy_belt_400rpm,research
5552,-0.040742207,0.017397258,70-H-0_healthy_belt_400rpm,research
5553,0.032694793,0.012085258000000001,70-H-0_healthy_belt_400rpm,research
5554,0.05331979299999999,-0.004633742,70-H-0_healthy_belt_400rpm,research
5555,-0.042930207,0.017241258,70-H-0_healthy_belt_400rpm,research
5556,0.021444792999999997,-0.027133742,70-H-0_healthy_belt_400rpm,research
5557,0.027694792999999995,0.005053258,70-H-0_healthy_belt_400rpm,research
5558,-0.04574320700000001,0.017241258,70-H-0_healthy_belt_400rpm,research
5559,-0.005743207000000004,-0.015883742,70-H-0_healthy_belt_400rpm,research
5560,0.017382792999999994,0.0014602579999999999,70-H-0_healthy_belt_400rpm,research
5561,0.013631792999999996,0.032241258,70-H-0_healthy_belt_400rpm,research
5562,-0.013867207000000003,0.039428258,70-H-0_healthy_belt_400rpm,research
5563,-0.008242207000000003,-0.062602742,70-H-0_healthy_belt_400rpm,research
5564,-0.028867207000000002,0.0002102580000000005,70-H-0_healthy_belt_400rpm,research
5565,0.007382792999999999,-0.015883742,70-H-0_healthy_belt_400rpm,research
5566,0.0011327929999999965,-0.001821742,70-H-0_healthy_belt_400rpm,research
5567,-0.052305207000000006,0.023960258,70-H-0_healthy_belt_400rpm,research
5568,0.024257793,-0.014790741999999999,70-H-0_healthy_belt_400rpm,research
5569,0.04550779299999999,-0.016196742,70-H-0_healthy_belt_400rpm,research
5570,-0.019493207000000002,0.025834258,70-H-0_healthy_belt_400rpm,research
5571,-0.013867207000000003,-0.036821742,70-H-0_healthy_belt_400rpm,research
5572,0.011132792999999998,-0.015258742,70-H-0_healthy_belt_400rpm,research
5573,0.018631792999999994,-0.006665742,70-H-0_healthy_belt_400rpm,research
5574,-0.016680207000000002,0.042553258000000004,70-H-0_healthy_belt_400rpm,research
5575,0.008007792999999996,0.014741258,70-H-0_healthy_belt_400rpm,research
5576,0.021444792999999997,0.011616258,70-H-0_healthy_belt_400rpm,research
5577,0.038007793,0.022241258,70-H-0_healthy_belt_400rpm,research
5578,-0.040742207,0.034116258000000003,70-H-0_healthy_belt_400rpm,research
5579,0.016757793,-0.004946742,70-H-0_healthy_belt_400rpm,research
5580,-0.029805207000000004,0.0016162579999999998,70-H-0_healthy_belt_400rpm,research
5581,0.029882792999999998,-0.070102742,70-H-0_healthy_belt_400rpm,research
5582,0.016757793,0.007241258,70-H-0_healthy_belt_400rpm,research
5583,-0.013242207000000002,-0.013071741999999999,70-H-0_healthy_belt_400rpm,research
5584,0.013631792999999996,0.050522258,70-H-0_healthy_belt_400rpm,research
5585,0.014569792999999998,0.018647258,70-H-0_healthy_belt_400rpm,research
5586,-0.015117207000000004,0.014584258,70-H-0_healthy_belt_400rpm,research
5587,-0.011367207000000004,0.0039602579999999995,70-H-0_healthy_belt_400rpm,research
5588,0.047694793,0.0013032579999999998,70-H-0_healthy_belt_400rpm,research
5589,-0.031992207,-0.0002587420000000002,70-H-0_healthy_belt_400rpm,research
5590,-0.030118207,0.009272258,70-H-0_healthy_belt_400rpm,research
5591,0.036756792999999996,-0.013383742,70-H-0_healthy_belt_400rpm,research
5592,0.044256792999999996,-0.006352742,70-H-0_healthy_belt_400rpm,research
5593,-0.006680207000000002,-0.001821742,70-H-0_healthy_belt_400rpm,research
5594,-0.0013672070000000022,0.022709258,70-H-0_healthy_belt_400rpm,research
5595,-0.039805207,-0.039790742,70-H-0_healthy_belt_400rpm,research
5596,0.017069793,-0.021508742,70-H-0_healthy_belt_400rpm,research
5597,0.007382792999999999,0.009116258,70-H-0_healthy_belt_400rpm,research
5598,0.022069792999999997,-0.014633742,70-H-0_healthy_belt_400rpm,research
5599,0.009256792999999996,0.0006782580000000002,70-H-0_healthy_belt_400rpm,research
5600,-0.0063682070000000025,0.008022258,70-H-0_healthy_belt_400rpm,research
5601,0.045819793,0.011147258,70-H-0_healthy_belt_400rpm,research
5602,-0.026368207000000005,-0.015883742,70-H-0_healthy_belt_400rpm,research
5603,-0.012930207000000003,0.009741258000000001,70-H-0_healthy_belt_400rpm,research
5604,0.011444792999999998,0.012397258000000001,70-H-0_healthy_belt_400rpm,research
5605,-0.023555207,0.010834258,70-H-0_healthy_belt_400rpm,research
5606,-0.004492207000000003,0.006147258000000001,70-H-0_healthy_belt_400rpm,research
5607,0.008007792999999996,-0.009633742,70-H-0_healthy_belt_400rpm,research
5608,0.013006792999999996,-0.024633742,70-H-0_healthy_belt_400rpm,research
5609,-0.016680207000000002,-0.027602742,70-H-0_healthy_belt_400rpm,research
5610,-0.0026182070000000026,-0.054477742,70-H-0_healthy_belt_400rpm,research
5611,0.022694792999999998,-0.006508742,70-H-0_healthy_belt_400rpm,research
5612,0.0008197929999999957,0.047397258,70-H-0_healthy_belt_400rpm,research
5613,0.051131792999999995,-0.015727742,70-H-0_healthy_belt_400rpm,research
5614,0.028631792999999996,-0.016508742,70-H-0_healthy_belt_400rpm,research
5615,-0.06980520700000001,-0.016977742,70-H-0_healthy_belt_400rpm,research
5616,-0.062305207,0.015210258,70-H-0_healthy_belt_400rpm,research
5617,-0.010430207000000004,-0.011352741999999999,70-H-0_healthy_belt_400rpm,research
5618,0.042069792999999994,0.020366258,70-H-0_healthy_belt_400rpm,research
5619,-0.027930207000000006,-0.047290742,70-H-0_healthy_belt_400rpm,research
5620,0.041757792999999994,-0.032602742000000004,70-H-0_healthy_belt_400rpm,research
5621,0.036756792999999996,0.047866258,70-H-0_healthy_belt_400rpm,research
5622,-0.029805207000000004,-0.010571741999999999,70-H-0_healthy_belt_400rpm,research
5623,-0.064805207,0.042866258,70-H-0_healthy_belt_400rpm,research
5624,0.0039447929999999985,-0.024790742,70-H-0_healthy_belt_400rpm,research
5625,0.010819792999999998,0.017866258,70-H-0_healthy_belt_400rpm,research
5626,0.010507792999999998,0.012241258000000001,70-H-0_healthy_belt_400rpm,research
5627,0.037694793,-0.011821742,70-H-0_healthy_belt_400rpm,research
5628,-0.004805207000000002,0.024741258,70-H-0_healthy_belt_400rpm,research
5629,-0.011680207000000003,-0.008071742,70-H-0_healthy_belt_400rpm,research
5630,0.008319792999999995,0.013803257999999999,70-H-0_healthy_belt_400rpm,research
5631,-0.019805207000000002,-0.0051027419999999995,70-H-0_healthy_belt_400rpm,research
5632,0.012381792999999999,-0.026196742,70-H-0_healthy_belt_400rpm,research
5633,0.059569792999999996,0.010991258,70-H-0_healthy_belt_400rpm,research
5634,0.016444793,0.041459258,70-H-0_healthy_belt_400rpm,research
5635,-0.024805207000000003,-0.015883742,70-H-0_healthy_belt_400rpm,research
5636,0.018631792999999994,0.014272258,70-H-0_healthy_belt_400rpm,research
5637,0.015194792999999998,0.025366258,70-H-0_healthy_belt_400rpm,research
5638,-0.0041802070000000035,0.026772258,70-H-0_healthy_belt_400rpm,research
5639,-0.043555207,-0.019477742,70-H-0_healthy_belt_400rpm,research
5640,0.012381792999999999,-0.029790742,70-H-0_healthy_belt_400rpm,research
5641,0.052069793,-0.006196742,70-H-0_healthy_belt_400rpm,research
5642,0.049881792999999994,-0.003383742,70-H-0_healthy_belt_400rpm,research
5643,0.007382792999999999,0.020835258,70-H-0_healthy_belt_400rpm,research
5644,-0.040117207,0.0019282580000000004,70-H-0_healthy_belt_400rpm,research
5645,0.022069792999999997,-0.027289742,70-H-0_healthy_belt_400rpm,research
5646,0.033944792999999994,0.018491258,70-H-0_healthy_belt_400rpm,research
5647,-0.014805207000000003,0.003022258,70-H-0_healthy_belt_400rpm,research
5648,0.024569793,0.045366258,70-H-0_healthy_belt_400rpm,research
5649,0.101132793,-0.036665742,70-H-0_healthy_belt_400rpm,research
5650,-0.008242207000000003,-0.013540742,70-H-0_healthy_belt_400rpm,research
5651,-0.061055207,0.033959258,70-H-0_healthy_belt_400rpm,research
5652,0.020819792999999996,0.038178258,70-H-0_healthy_belt_400rpm,research
5653,0.036756792999999996,-0.009165742000000001,70-H-0_healthy_belt_400rpm,research
5654,0.044569792999999996,-0.026821742,70-H-0_healthy_belt_400rpm,research
5655,-0.055117207,0.041772258,70-H-0_healthy_belt_400rpm,research
5656,-0.046368207,0.051928258,70-H-0_healthy_belt_400rpm,research
5657,0.068319793,-0.030102742,70-H-0_healthy_belt_400rpm,research
5658,0.058319792999999995,-0.015414742,70-H-0_healthy_belt_400rpm,research
5659,-0.034805207000000005,0.028491258,70-H-0_healthy_belt_400rpm,research
5660,-0.034180207000000004,0.018178258,70-H-0_healthy_belt_400rpm,research
5661,-0.019180207000000005,-0.007446741999999999,70-H-0_healthy_belt_400rpm,research
5662,-0.005743207000000004,0.010366258,70-H-0_healthy_belt_400rpm,research
5663,-0.048242207,0.0002102580000000005,70-H-0_healthy_belt_400rpm,research
5664,0.069257793,-0.024477742,70-H-0_healthy_belt_400rpm,research
5665,0.06113279299999999,0.016616258000000002,70-H-0_healthy_belt_400rpm,research
5666,-0.053242207,0.017553258,70-H-0_healthy_belt_400rpm,research
5667,-0.026368207000000005,0.0070842579999999995,70-H-0_healthy_belt_400rpm,research
5668,-0.036680207000000006,-0.017446742,70-H-0_healthy_belt_400rpm,research
5669,0.017694793,-0.038540742,70-H-0_healthy_belt_400rpm,research
5670,0.016757793,0.008491258,70-H-0_healthy_belt_400rpm,research
5671,-0.021992207000000003,0.035678258,70-H-0_healthy_belt_400rpm,research
5672,0.014257792999999998,-0.0030717419999999997,70-H-0_healthy_belt_400rpm,research
5673,0.021756792999999996,0.0013032579999999998,70-H-0_healthy_belt_400rpm,research
5674,0.0011327929999999965,0.035835258,70-H-0_healthy_belt_400rpm,research
5675,-0.035430207000000005,-0.0030717419999999997,70-H-0_healthy_belt_400rpm,research
5676,0.0061317929999999965,-0.001665742,70-H-0_healthy_belt_400rpm,research
5677,0.04925679299999999,-0.009946742,70-H-0_healthy_belt_400rpm,research
5678,0.003007792999999998,0.013959257999999999,70-H-0_healthy_belt_400rpm,research
5679,0.008319792999999995,0.018803258,70-H-0_healthy_belt_400rpm,research
5680,0.04863179299999999,-0.014164742,70-H-0_healthy_belt_400rpm,research
5681,-0.018555207000000004,-0.07322774200000001,70-H-0_healthy_belt_400rpm,research
5682,0.015819793,-0.012602742,70-H-0_healthy_belt_400rpm,research
5683,-0.054492207,0.022709258,70-H-0_healthy_belt_400rpm,research
5684,-0.003555207000000003,-0.012602742,70-H-0_healthy_belt_400rpm,research
5685,-0.026055207000000004,-0.004946742,70-H-0_healthy_belt_400rpm,research
5686,0.012694792999999996,0.007866258000000001,70-H-0_healthy_belt_400rpm,research
5687,-0.039805207,0.039585258,70-H-0_healthy_belt_400rpm,research
5688,-0.03793020700000001,-0.001665742,70-H-0_healthy_belt_400rpm,research
5689,0.037694793,0.011616258,70-H-0_healthy_belt_400rpm,research
5690,0.024257793,0.0070842579999999995,70-H-0_healthy_belt_400rpm,research
5691,-0.024805207000000003,0.0033342580000000005,70-H-0_healthy_belt_400rpm,research
5692,-0.005430207000000003,-0.024633742,70-H-0_healthy_belt_400rpm,research
5693,-0.005117207000000004,0.041147258,70-H-0_healthy_belt_400rpm,research
5694,0.003007792999999998,0.017553258,70-H-0_healthy_belt_400rpm,research
5695,0.016132793,-0.041508742,70-H-0_healthy_belt_400rpm,research
5696,0.021756792999999996,-0.007602742,70-H-0_healthy_belt_400rpm,research
5697,-0.013242207000000002,-0.023696742,70-H-0_healthy_belt_400rpm,research
5698,0.029256792999999996,-0.007602742,70-H-0_healthy_belt_400rpm,research
5699,-0.030118207,0.005678258,70-H-0_healthy_belt_400rpm,research
5700,-0.0023052070000000036,0.016460258,70-H-0_healthy_belt_400rpm,research
5701,0.0061317929999999965,0.012710257999999999,70-H-0_healthy_belt_400rpm,research
5702,0.016757793,0.021147258,70-H-0_healthy_belt_400rpm,research
5703,0.001756792999999996,0.018647258,70-H-0_healthy_belt_400rpm,research
5704,-0.019805207000000002,-0.027446742,70-H-0_healthy_belt_400rpm,research
5705,0.04925679299999999,-0.014008742,70-H-0_healthy_belt_400rpm,research
5706,-0.004492207000000003,0.022084258,70-H-0_healthy_belt_400rpm,research
5707,-0.055430207,-0.022133742,70-H-0_healthy_belt_400rpm,research
5708,0.050506792999999994,-0.010727742,70-H-0_healthy_belt_400rpm,research
5709,-0.007930207000000003,-0.007289742,70-H-0_healthy_belt_400rpm,research
5710,-0.014493207000000003,-0.018383742,70-H-0_healthy_belt_400rpm,research
5711,0.007382792999999999,-0.0011967419999999998,70-H-0_healthy_belt_400rpm,research
5712,-0.04699220700000001,0.005678258,70-H-0_healthy_belt_400rpm,research
5713,-0.028867207000000002,-0.000727742,70-H-0_healthy_belt_400rpm,research
5714,0.031132793,-0.039946742,70-H-0_healthy_belt_400rpm,research
5715,-0.018242207000000003,-0.030571742,70-H-0_healthy_belt_400rpm,research
5716,0.0026947929999999974,0.058022258,70-H-0_healthy_belt_400rpm,research
5717,-0.007618207000000004,-0.020727742,70-H-0_healthy_belt_400rpm,research
5718,-0.0007422070000000017,0.007866258000000001,70-H-0_healthy_belt_400rpm,research
5719,0.022694792999999998,0.033178258,70-H-0_healthy_belt_400rpm,research
5720,-0.010743207000000003,-0.07650874199999999,70-H-0_healthy_belt_400rpm,research
5721,-0.012305207000000002,-0.036821742,70-H-0_healthy_belt_400rpm,research
5722,0.033632792999999994,0.031303258,70-H-0_healthy_belt_400rpm,research
5723,-0.007930207000000003,-0.015258742,70-H-0_healthy_belt_400rpm,research
5724,-0.010430207000000004,0.0003662580000000004,70-H-0_healthy_belt_400rpm,research
5725,0.075194793,-0.019477742,70-H-0_healthy_belt_400rpm,research
5726,-0.04574320700000001,0.0014602579999999999,70-H-0_healthy_belt_400rpm,research
5727,-0.032617207,0.031616258,70-H-0_healthy_belt_400rpm,research
5728,-0.026055207000000004,0.015991258,70-H-0_healthy_belt_400rpm,research
5729,0.005506792999999996,-0.0038527419999999997,70-H-0_healthy_belt_400rpm,research
5730,0.008944792999999996,0.035210258,70-H-0_healthy_belt_400rpm,research
5731,0.011444792999999998,-0.074633742,70-H-0_healthy_belt_400rpm,research
5732,-0.014493207000000003,-0.016508742,70-H-0_healthy_belt_400rpm,research
5733,-0.019493207000000002,0.021460258,70-H-0_healthy_belt_400rpm,research
5734,0.039257793,-0.043383742,70-H-0_healthy_belt_400rpm,research
5735,-0.006055207000000003,-0.013852742,70-H-0_healthy_belt_400rpm,research
5736,0.019256792999999994,0.006459258000000001,70-H-0_healthy_belt_400rpm,research
5737,-0.039805207,-0.022290742,70-H-0_healthy_belt_400rpm,research
5738,0.019569792999999995,-0.020571742,70-H-0_healthy_belt_400rpm,research
5739,-0.020117207,0.033334258,70-H-0_healthy_belt_400rpm,research
5740,0.027069792999999995,0.021460258,70-H-0_healthy_belt_400rpm,research
5741,-0.030118207,-0.024633742,70-H-0_healthy_belt_400rpm,research
5742,-0.0026182070000000026,0.014428258,70-H-0_healthy_belt_400rpm,research
5743,0.006757792999999998,0.029116258,70-H-0_healthy_belt_400rpm,research
5744,-0.021368207000000004,-0.007915742,70-H-0_healthy_belt_400rpm,research
5745,0.007694792999999998,0.013647257999999999,70-H-0_healthy_belt_400rpm,research
5746,-0.014180207000000004,0.024741258,70-H-0_healthy_belt_400rpm,research
5747,0.04925679299999999,-0.020258742,70-H-0_healthy_belt_400rpm,research
5748,-0.022618207,0.054897258,70-H-0_healthy_belt_400rpm,research
5749,-0.019493207000000002,0.002866258,70-H-0_healthy_belt_400rpm,research
5750,0.052694793000000004,-0.016352742,70-H-0_healthy_belt_400rpm,research
5751,-0.049493207000000004,-0.008696742,70-H-0_healthy_belt_400rpm,research
5752,-0.041368207000000004,0.038178258,70-H-0_healthy_belt_400rpm,research
5753,0.030507793,-0.010258742,70-H-0_healthy_belt_400rpm,research
5754,0.003007792999999998,-0.018383742,70-H-0_healthy_belt_400rpm,research
5755,0.004569792999999996,0.004272258000000001,70-H-0_healthy_belt_400rpm,research
5756,-0.027930207000000006,0.054897258,70-H-0_healthy_belt_400rpm,research
5757,-0.022930207,-0.024790742,70-H-0_healthy_belt_400rpm,research
5758,0.060194792999999996,-0.024008742,70-H-0_healthy_belt_400rpm,research
5759,0.004881792999999995,0.022084258,70-H-0_healthy_belt_400rpm,research
5760,0.024569793,-0.007602742,70-H-0_healthy_belt_400rpm,research
5761,-0.032617207,-0.00010274199999999942,70-H-0_healthy_belt_400rpm,research
5762,0.028319792999999996,-0.014164742,70-H-0_healthy_belt_400rpm,research
5763,-0.010743207000000003,-0.012758742,70-H-0_healthy_belt_400rpm,research
5764,0.028631792999999996,-0.025727742,70-H-0_healthy_belt_400rpm,research
5765,-0.007930207000000003,0.008022258,70-H-0_healthy_belt_400rpm,research
5766,-0.034180207000000004,-0.049008742,70-H-0_healthy_belt_400rpm,research
5767,0.016132793,0.009272258,70-H-0_healthy_belt_400rpm,research
5768,-0.0026182070000000026,0.015835258,70-H-0_healthy_belt_400rpm,research
5769,-0.031680207,-0.002758742,70-H-0_healthy_belt_400rpm,research
5770,0.05581979299999999,-0.009477742,70-H-0_healthy_belt_400rpm,research
5771,0.008632792999999996,0.024897258,70-H-0_healthy_belt_400rpm,research
5772,-0.091368207,0.045678258,70-H-0_healthy_belt_400rpm,research
5773,-0.010430207000000004,-0.012758742,70-H-0_healthy_belt_400rpm,research
5774,0.015507792999999999,0.017866258,70-H-0_healthy_belt_400rpm,research
5775,-0.013242207000000002,0.022241258,70-H-0_healthy_belt_400rpm,research
5776,-0.008242207000000003,0.037397258,70-H-0_healthy_belt_400rpm,research
5777,-0.013242207000000002,0.008335258,70-H-0_healthy_belt_400rpm,research
5778,0.049881792999999994,-0.07494674200000001,70-H-0_healthy_belt_400rpm,research
5779,0.0023827929999999976,0.022709258,70-H-0_healthy_belt_400rpm,research
5780,0.052381792999999996,-0.0021337419999999997,70-H-0_healthy_belt_400rpm,research
5781,-0.044180207,-0.014008742,70-H-0_healthy_belt_400rpm,research
5782,0.06300779299999999,-0.020571742,70-H-0_healthy_belt_400rpm,research
5783,-0.028867207000000002,0.034741258,70-H-0_healthy_belt_400rpm,research
5784,-0.042930207,0.026928258000000004,70-H-0_healthy_belt_400rpm,research
5785,-0.011992207000000003,0.0036472580000000004,70-H-0_healthy_belt_400rpm,research
5786,0.058632793,-0.046821742,70-H-0_healthy_belt_400rpm,research
5787,-0.023555207,0.005053258,70-H-0_healthy_belt_400rpm,research
5788,-0.013555207000000003,0.013022258000000002,70-H-0_healthy_belt_400rpm,research
5789,0.008632792999999996,0.017241258,70-H-0_healthy_belt_400rpm,research
5790,-0.011055207000000003,-0.039477742,70-H-0_healthy_belt_400rpm,research
5791,0.041444792999999994,-0.064946742,70-H-0_healthy_belt_400rpm,research
5792,0.013006792999999996,0.039897258,70-H-0_healthy_belt_400rpm,research
5793,0.0039447929999999985,-0.016821742,70-H-0_healthy_belt_400rpm,research
5794,-0.022618207,-0.024477742,70-H-0_healthy_belt_400rpm,research
5795,0.017382792999999994,-0.046665742,70-H-0_healthy_belt_400rpm,research
5796,0.009881792999999996,0.023178258,70-H-0_healthy_belt_400rpm,research
5797,-0.015117207000000004,0.032709258,70-H-0_healthy_belt_400rpm,research
5798,0.043319792999999995,-0.033540742,70-H-0_healthy_belt_400rpm,research
5799,0.014882792999999998,0.008803258,70-H-0_healthy_belt_400rpm,research
5800,-0.055430207,0.011616258,70-H-0_healthy_belt_400rpm,research
5801,-0.006055207000000003,0.032553258,70-H-0_healthy_belt_400rpm,research
5802,-0.029180207000000003,-0.002289742,70-H-0_healthy_belt_400rpm,research
5803,-0.027930207000000006,-0.060102742,70-H-0_healthy_belt_400rpm,research
5804,0.023007793,0.009116258,70-H-0_healthy_belt_400rpm,research
5805,-0.030743207,0.056928258,70-H-0_healthy_belt_400rpm,research
5806,0.011132792999999998,0.004428258000000001,70-H-0_healthy_belt_400rpm,research
5807,0.054257793,-0.010415741999999999,70-H-0_healthy_belt_400rpm,research
5808,0.034569792999999994,0.009428258,70-H-0_healthy_belt_400rpm,research
5809,-0.023243207000000002,0.009116258,70-H-0_healthy_belt_400rpm,research
5810,0.042069792999999994,-0.050102742,70-H-0_healthy_belt_400rpm,research
5811,0.04738179299999999,-0.007133742,70-H-0_healthy_belt_400rpm,research
5812,0.028319792999999996,0.053022258,70-H-0_healthy_belt_400rpm,research
5813,0.036444792999999996,-0.050727742,70-H-0_healthy_belt_400rpm,research
5814,-0.005743207000000004,0.027397258,70-H-0_healthy_belt_400rpm,research
5815,0.032694793,-0.015571742,70-H-0_healthy_belt_400rpm,research
5816,0.011444792999999998,0.013959257999999999,70-H-0_healthy_belt_400rpm,research
5817,0.0039447929999999985,-0.007446741999999999,70-H-0_healthy_belt_400rpm,research
5818,-0.006992207000000004,0.015053258,70-H-0_healthy_belt_400rpm,research
5819,0.016132793,0.008803258,70-H-0_healthy_belt_400rpm,research
5820,0.010819792999999998,-0.059008742,70-H-0_healthy_belt_400rpm,research
5821,0.010507792999999998,0.015366258,70-H-0_healthy_belt_400rpm,research
5822,-0.006055207000000003,0.028647258000000002,70-H-0_healthy_belt_400rpm,research
5823,0.026132792999999994,-0.022758742,70-H-0_healthy_belt_400rpm,research
5824,0.034256792999999994,0.060834257999999995,70-H-0_healthy_belt_400rpm,research
5825,-0.023867207,0.030210257999999997,70-H-0_healthy_belt_400rpm,research
5826,0.025194793,-0.055258742,70-H-0_healthy_belt_400rpm,research
5827,0.034569792999999994,-0.020883742,70-H-0_healthy_belt_400rpm,research
5828,-0.018867207000000004,0.054741258,70-H-0_healthy_belt_400rpm,research
5829,-0.014180207000000004,-0.0051027419999999995,70-H-0_healthy_belt_400rpm,research
5830,0.04863179299999999,-0.014164742,70-H-0_healthy_belt_400rpm,research
5831,0.019881792999999995,0.020835258,70-H-0_healthy_belt_400rpm,research
5832,0.015194792999999998,-0.037290742,70-H-0_healthy_belt_400rpm,research
5833,-0.012305207000000002,0.013803257999999999,70-H-0_healthy_belt_400rpm,research
5834,-0.043867207000000005,0.034272258,70-H-0_healthy_belt_400rpm,research
5835,0.024882793,-0.014477742,70-H-0_healthy_belt_400rpm,research
5836,0.037381792999999996,-0.022290742,70-H-0_healthy_belt_400rpm,research
5837,0.009881792999999996,0.011928258,70-H-0_healthy_belt_400rpm,research
5838,-0.0063682070000000025,0.023960258,70-H-0_healthy_belt_400rpm,research
5839,-0.013242207000000002,-0.013383742,70-H-0_healthy_belt_400rpm,research
5840,0.0061317929999999965,-0.025883742,70-H-0_healthy_belt_400rpm,research
5841,-0.036055207000000006,-0.013852742,70-H-0_healthy_belt_400rpm,research
5842,0.019256792999999994,-0.008383742,70-H-0_healthy_belt_400rpm,research
5843,0.028631792999999996,0.038178258,70-H-0_healthy_belt_400rpm,research
5844,-0.009493207000000004,0.002553258,70-H-0_healthy_belt_400rpm,research
5845,-0.034493207,0.022084258,70-H-0_healthy_belt_400rpm,research
5846,0.025507792999999994,0.004272258000000001,70-H-0_healthy_belt_400rpm,research
5847,-0.035430207000000005,0.032866258,70-H-0_healthy_belt_400rpm,research
5848,0.029569792999999997,0.008335258,70-H-0_healthy_belt_400rpm,research
5849,-0.012930207000000003,0.021303258,70-H-0_healthy_belt_400rpm,research
5850,-0.007618207000000004,-0.010883742,70-H-0_healthy_belt_400rpm,research
5851,-0.022618207,-0.001665742,70-H-0_healthy_belt_400rpm,research
5852,0.024257793,-0.007915742,70-H-0_healthy_belt_400rpm,research
5853,0.021131792999999996,-0.014477742,70-H-0_healthy_belt_400rpm,research
5854,-0.017305207000000003,0.005053258,70-H-0_healthy_belt_400rpm,research
5855,-0.037618207,0.025678258,70-H-0_healthy_belt_400rpm,research
5856,0.063319793,-0.012915742,70-H-0_healthy_belt_400rpm,research
5857,-0.00011720700000000459,0.027710258,70-H-0_healthy_belt_400rpm,research
5858,0.0039447929999999985,0.010991258,70-H-0_healthy_belt_400rpm,research
5859,0.022694792999999998,-0.040102742,70-H-0_healthy_belt_400rpm,research
5860,-0.011367207000000004,0.052085258,70-H-0_healthy_belt_400rpm,research
5861,-0.028242207000000005,0.055366258,70-H-0_healthy_belt_400rpm,research
5862,0.008632792999999996,-0.003540742,70-H-0_healthy_belt_400rpm,research
5863,-0.016680207000000002,-0.022602742,70-H-0_healthy_belt_400rpm,research
5864,-0.006992207000000004,-0.009008742,70-H-0_healthy_belt_400rpm,research
5865,0.066756793,0.007397258,70-H-0_healthy_belt_400rpm,research
5866,0.026444792999999994,-0.011665742,70-H-0_healthy_belt_400rpm,research
5867,-0.015430207000000003,0.005835257999999999,70-H-0_healthy_belt_400rpm,research
5868,-0.007305207000000003,-0.004477742,70-H-0_healthy_belt_400rpm,research
5869,0.027694792999999995,-0.015883742,70-H-0_healthy_belt_400rpm,research
5870,-0.051368207000000006,0.032084258,70-H-0_healthy_belt_400rpm,research
5871,0.025194793,-0.037602742,70-H-0_healthy_belt_400rpm,research
5872,0.026444792999999994,-0.003696742,70-H-0_healthy_belt_400rpm,research
5873,-0.016680207000000002,0.045366258,70-H-0_healthy_belt_400rpm,research
5874,-0.013867207000000003,-0.011040742,70-H-0_healthy_belt_400rpm,research
5875,0.050819793,-0.014633742,70-H-0_healthy_belt_400rpm,research
5876,-0.007930207000000003,-0.0030717419999999997,70-H-0_healthy_belt_400rpm,research
5877,0.004881792999999995,0.043960258,70-H-0_healthy_belt_400rpm,research
5878,-0.026992207000000004,0.022553258,70-H-0_healthy_belt_400rpm,research
5879,0.031132793,-0.055571742,70-H-0_healthy_belt_400rpm,research
5880,-0.021055207000000003,0.016460258,70-H-0_healthy_belt_400rpm,research
5881,0.042382792999999995,0.0022412580000000003,70-H-0_healthy_belt_400rpm,research
5882,-0.069492207,0.045678258,70-H-0_healthy_belt_400rpm,research
5883,0.004881792999999995,-0.009789742,70-H-0_healthy_belt_400rpm,research
5884,0.034256792999999994,5.325800000000047e-05,70-H-0_healthy_belt_400rpm,research
5885,0.018631792999999994,0.050053258,70-H-0_healthy_belt_400rpm,research
5886,0.0026947929999999974,0.004741258,70-H-0_healthy_belt_400rpm,research
5887,0.005506792999999996,0.0020852580000000004,70-H-0_healthy_belt_400rpm,research
5888,0.048944793,-0.012915742,70-H-0_healthy_belt_400rpm,research
5889,-0.007305207000000003,-0.044008741999999997,70-H-0_healthy_belt_400rpm,research
5890,-0.070117207,0.004428258000000001,70-H-0_healthy_belt_400rpm,research
5891,-0.023555207,-0.07525874199999999,70-H-0_healthy_belt_400rpm,research
5892,0.019569792999999995,-0.007446741999999999,70-H-0_healthy_belt_400rpm,research
5893,0.081131793,0.012553258000000001,70-H-0_healthy_belt_400rpm,research
5894,-0.041368207000000004,0.033803258,70-H-0_healthy_belt_400rpm,research
5895,-0.031992207,0.013803257999999999,70-H-0_healthy_belt_400rpm,research
5896,0.038007793,-0.011352741999999999,70-H-0_healthy_belt_400rpm,research
5897,-0.0038672070000000027,-0.031039742,70-H-0_healthy_belt_400rpm,research
5898,-0.047930207,0.005991257999999999,70-H-0_healthy_belt_400rpm,research
5899,-0.004492207000000003,-0.009946742,70-H-0_healthy_belt_400rpm,research
5900,0.010194792999999997,-0.0019777419999999998,70-H-0_healthy_belt_400rpm,research
5901,-0.012305207000000002,0.028647258000000002,70-H-0_healthy_belt_400rpm,research
5902,0.012381792999999999,0.023022258,70-H-0_healthy_belt_400rpm,research
5903,-0.011367207000000004,5.325800000000047e-05,70-H-0_healthy_belt_400rpm,research
5904,0.023632793,0.013491257999999999,70-H-0_healthy_belt_400rpm,research
5905,0.000507792999999996,0.013491257999999999,70-H-0_healthy_belt_400rpm,research
5906,-0.035430207000000005,0.010991258,70-H-0_healthy_belt_400rpm,research
5907,-0.030430207,-0.007446741999999999,70-H-0_healthy_belt_400rpm,research
5908,0.034881792999999994,-0.043227742,70-H-0_healthy_belt_400rpm,research
5909,-0.025743207000000004,-0.005414742,70-H-0_healthy_belt_400rpm,research
5910,-0.012930207000000003,0.006616258,70-H-0_healthy_belt_400rpm,research
5911,-0.022618207,-0.021665741999999998,70-H-0_healthy_belt_400rpm,research
5912,0.030194792999999998,-0.0010397419999999997,70-H-0_healthy_belt_400rpm,research
5913,0.006757792999999998,0.022397258,70-H-0_healthy_belt_400rpm,research
5914,-0.020117207,-0.004321742,70-H-0_healthy_belt_400rpm,research
5915,0.008632792999999996,0.009741258000000001,70-H-0_healthy_belt_400rpm,research
5916,0.053006792999999996,0.017397258,70-H-0_healthy_belt_400rpm,research
5917,-0.031368207,-0.009008742,70-H-0_healthy_belt_400rpm,research
5918,-0.006680207000000002,-0.008383742,70-H-0_healthy_belt_400rpm,research
5919,0.04613279299999999,-0.007915742,70-H-0_healthy_belt_400rpm,research
5920,0.034881792999999994,-0.008540742,70-H-0_healthy_belt_400rpm,research
5921,0.014882792999999998,0.005053258,70-H-0_healthy_belt_400rpm,research
5922,-0.076680207,0.013491257999999999,70-H-0_healthy_belt_400rpm,research
5923,-0.063242207,0.008491258,70-H-0_healthy_belt_400rpm,research
5924,-0.024493207000000003,-0.024321742,70-H-0_healthy_belt_400rpm,research
5925,0.014257792999999998,-0.034321742,70-H-0_healthy_belt_400rpm,research
5926,-0.021368207000000004,0.030678258,70-H-0_healthy_belt_400rpm,research
5927,-0.029493207,-0.011196741999999999,70-H-0_healthy_belt_400rpm,research
5928,0.018944792999999994,-0.005571741999999999,70-H-0_healthy_belt_400rpm,research
5929,0.005819792999999997,0.040991258,70-H-0_healthy_belt_400rpm,research
5930,0.038944793,-0.036508742,70-H-0_healthy_belt_400rpm,research
5931,-0.065430207,0.024897258,70-H-0_healthy_belt_400rpm,research
5932,-0.013555207000000003,0.017241258,70-H-0_healthy_belt_400rpm,research
5933,0.051756792999999995,0.005209258,70-H-0_healthy_belt_400rpm,research
5934,-0.029493207,-0.015414742,70-H-0_healthy_belt_400rpm,research
5935,-0.022618207,-0.020883742,70-H-0_healthy_belt_400rpm,research
5936,0.005506792999999996,-0.008540742,70-H-0_healthy_belt_400rpm,research
5937,-0.034493207,0.008022258,70-H-0_healthy_belt_400rpm,research
5938,0.022694792999999998,-0.037446742,70-H-0_healthy_belt_400rpm,research
5939,0.003007792999999998,-0.026977742,70-H-0_healthy_belt_400rpm,research
5940,-0.011367207000000004,0.002553258,70-H-0_healthy_belt_400rpm,research
5941,-0.016368207000000003,0.002397258,70-H-0_healthy_belt_400rpm,research
5942,0.0023827929999999976,-0.003383742,70-H-0_healthy_belt_400rpm,research
5943,-0.020743207000000003,0.034428258,70-H-0_healthy_belt_400rpm,research
5944,0.011444792999999998,-0.015258742,70-H-0_healthy_belt_400rpm,research
5945,0.038319793,0.017397258,70-H-0_healthy_belt_400rpm,research
5946,-0.016055207000000002,0.025678258,70-H-0_healthy_belt_400rpm,research
5947,-0.007305207000000003,0.037710258,70-H-0_healthy_belt_400rpm,research
5948,0.04613279299999999,-0.012133742,70-H-0_healthy_belt_400rpm,research
5949,0.029256792999999996,-0.047446742,70-H-0_healthy_belt_400rpm,research
5950,0.004569792999999996,0.014741258,70-H-0_healthy_belt_400rpm,research
5951,-0.011055207000000003,0.038960258,70-H-0_healthy_belt_400rpm,research
5952,0.011444792999999998,-0.022133742,70-H-0_healthy_belt_400rpm,research
5953,-0.024493207000000003,0.008022258,70-H-0_healthy_belt_400rpm,research
5954,0.008319792999999995,-0.019008742000000002,70-H-0_healthy_belt_400rpm,research
5955,-0.015743207000000002,0.0017722580000000005,70-H-0_healthy_belt_400rpm,research
5956,-0.0007422070000000017,0.003022258,70-H-0_healthy_belt_400rpm,research
5957,-0.011680207000000003,-0.043852742,70-H-0_healthy_belt_400rpm,research
5958,0.032069793,-0.0030717419999999997,70-H-0_healthy_belt_400rpm,research
5959,0.011132792999999998,0.015053258,70-H-0_healthy_belt_400rpm,research
5960,-0.014805207000000003,0.067553258,70-H-0_healthy_belt_400rpm,research
5961,0.11456979299999999,-0.015258742,70-H-0_healthy_belt_400rpm,research
5962,0.016757793,-0.012133742,70-H-0_healthy_belt_400rpm,research
5963,-0.016055207000000002,0.039116258,70-H-0_healthy_belt_400rpm,research
5964,0.042382792999999995,-0.07057174199999999,70-H-0_healthy_belt_400rpm,research
5965,-0.0063682070000000025,-0.037133742,70-H-0_healthy_belt_400rpm,research
5966,-0.034805207000000005,-0.011040742,70-H-0_healthy_belt_400rpm,research
5967,0.0026947929999999974,-0.004477742,70-H-0_healthy_belt_400rpm,research
5968,-0.009493207000000004,-0.0038527419999999997,70-H-0_healthy_belt_400rpm,research
5969,0.008007792999999996,0.035678258,70-H-0_healthy_belt_400rpm,research
5970,-0.004805207000000002,-0.012758742,70-H-0_healthy_belt_400rpm,research
5971,-0.035118207,-0.031977742,70-H-0_healthy_belt_400rpm,research
5972,-0.005117207000000004,0.011460258000000001,70-H-0_healthy_belt_400rpm,research
5973,-0.013867207000000003,0.016303258,70-H-0_healthy_belt_400rpm,research
5974,0.035819792999999996,-0.035883742,70-H-0_healthy_belt_400rpm,research
5975,0.043944792999999996,0.008491258,70-H-0_healthy_belt_400rpm,research
5976,-0.011680207000000003,0.038335258,70-H-0_healthy_belt_400rpm,research
5977,0.012069792999999995,-0.005414742,70-H-0_healthy_belt_400rpm,research
5978,0.014569792999999998,0.002866258,70-H-0_healthy_belt_400rpm,research
5979,-0.04511820700000001,0.012710257999999999,70-H-0_healthy_belt_400rpm,research
5980,0.003007792999999998,-0.0008837419999999999,70-H-0_healthy_belt_400rpm,research
5981,0.026132792999999994,-0.037290742,70-H-0_healthy_belt_400rpm,research
5982,-0.008867207000000004,0.004741258,70-H-0_healthy_belt_400rpm,research
5983,-0.017930207000000004,0.015366258,70-H-0_healthy_belt_400rpm,research
5984,-0.038867207,-0.022602742,70-H-0_healthy_belt_400rpm,research
5985,-0.020743207000000003,0.008959258,70-H-0_healthy_belt_400rpm,research
5986,0.014882792999999998,-0.005414742,70-H-0_healthy_belt_400rpm,research
5987,0.026444792999999994,-0.006977742,70-H-0_healthy_belt_400rpm,research
5988,0.004569792999999996,-0.011196741999999999,70-H-0_healthy_belt_400rpm,research
5989,-0.015743207000000002,-0.035258741999999996,70-H-0_healthy_belt_400rpm,research
5990,-0.040117207,0.035522258,70-H-0_healthy_belt_400rpm,research
5991,-0.015117207000000004,0.021303258,70-H-0_healthy_belt_400rpm,research
5992,-0.029180207000000003,-0.041196742,70-H-0_healthy_belt_400rpm,research
5993,-0.017930207000000004,-0.007915742,70-H-0_healthy_belt_400rpm,research
5994,0.043944792999999996,-0.041508742,70-H-0_healthy_belt_400rpm,research
5995,-0.027305207000000005,0.036928258,70-H-0_healthy_belt_400rpm,research
5996,-0.040742207,0.069272258,70-H-0_healthy_belt_400rpm,research
5997,0.008007792999999996,-0.002446742,70-H-0_healthy_belt_400rpm,research
5998,0.015507792999999999,0.004897258,70-H-0_healthy_belt_400rpm,research
5999,0.042069792999999994,0.022709258,70-H-0_healthy_belt_400rpm,research
6000,-0.017930207000000004,-0.041039742,70-H-0_healthy_belt_400rpm,research
6001,-0.044805207,0.051928258,70-H-0_healthy_belt_400rpm,research
6002,-0.048242207,-0.015727742,70-H-0_healthy_belt_400rpm,research
6003,0.027069792999999995,-0.020883742,70-H-0_healthy_belt_400rpm,research
6004,-0.029180207000000003,0.032709258,70-H-0_healthy_belt_400rpm,research
6005,-0.041993207000000005,-0.009321742000000001,70-H-0_healthy_belt_400rpm,research
6006,0.008007792999999996,-0.028852742,70-H-0_healthy_belt_400rpm,research
6007,-0.013867207000000003,0.034741258,70-H-0_healthy_belt_400rpm,research
6008,-0.027618207000000002,-0.022602742,70-H-0_healthy_belt_400rpm,research
6009,0.005819792999999997,-0.043696742,70-H-0_healthy_belt_400rpm,research
6010,0.052694793000000004,-0.022133742,70-H-0_healthy_belt_400rpm,research
6011,-0.010117207000000003,-0.007133742,70-H-0_healthy_belt_400rpm,research
6012,-0.001680207000000003,-0.002758742,70-H-0_healthy_belt_400rpm,research
6013,-0.015743207000000002,-0.009477742,70-H-0_healthy_belt_400rpm,research
6014,0.05644479299999999,-0.028227742,70-H-0_healthy_belt_400rpm,research
6015,-0.042930207,0.034741258,70-H-0_healthy_belt_400rpm,research
6016,-0.051055207000000005,0.060053258000000005,70-H-0_healthy_belt_400rpm,research
6017,-0.018867207000000004,-0.018071742000000002,70-H-0_healthy_belt_400rpm,research
6018,0.036131792999999995,0.020991258,70-H-0_healthy_belt_400rpm,research
6019,0.023632793,0.031459258,70-H-0_healthy_belt_400rpm,research
6020,-0.036993207,-0.025727742,70-H-0_healthy_belt_400rpm,research
6021,0.033319793,-0.029008742,70-H-0_healthy_belt_400rpm,research
6022,0.042382792999999995,0.017866258,70-H-0_healthy_belt_400rpm,research
6023,-0.047305207,0.007710257999999999,70-H-0_healthy_belt_400rpm,research
6024,-0.0013672070000000022,0.039428258,70-H-0_healthy_belt_400rpm,research
6025,0.023319793,-0.066196742,70-H-0_healthy_belt_400rpm,research
6026,0.020506792999999995,0.039272258,70-H-0_healthy_belt_400rpm,research
6027,0.020819792999999996,0.014116258,70-H-0_healthy_belt_400rpm,research
6028,-0.018867207000000004,-0.037915742,70-H-0_healthy_belt_400rpm,research
6029,0.015194792999999998,0.07458525799999999,70-H-0_healthy_belt_400rpm,research
6030,0.00019479299999999866,-0.050727742,70-H-0_healthy_belt_400rpm,research
6031,0.017382792999999994,0.026928258000000004,70-H-0_healthy_belt_400rpm,research
6032,-0.029805207000000004,0.06489725800000001,70-H-0_healthy_belt_400rpm,research
6033,-0.042305207000000004,-0.019477742,70-H-0_healthy_belt_400rpm,research
6034,0.042694792999999995,-0.052758742,70-H-0_healthy_belt_400rpm,research
6035,0.024257793,0.038803258,70-H-0_healthy_belt_400rpm,research
6036,-0.048555207,0.025991258,70-H-0_healthy_belt_400rpm,research
6037,-0.020117207,-0.041196742,70-H-0_healthy_belt_400rpm,research
6038,-0.012930207000000003,0.015678258,70-H-0_healthy_belt_400rpm,research
6039,-0.026055207000000004,-0.006040742,70-H-0_healthy_belt_400rpm,research
6040,-0.019493207000000002,0.0019282580000000004,70-H-0_healthy_belt_400rpm,research
6041,-0.03730520700000001,0.039897258,70-H-0_healthy_belt_400rpm,research
6042,-0.0004302070000000019,-0.051977742,70-H-0_healthy_belt_400rpm,research
6043,0.013319792999999996,0.021147258,70-H-0_healthy_belt_400rpm,research
6044,-0.005743207000000004,0.024428258,70-H-0_healthy_belt_400rpm,research
6045,0.009881792999999996,0.019741258,70-H-0_healthy_belt_400rpm,research
6046,0.001756792999999996,0.008803258,70-H-0_healthy_belt_400rpm,research
6047,0.026132792999999994,-0.017290741999999998,70-H-0_healthy_belt_400rpm,research
6048,-0.029805207000000004,0.045522258,70-H-0_healthy_belt_400rpm,research
6049,0.041444792999999994,-0.020727742,70-H-0_healthy_belt_400rpm,research
6050,0.024882793,-0.004321742,70-H-0_healthy_belt_400rpm,research
6051,-0.023867207,0.008491258,70-H-0_healthy_belt_400rpm,research
6052,-0.015117207000000004,0.021303258,70-H-0_healthy_belt_400rpm,research
6053,0.027381792999999995,0.006459258000000001,70-H-0_healthy_belt_400rpm,research
6054,0.002069792999999997,-0.022758742,70-H-0_healthy_belt_400rpm,research
6055,0.031132793,-0.016196742,70-H-0_healthy_belt_400rpm,research
6056,-0.010117207000000003,0.027397258,70-H-0_healthy_belt_400rpm,research
6057,-0.069180207,-0.014790741999999999,70-H-0_healthy_belt_400rpm,research
6058,-0.006055207000000003,-0.032915742,70-H-0_healthy_belt_400rpm,research
6059,0.031132793,-0.037446742,70-H-0_healthy_belt_400rpm,research
6060,-0.004492207000000003,-0.044165742,70-H-0_healthy_belt_400rpm,research
6061,-0.017305207000000003,0.081459258,70-H-0_healthy_belt_400rpm,research
6062,0.051756792999999995,-0.050571742,70-H-0_healthy_belt_400rpm,research
6063,0.038632793,0.007241258,70-H-0_healthy_belt_400rpm,research
6064,-0.034493207,0.049116258,70-H-0_healthy_belt_400rpm,research
6065,0.04675679299999999,-0.06650874200000001,70-H-0_healthy_belt_400rpm,research
6066,0.036444792999999996,-0.06635274199999999,70-H-0_healthy_belt_400rpm,research
6067,-0.024180207000000002,0.035991258,70-H-0_healthy_belt_400rpm,research
6068,-0.053867207,-0.022914742,70-H-0_healthy_belt_400rpm,research
6069,-0.027930207000000006,-0.026196742,70-H-0_healthy_belt_400rpm,research
6070,0.029882792999999998,-0.007446741999999999,70-H-0_healthy_belt_400rpm,research
6071,-0.016992207000000002,-0.020102742,70-H-0_healthy_belt_400rpm,research
6072,-0.043243207000000006,0.026147258,70-H-0_healthy_belt_400rpm,research
6073,-0.023867207,0.081147258,70-H-0_healthy_belt_400rpm,research
6074,-0.030430207,-0.0002587420000000002,70-H-0_healthy_belt_400rpm,research
6075,-0.0004302070000000019,0.011460258000000001,70-H-0_healthy_belt_400rpm,research
6076,0.018944792999999994,5.325800000000047e-05,70-H-0_healthy_belt_400rpm,research
6077,-0.018555207000000004,0.0039602579999999995,70-H-0_healthy_belt_400rpm,research
6078,0.005506792999999996,0.032397258,70-H-0_healthy_belt_400rpm,research
6079,0.030507793,0.012085258000000001,70-H-0_healthy_belt_400rpm,research
6080,0.002069792999999997,0.0005222580000000003,70-H-0_healthy_belt_400rpm,research
6081,0.008007792999999996,-0.015258742,70-H-0_healthy_belt_400rpm,research
6082,0.06050779299999999,-0.020415742,70-H-0_healthy_belt_400rpm,research
6083,-0.065430207,0.006772258,70-H-0_healthy_belt_400rpm,research
6084,0.028319792999999996,-0.0032277419999999996,70-H-0_healthy_belt_400rpm,research
6085,-0.006680207000000002,-0.019633742,70-H-0_healthy_belt_400rpm,research
6086,-0.038243207,0.013335258,70-H-0_healthy_belt_400rpm,research
6087,0.00019479299999999866,-0.005727742,70-H-0_healthy_belt_400rpm,research
6088,0.020819792999999996,0.012553258000000001,70-H-0_healthy_belt_400rpm,research
6089,0.023944793,0.028491258,70-H-0_healthy_belt_400rpm,research
6090,-0.016680207000000002,0.025522258,70-H-0_healthy_belt_400rpm,research
6091,-0.013555207000000003,-0.06682174199999999,70-H-0_healthy_belt_400rpm,research
6092,0.022694792999999998,0.017709258,70-H-0_healthy_belt_400rpm,research
6093,-0.022618207,-0.009946742,70-H-0_healthy_belt_400rpm,research
6094,-0.039180207,-0.067915742,70-H-0_healthy_belt_400rpm,research
6095,0.018319792999999994,0.024428258,70-H-0_healthy_belt_400rpm,research
6096,-0.012618207000000003,0.0036472580000000004,70-H-0_healthy_belt_400rpm,research
6097,-0.049180207000000004,0.078647258,70-H-0_healthy_belt_400rpm,research
6098,0.025507792999999994,-0.020727742,70-H-0_healthy_belt_400rpm,research
6099,-0.0038672070000000027,0.014584258,70-H-0_healthy_belt_400rpm,research
6100,-0.012305207000000002,0.050209258,70-H-0_healthy_belt_400rpm,research
6101,-0.012930207000000003,-0.023696742,70-H-0_healthy_belt_400rpm,research
6102,-0.076680207,0.045678258,70-H-0_healthy_belt_400rpm,research
6103,0.026132792999999994,-0.010415741999999999,70-H-0_healthy_belt_400rpm,research
6104,0.060194792999999996,-0.007758742,70-H-0_healthy_belt_400rpm,research
6105,-0.0023052070000000036,0.015835258,70-H-0_healthy_belt_400rpm,research
6106,-0.005117207000000004,0.026147258,70-H-0_healthy_belt_400rpm,research
6107,0.019256792999999994,-0.084789742,70-H-0_healthy_belt_400rpm,research
6108,-0.026368207000000005,-0.019008742000000002,70-H-0_healthy_belt_400rpm,research
6109,0.005506792999999996,0.028647258000000002,70-H-0_healthy_belt_400rpm,research
6110,0.0039447929999999985,-0.008071742,70-H-0_healthy_belt_400rpm,research
6111,0.004881792999999995,-0.015258742,70-H-0_healthy_belt_400rpm,research
6112,0.041132792999999994,0.049584258,70-H-0_healthy_belt_400rpm,research
6113,-0.013242207000000002,0.012085258000000001,70-H-0_healthy_belt_400rpm,research
6114,-0.035743207,-0.017290741999999998,70-H-0_healthy_belt_400rpm,research
6115,0.018007792999999994,-0.001665742,70-H-0_healthy_belt_400rpm,research
6116,-0.0019932070000000038,0.004116257999999999,70-H-0_healthy_belt_400rpm,research
6117,-0.065743207,0.027553257999999997,70-H-0_healthy_belt_400rpm,research
6118,-0.009180207000000003,0.016460258,70-H-0_healthy_belt_400rpm,research
6119,0.027381792999999995,-0.047446742,70-H-0_healthy_belt_400rpm,research
6120,0.036444792999999996,-0.025727742,70-H-0_healthy_belt_400rpm,research
6121,-0.013867207000000003,0.065522258,70-H-0_healthy_belt_400rpm,research
6122,-0.012930207000000003,0.014272258,70-H-0_healthy_belt_400rpm,research
6123,-0.058868207000000006,-0.015414742,70-H-0_healthy_belt_400rpm,research
6124,0.074257793,-0.028540742,70-H-0_healthy_belt_400rpm,research
6125,-0.027305207000000005,0.035991258,70-H-0_healthy_belt_400rpm,research
6126,0.003319792999999998,0.0022412580000000003,70-H-0_healthy_belt_400rpm,research
6127,0.029256792999999996,0.021147258,70-H-0_healthy_belt_400rpm,research
6128,0.034256792999999994,-0.024633742,70-H-0_healthy_belt_400rpm,research
6129,-0.015430207000000003,-0.014946741999999999,70-H-0_healthy_belt_400rpm,research
6130,-0.034180207000000004,0.008959258,70-H-0_healthy_belt_400rpm,research
6131,-0.027305207000000005,0.026928258000000004,70-H-0_healthy_belt_400rpm,research
6132,0.090819793,-0.041977742,70-H-0_healthy_belt_400rpm,research
6133,0.018319792999999994,-0.00041474200000000006,70-H-0_healthy_belt_400rpm,research
6134,0.011757792999999996,0.014116258,70-H-0_healthy_belt_400rpm,research
6135,-0.012930207000000003,-0.006977742,70-H-0_healthy_belt_400rpm,research
6136,0.011757792999999996,-0.042602742,70-H-0_healthy_belt_400rpm,research
6137,0.018319792999999994,-0.0002587420000000002,70-H-0_healthy_belt_400rpm,research
6138,-0.008867207000000004,0.030210257999999997,70-H-0_healthy_belt_400rpm,research
6139,-0.042930207,-0.036977742,70-H-0_healthy_belt_400rpm,research
6140,0.004881792999999995,0.032241258,70-H-0_healthy_belt_400rpm,research
6141,0.051131792999999995,-0.022758742,70-H-0_healthy_belt_400rpm,research
6142,-0.016992207000000002,-0.006977742,70-H-0_healthy_belt_400rpm,research
6143,0.017069793,-0.033540742,70-H-0_healthy_belt_400rpm,research
6144,0.035819792999999996,0.009272258,70-H-0_healthy_belt_400rpm,research
6145,-0.004492207000000003,-0.046196742,70-H-0_healthy_belt_400rpm,research
6146,0.0011327929999999965,0.020522258,70-H-0_healthy_belt_400rpm,research
6147,-0.026368207000000005,0.012085258000000001,70-H-0_healthy_belt_400rpm,research
6148,0.020506792999999995,-0.008227742,70-H-0_healthy_belt_400rpm,research
6149,0.0023827929999999976,-0.0038527419999999997,70-H-0_healthy_belt_400rpm,research
6150,-0.033868207000000004,0.035835258,70-H-0_healthy_belt_400rpm,research
6151,-0.051680207000000006,-0.0005717419999999996,70-H-0_healthy_belt_400rpm,research
6152,0.073944793,-0.052133742,70-H-0_healthy_belt_400rpm,research
6153,-0.006055207000000003,0.004585258,70-H-0_healthy_belt_400rpm,research
6154,-0.031680207,0.0019282580000000004,70-H-0_healthy_belt_400rpm,research
6155,0.011757792999999996,-0.015414742,70-H-0_healthy_belt_400rpm,research
6156,0.04613279299999999,-0.014321742,70-H-0_healthy_belt_400rpm,research
6157,-0.023867207,0.0033342580000000005,70-H-0_healthy_belt_400rpm,research
6158,-0.029493207,0.032709258,70-H-0_healthy_belt_400rpm,research
6159,0.001756792999999996,0.018803258,70-H-0_healthy_belt_400rpm,research
6160,0.021131792999999996,-0.031664741999999996,70-H-0_healthy_belt_400rpm,research
6161,0.015819793,-0.0002587420000000002,70-H-0_healthy_belt_400rpm,research
6162,0.040194793,0.009741258000000001,70-H-0_healthy_belt_400rpm,research
6163,0.038632793,0.0019282580000000004,70-H-0_healthy_belt_400rpm,research
6164,0.023632793,-0.015102742,70-H-0_healthy_belt_400rpm,research
6165,-0.017618207000000004,-0.047133742,70-H-0_healthy_belt_400rpm,research
6166,0.028006792999999995,0.012553258000000001,70-H-0_healthy_belt_400rpm,research
6167,-0.089805207,0.048803258,70-H-0_healthy_belt_400rpm,research
6168,0.042694792999999995,-0.028540742,70-H-0_healthy_belt_400rpm,research
6169,0.007069792999999998,-0.024008742,70-H-0_healthy_belt_400rpm,research
6170,-0.056680207,0.046616258,70-H-0_healthy_belt_400rpm,research
6171,-0.023243207000000002,-0.047290742,70-H-0_healthy_belt_400rpm,research
6172,0.057069792999999994,-0.012602742,70-H-0_healthy_belt_400rpm,research
6173,0.00019479299999999866,0.040053258,70-H-0_healthy_belt_400rpm,research
6174,0.0039447929999999985,-0.003696742,70-H-0_healthy_belt_400rpm,research
6175,0.014569792999999998,0.007866258000000001,70-H-0_healthy_belt_400rpm,research
6176,-0.026368207000000005,0.004272258000000001,70-H-0_healthy_belt_400rpm,research
6177,0.05394479299999999,-0.028071742,70-H-0_healthy_belt_400rpm,research
6178,0.043631792999999995,-0.037915742,70-H-0_healthy_belt_400rpm,research
6179,0.004569792999999996,-0.024165742,70-H-0_healthy_belt_400rpm,research
6180,-0.041368207000000004,-0.038540742,70-H-0_healthy_belt_400rpm,research
6181,0.018319792999999994,-0.043852742,70-H-0_healthy_belt_400rpm,research
6182,-0.020743207000000003,-0.020727742,70-H-0_healthy_belt_400rpm,research
6183,-0.022930207,-0.000727742,70-H-0_healthy_belt_400rpm,research
6184,0.041132792999999994,0.023491258,70-H-0_healthy_belt_400rpm,research
6185,0.044881792999999996,0.0017722580000000005,70-H-0_healthy_belt_400rpm,research
6186,-0.034493207,0.004585258,70-H-0_healthy_belt_400rpm,research
6187,0.000507792999999996,-0.00010274199999999942,70-H-0_healthy_belt_400rpm,research
6188,0.06050779299999999,-0.004633742,70-H-0_healthy_belt_400rpm,research
6189,-0.031680207,0.026772258,70-H-0_healthy_belt_400rpm,research
6190,0.004569792999999996,0.019897258,70-H-0_healthy_belt_400rpm,research
6191,0.001756792999999996,-0.030571742,70-H-0_healthy_belt_400rpm,research
6192,-0.006680207000000002,0.014741258,70-H-0_healthy_belt_400rpm,research
6193,0.053006792999999996,-0.009321742000000001,70-H-0_healthy_belt_400rpm,research
6194,0.005506792999999996,-0.093227742,70-H-0_healthy_belt_400rpm,research
6195,-0.020117207,0.012397258000000001,70-H-0_healthy_belt_400rpm,research
6196,-0.043555207,-0.034477742,70-H-0_healthy_belt_400rpm,research
6197,-0.026368207000000005,-0.005258742,70-H-0_healthy_belt_400rpm,research
6198,0.066444793,-0.003696742,70-H-0_healthy_belt_400rpm,research
6199,-0.033868207000000004,0.030053258,70-H-0_healthy_belt_400rpm,research
6200,0.033944792999999994,0.006303258000000001,70-H-0_healthy_belt_400rpm,research
6201,0.025194793,-0.006508742,70-H-0_healthy_belt_400rpm,research
6202,-0.048555207,0.032553258,70-H-0_healthy_belt_400rpm,research
6203,-0.036993207,-0.012133742,70-H-0_healthy_belt_400rpm,research
6204,0.07675779299999999,-0.003696742,70-H-0_healthy_belt_400rpm,research
6205,0.021756792999999996,-0.021977742,70-H-0_healthy_belt_400rpm,research
6206,0.005819792999999997,0.051772258,70-H-0_healthy_belt_400rpm,research
6207,0.025194793,0.005522258,70-H-0_healthy_belt_400rpm,research
6208,0.0014447929999999963,-0.026196742,70-H-0_healthy_belt_400rpm,research
6209,0.020506792999999995,-0.004633742,70-H-0_healthy_belt_400rpm,research
6210,0.003319792999999998,-0.026040742,70-H-0_healthy_belt_400rpm,research
6211,-0.019180207000000005,-0.024008742,70-H-0_healthy_belt_400rpm,research
6212,-0.06261720700000001,0.008178258,70-H-0_healthy_belt_400rpm,research
6213,-0.0019932070000000038,-0.019946742,70-H-0_healthy_belt_400rpm,research
6214,-0.0026182070000000026,0.018959258,70-H-0_healthy_belt_400rpm,research
6215,0.0036327929999999953,0.004741258,70-H-0_healthy_belt_400rpm,research
6216,0.021131792999999996,-0.0010397419999999997,70-H-0_healthy_belt_400rpm,research
6217,0.0039447929999999985,0.008803258,70-H-0_healthy_belt_400rpm,research
6218,-0.033868207000000004,0.010522258,70-H-0_healthy_belt_400rpm,research
6219,-0.012305207000000002,-0.008383742,70-H-0_healthy_belt_400rpm,research
6220,0.043944792999999996,0.018334258,70-H-0_healthy_belt_400rpm,research
6221,0.050506792999999994,0.043647258,70-H-0_healthy_belt_400rpm,research
6222,0.019569792999999995,0.011303258,70-H-0_healthy_belt_400rpm,research
6223,-0.003555207000000003,0.040991258,70-H-0_healthy_belt_400rpm,research
6224,0.013006792999999996,-0.010727742,70-H-0_healthy_belt_400rpm,research
6225,0.031757793,-0.089477742,70-H-0_healthy_belt_400rpm,research
6226,0.020506792999999995,0.018178258,70-H-0_healthy_belt_400rpm,research
6227,-0.021368207000000004,0.014272258,70-H-0_healthy_belt_400rpm,research
6228,-0.020743207000000003,-0.040414742,70-H-0_healthy_belt_400rpm,research
6229,0.056132793,0.006772258,70-H-0_healthy_belt_400rpm,research
6230,-0.03855520700000001,0.028960258000000003,70-H-0_healthy_belt_400rpm,research
6231,0.006757792999999998,-0.022914742,70-H-0_healthy_belt_400rpm,research
6232,0.018319792999999994,-0.055571742,70-H-0_healthy_belt_400rpm,research
6233,0.026132792999999994,0.007866258000000001,70-H-0_healthy_belt_400rpm,research
6234,-0.020743207000000003,0.008491258,70-H-0_healthy_belt_400rpm,research
6235,-0.046680207,0.053022258,70-H-0_healthy_belt_400rpm,research
6236,0.000507792999999996,-0.025258742,70-H-0_healthy_belt_400rpm,research
6237,0.06175779299999999,-0.07525874199999999,70-H-0_healthy_belt_400rpm,research
6238,0.029256792999999996,0.029741258,70-H-0_healthy_belt_400rpm,research
6239,-0.027930207000000006,-0.036508742,70-H-0_healthy_belt_400rpm,research
6240,-0.032930207,-0.018383742,70-H-0_healthy_belt_400rpm,research
6241,0.037069793,-0.0029147419999999997,70-H-0_healthy_belt_400rpm,research
6242,0.030819792999999998,-0.044008741999999997,70-H-0_healthy_belt_400rpm,research
6243,-0.036055207000000006,0.028335258000000002,70-H-0_healthy_belt_400rpm,research
6244,-0.016368207000000003,0.032866258,70-H-0_healthy_belt_400rpm,research
6245,0.034256792999999994,0.006303258000000001,70-H-0_healthy_belt_400rpm,research
6246,0.008319792999999995,0.017085258,70-H-0_healthy_belt_400rpm,research
6247,-0.014805207000000003,-0.008071742,70-H-0_healthy_belt_400rpm,research
6248,-0.017618207000000004,-0.028383742,70-H-0_healthy_belt_400rpm,research
6249,0.0014447929999999963,-0.018071742000000002,70-H-0_healthy_belt_400rpm,research
6250,0.04925679299999999,0.006928258,70-H-0_healthy_belt_400rpm,research
6251,-0.061368207,0.010366258,70-H-0_healthy_belt_400rpm,research
6252,0.019256792999999994,-0.037290742,70-H-0_healthy_belt_400rpm,research
6253,0.044569792999999996,-0.013227742,70-H-0_healthy_belt_400rpm,research
6254,-0.0013672070000000022,0.025522258,70-H-0_healthy_belt_400rpm,research
6255,-0.018555207000000004,0.007710257999999999,70-H-0_healthy_belt_400rpm,research
6256,0.0008197929999999957,0.004116257999999999,70-H-0_healthy_belt_400rpm,research
6257,0.063319793,-0.054946742,70-H-0_healthy_belt_400rpm,research
6258,-0.0029302070000000024,0.022397258,70-H-0_healthy_belt_400rpm,research
6259,-0.041055207,0.029741258,70-H-0_healthy_belt_400rpm,research
6260,0.053006792999999996,-0.0051027419999999995,70-H-0_healthy_belt_400rpm,research
6261,0.009569792999999997,0.029897258000000003,70-H-0_healthy_belt_400rpm,research
6262,-0.014180207000000004,0.004116257999999999,70-H-0_healthy_belt_400rpm,research
6263,-0.015743207000000002,0.039428258,70-H-0_healthy_belt_400rpm,research
6264,0.008944792999999996,-0.017758742,70-H-0_healthy_belt_400rpm,research
6265,0.0023827929999999976,-0.018383742,70-H-0_healthy_belt_400rpm,research
6266,0.0023827929999999976,0.019116258,70-H-0_healthy_belt_400rpm,research
6267,-0.028242207000000005,0.023491258,70-H-0_healthy_belt_400rpm,research
6268,0.0039447929999999985,-0.008540742,70-H-0_healthy_belt_400rpm,research
6269,0.06175779299999999,-0.026977742,70-H-0_healthy_belt_400rpm,research
6270,0.04550779299999999,-0.012915742,70-H-0_healthy_belt_400rpm,research
6271,-0.036993207,0.09614725800000001,70-H-0_healthy_belt_400rpm,research
6272,0.019256792999999994,-0.030102742,70-H-0_healthy_belt_400rpm,research
6273,-0.025743207000000004,-0.036821742,70-H-0_healthy_belt_400rpm,research
6274,-0.019180207000000005,-0.002446742,70-H-0_healthy_belt_400rpm,research
6275,0.036756792999999996,0.032397258,70-H-0_healthy_belt_400rpm,research
6276,-0.032617207,0.015835258,70-H-0_healthy_belt_400rpm,research
6277,-0.016992207000000002,0.037866258,70-H-0_healthy_belt_400rpm,research
6278,0.023319793,-0.007289742,70-H-0_healthy_belt_400rpm,research
6279,-0.016680207000000002,0.019585258,70-H-0_healthy_belt_400rpm,research
6280,-0.009493207000000004,0.030522258000000003,70-H-0_healthy_belt_400rpm,research
6281,0.013006792999999996,-0.057602742,70-H-0_healthy_belt_400rpm,research
6282,-0.006680207000000002,-0.007446741999999999,70-H-0_healthy_belt_400rpm,research
6283,0.035194792999999995,0.031772258,70-H-0_healthy_belt_400rpm,research
6284,0.012694792999999996,0.006928258,70-H-0_healthy_belt_400rpm,research
6285,0.014257792999999998,-0.009946742,70-H-0_healthy_belt_400rpm,research
6286,0.018007792999999994,0.014741258,70-H-0_healthy_belt_400rpm,research
6287,0.0023827929999999976,0.0031782579999999998,70-H-0_healthy_belt_400rpm,research
6288,-0.0013672070000000022,-0.024633742,70-H-0_healthy_belt_400rpm,research
6289,-0.031992207,0.025678258,70-H-0_healthy_belt_400rpm,research
6290,0.033632792999999994,0.017709258,70-H-0_healthy_belt_400rpm,research
6291,0.017069793,0.000991258,70-H-0_healthy_belt_400rpm,research
6292,0.025507792999999994,0.007397258,70-H-0_healthy_belt_400rpm,research
6293,-0.029805207000000004,-0.032602742000000004,70-H-0_healthy_belt_400rpm,research
6294,0.017694793,-0.031977742,70-H-0_healthy_belt_400rpm,research
6295,-0.006992207000000004,0.023178258,70-H-0_healthy_belt_400rpm,research
6296,-0.035430207000000005,0.015678258,70-H-0_healthy_belt_400rpm,research
6297,0.014257792999999998,0.015053258,70-H-0_healthy_belt_400rpm,research
6298,-0.007618207000000004,-0.0032277419999999996,70-H-0_healthy_belt_400rpm,research
6299,-0.021680207000000003,0.042241258,70-H-0_healthy_belt_400rpm,research
6300,0.007694792999999998,0.028178257999999998,70-H-0_healthy_belt_400rpm,research
6301,0.007382792999999999,-0.032758742,70-H-0_healthy_belt_400rpm,research
6302,0.028006792999999995,-0.033852742,70-H-0_healthy_belt_400rpm,research
6303,-0.049180207000000004,0.009116258,70-H-0_healthy_belt_400rpm,research
6304,0.021756792999999996,0.005053258,70-H-0_healthy_belt_400rpm,research
6305,0.033007792999999994,-0.024633742,70-H-0_healthy_belt_400rpm,research
6306,0.028006792999999995,0.018334258,70-H-0_healthy_belt_400rpm,research
6307,-0.040430207,0.043960258,70-H-0_healthy_belt_400rpm,research
6308,0.003319792999999998,-0.019633742,70-H-0_healthy_belt_400rpm,research
6309,0.017694793,-0.0008837419999999999,70-H-0_healthy_belt_400rpm,research
6310,-0.012305207000000002,-0.017914741999999997,70-H-0_healthy_belt_400rpm,research
6311,-0.025430207000000003,-0.0029147419999999997,70-H-0_healthy_belt_400rpm,research
6312,-0.009805207000000003,0.035835258,70-H-0_healthy_belt_400rpm,research
6313,0.011757792999999996,-0.010258742,70-H-0_healthy_belt_400rpm,research
6314,-0.004805207000000002,-0.028852742,70-H-0_healthy_belt_400rpm,research
6315,0.007069792999999998,0.026147258,70-H-0_healthy_belt_400rpm,research
6316,-0.025117207000000003,0.023335258,70-H-0_healthy_belt_400rpm,research
6317,-0.009805207000000003,-0.006196742,70-H-0_healthy_belt_400rpm,research
6318,0.029256792999999996,-0.018696742000000002,70-H-0_healthy_belt_400rpm,research
6319,-0.040742207,0.010522258,70-H-0_healthy_belt_400rpm,research
6320,-0.009805207000000003,0.0006782580000000002,70-H-0_healthy_belt_400rpm,research
6321,0.016132793,0.019897258,70-H-0_healthy_belt_400rpm,research
6322,-0.016992207000000002,0.035366258,70-H-0_healthy_belt_400rpm,research
6323,0.025507792999999994,-0.027914742,70-H-0_healthy_belt_400rpm,research
6324,0.009256792999999996,-0.017446742,70-H-0_healthy_belt_400rpm,research
6325,-0.012305207000000002,-0.081040742,70-H-0_healthy_belt_400rpm,research
6326,-0.023555207,0.031459258,70-H-0_healthy_belt_400rpm,research
6327,-0.006992207000000004,-0.035414742,70-H-0_healthy_belt_400rpm,research
6328,0.007382792999999999,-0.047290742,70-H-0_healthy_belt_400rpm,research
6329,-0.027305207000000005,0.010522258,70-H-0_healthy_belt_400rpm,research
6330,0.020194792999999996,-0.024008742,70-H-0_healthy_belt_400rpm,research
6331,0.005194792999999996,0.026616258,70-H-0_healthy_belt_400rpm,research
6332,-0.040117207,-0.006665742,70-H-0_healthy_belt_400rpm,research
6333,0.038632793,-0.011665742,70-H-0_healthy_belt_400rpm,research
6334,-0.0029302070000000024,0.027085258,70-H-0_healthy_belt_400rpm,research
6335,-0.041368207000000004,0.026772258,70-H-0_healthy_belt_400rpm,research
6336,-0.016368207000000003,0.019272258,70-H-0_healthy_belt_400rpm,research
6337,0.104882793,-0.061040742,70-H-0_healthy_belt_400rpm,research
6338,0.019881792999999995,-0.048696742,70-H-0_healthy_belt_400rpm,research
6339,-0.035430207000000005,0.031928258,70-H-0_healthy_belt_400rpm,research
6340,0.0039447929999999985,-0.040727742,70-H-0_healthy_belt_400rpm,research
6341,-0.022305207000000004,-0.033696742,70-H-0_healthy_belt_400rpm,research
6342,0.025819792999999994,-0.025102742,70-H-0_healthy_belt_400rpm,research
6343,0.052694793000000004,-0.024633742,70-H-0_healthy_belt_400rpm,research
6344,-0.004805207000000002,-0.002758742,70-H-0_healthy_belt_400rpm,research
6345,-0.0013672070000000022,0.015366258,70-H-0_healthy_belt_400rpm,research
6346,-0.024805207000000003,-0.000727742,70-H-0_healthy_belt_400rpm,research
6347,0.023007793,-0.040102742,70-H-0_healthy_belt_400rpm,research
6348,0.020819792999999996,0.024116258,70-H-0_healthy_belt_400rpm,research
6349,0.011132792999999998,-0.021040742,70-H-0_healthy_belt_400rpm,research
6350,0.038007793,-0.014946741999999999,70-H-0_healthy_belt_400rpm,research
6351,0.001756792999999996,0.011303258,70-H-0_healthy_belt_400rpm,research
6352,-0.007305207000000003,0.028803257999999998,70-H-0_healthy_belt_400rpm,research
6353,0.016757793,-0.015571742,70-H-0_healthy_belt_400rpm,research
6354,0.034881792999999994,-0.010727742,70-H-0_healthy_belt_400rpm,research
6355,-0.040117207,0.035678258,70-H-0_healthy_belt_400rpm,research
6356,0.0061317929999999965,0.011147258,70-H-0_healthy_belt_400rpm,research
6357,0.0023827929999999976,-0.021508742,70-H-0_healthy_belt_400rpm,research
6358,0.032069793,-0.025258742,70-H-0_healthy_belt_400rpm,research
6359,-0.015743207000000002,-0.004321742,70-H-0_healthy_belt_400rpm,research
6360,-0.036055207000000006,-0.013071741999999999,70-H-0_healthy_belt_400rpm,research
6361,-0.064805207,0.017397258,70-H-0_healthy_belt_400rpm,research
6362,0.05456979299999999,-0.039008742,70-H-0_healthy_belt_400rpm,research
6363,0.00019479299999999866,0.042866258,70-H-0_healthy_belt_400rpm,research
6364,0.0039447929999999985,-0.001508742,70-H-0_healthy_belt_400rpm,research
6365,0.037694793,-0.020415742,70-H-0_healthy_belt_400rpm,research
6366,0.019881792999999995,0.029897258000000003,70-H-0_healthy_belt_400rpm,research
6367,-0.011367207000000004,0.013178258000000002,70-H-0_healthy_belt_400rpm,research
6368,-0.043555207,-0.027446742,70-H-0_healthy_belt_400rpm,research
6369,-0.041680207000000004,0.017553258,70-H-0_healthy_belt_400rpm,research
6370,0.036756792999999996,-0.079790742,70-H-0_healthy_belt_400rpm,research
6371,0.033632792999999994,0.055366258,70-H-0_healthy_belt_400rpm,research
6372,-0.008867207000000004,0.065522258,70-H-0_healthy_belt_400rpm,research
6373,-0.015430207000000003,-0.035414742,70-H-0_healthy_belt_400rpm,research
6374,-0.018555207000000004,0.010366258,70-H-0_healthy_belt_400rpm,research
6375,0.037381792999999996,0.000991258,70-H-0_healthy_belt_400rpm,research
6376,-0.057930207000000004,-0.004008742,70-H-0_healthy_belt_400rpm,research
6377,0.014257792999999998,0.017085258,70-H-0_healthy_belt_400rpm,research
6378,0.012069792999999995,0.010366258,70-H-0_healthy_belt_400rpm,research
6379,0.005506792999999996,-0.020571742,70-H-0_healthy_belt_400rpm,research
6380,-0.023555207,0.021772258,70-H-0_healthy_belt_400rpm,research
6381,-0.039180207,-0.031821742,70-H-0_healthy_belt_400rpm,research
6382,0.012381792999999999,-0.033540742,70-H-0_healthy_belt_400rpm,research
6383,0.006757792999999998,0.009741258000000001,70-H-0_healthy_belt_400rpm,research
6384,-0.028242207000000005,0.036928258,70-H-0_healthy_belt_400rpm,research
6385,0.031444793,0.011147258,70-H-0_healthy_belt_400rpm,research
6386,0.016132793,-0.021665741999999998,70-H-0_healthy_belt_400rpm,research
6387,0.017382792999999994,-0.015414742,70-H-0_healthy_belt_400rpm,research
6388,-0.009180207000000003,0.0003662580000000004,70-H-0_healthy_belt_400rpm,research
6389,-0.041993207000000005,-0.005571741999999999,70-H-0_healthy_belt_400rpm,research
6390,0.014882792999999998,-0.021508742,70-H-0_healthy_belt_400rpm,research
6391,-0.020117207,-0.020102742,70-H-0_healthy_belt_400rpm,research
6392,0.009569792999999997,0.010678258,70-H-0_healthy_belt_400rpm,research
6393,0.039569793,-0.001821742,70-H-0_healthy_belt_400rpm,research
6394,0.019256792999999994,-0.039946742,70-H-0_healthy_belt_400rpm,research
6395,-0.007618207000000004,0.023647258,70-H-0_healthy_belt_400rpm,research
6396,-0.011055207000000003,-0.049321742,70-H-0_healthy_belt_400rpm,research
6397,-0.006055207000000003,-0.016977742,70-H-0_healthy_belt_400rpm,research
6398,0.05644479299999999,0.009272258,70-H-0_healthy_belt_400rpm,research
6399,0.016757793,-0.004633742,70-H-0_healthy_belt_400rpm,research
6400,0.033007792999999994,0.007710257999999999,70-H-0_healthy_belt_400rpm,research
6401,-0.012618207000000003,0.020678258,70-H-0_healthy_belt_400rpm,research
6402,-0.004492207000000003,0.020210258000000002,70-H-0_healthy_belt_400rpm,research
6403,-0.014805207000000003,-0.033696742,70-H-0_healthy_belt_400rpm,research
6404,-0.07105520700000001,-0.008696742,70-H-0_healthy_belt_400rpm,research
6405,-0.026368207000000005,0.034428258,70-H-0_healthy_belt_400rpm,research
6406,0.053632793,-0.060258742,70-H-0_healthy_belt_400rpm,research
6407,0.008632792999999996,0.016772258,70-H-0_healthy_belt_400rpm,research
6408,0.029882792999999998,0.036772258,70-H-0_healthy_belt_400rpm,research
6409,0.042382792999999995,-0.013852742,70-H-0_healthy_belt_400rpm,research
6410,0.013006792999999996,-0.032290742,70-H-0_healthy_belt_400rpm,research
6411,-0.026680207000000004,0.017866258,70-H-0_healthy_belt_400rpm,research
6412,-0.076680207,5.325800000000047e-05,70-H-0_healthy_belt_400rpm,research
6413,0.019881792999999995,-0.035883742,70-H-0_healthy_belt_400rpm,research
6414,-0.00011720700000000459,-0.008071742,70-H-0_healthy_belt_400rpm,research
6415,-0.041993207000000005,-0.022290742,70-H-0_healthy_belt_400rpm,research
6416,0.013631792999999996,0.012397258000000001,70-H-0_healthy_belt_400rpm,research
6417,-0.014493207000000003,-0.0021337419999999997,70-H-0_healthy_belt_400rpm,research
6418,0.004569792999999996,-0.038383742,70-H-0_healthy_belt_400rpm,research
6419,-0.00011720700000000459,-0.07541574200000001,70-H-0_healthy_belt_400rpm,research
6420,0.002069792999999997,0.002866258,70-H-0_healthy_belt_400rpm,research
6421,-0.010117207000000003,-0.010415741999999999,70-H-0_healthy_belt_400rpm,research
6422,0.019569792999999995,-0.031664741999999996,70-H-0_healthy_belt_400rpm,research
6423,0.016132793,0.027241257999999997,70-H-0_healthy_belt_400rpm,research
6424,0.009569792999999997,0.029428258,70-H-0_healthy_belt_400rpm,research
6425,0.002069792999999997,-0.007758742,70-H-0_healthy_belt_400rpm,research
6426,0.034881792999999994,-0.051039742,70-H-0_healthy_belt_400rpm,research
6427,-0.007618207000000004,0.014584258,70-H-0_healthy_belt_400rpm,research
6428,0.0026947929999999974,-0.020883742,70-H-0_healthy_belt_400rpm,research
6429,0.004881792999999995,0.008335258,70-H-0_healthy_belt_400rpm,research
6430,-0.027305207000000005,0.028803257999999998,70-H-0_healthy_belt_400rpm,research
6431,-0.00011720700000000459,0.015053258,70-H-0_healthy_belt_400rpm,research
6432,0.054882793,-0.0008837419999999999,70-H-0_healthy_belt_400rpm,research
6433,-0.040430207,-0.019321742,70-H-0_healthy_belt_400rpm,research
6434,-0.016992207000000002,-0.015414742,70-H-0_healthy_belt_400rpm,research
6435,-0.007618207000000004,-0.041352742,70-H-0_healthy_belt_400rpm,research
6436,0.038007793,-0.061665742,70-H-0_healthy_belt_400rpm,research
6437,-0.004492207000000003,0.038178258,70-H-0_healthy_belt_400rpm,research
6438,0.009569792999999997,-0.07494674200000001,70-H-0_healthy_belt_400rpm,research
6439,0.039882793,0.050991258,70-H-0_healthy_belt_400rpm,research
6440,-0.030430207,0.028178257999999998,70-H-0_healthy_belt_400rpm,research
6441,-0.064180207,-0.033696742,70-H-0_healthy_belt_400rpm,research
6442,0.025507792999999994,-0.007602742,70-H-0_healthy_belt_400rpm,research
6443,0.030819792999999998,0.004116257999999999,70-H-0_healthy_belt_400rpm,research
6444,-0.020743207000000003,-0.018227741999999998,70-H-0_healthy_belt_400rpm,research
6445,-0.022305207000000004,-0.025727742,70-H-0_healthy_belt_400rpm,research
6446,-0.004805207000000002,-0.010415741999999999,70-H-0_healthy_belt_400rpm,research
6447,-0.0004302070000000019,-0.004633742,70-H-0_healthy_belt_400rpm,research
6448,-0.032617207,0.044428258,70-H-0_healthy_belt_400rpm,research
6449,-0.009493207000000004,0.009116258,70-H-0_healthy_belt_400rpm,research
6450,-0.029180207000000003,0.015053258,70-H-0_healthy_belt_400rpm,research
6451,-0.059180207000000006,0.032553258,70-H-0_healthy_belt_400rpm,research
6452,0.027069792999999995,5.325800000000047e-05,70-H-0_healthy_belt_400rpm,research
6453,0.012069792999999995,0.003022258,70-H-0_healthy_belt_400rpm,research
6454,0.065819793,-0.015571742,70-H-0_healthy_belt_400rpm,research
6455,0.060194792999999996,0.0002102580000000005,70-H-0_healthy_belt_400rpm,research
6456,-0.028242207000000005,-0.022758742,70-H-0_healthy_belt_400rpm,research
6457,-0.032305207,-0.021196742,70-H-0_healthy_belt_400rpm,research
6458,0.008007792999999996,-0.007602742,70-H-0_healthy_belt_400rpm,research
6459,0.013319792999999996,-0.007915742,70-H-0_healthy_belt_400rpm,research
6460,-0.017930207000000004,0.028960258000000003,70-H-0_healthy_belt_400rpm,research
6461,-0.06386720700000001,0.009428258,70-H-0_healthy_belt_400rpm,research
6462,-0.039180207,-0.006352742,70-H-0_healthy_belt_400rpm,research
6463,0.026132792999999994,-0.058852742,70-H-0_healthy_belt_400rpm,research
6464,-0.017930207000000004,-0.002758742,70-H-0_healthy_belt_400rpm,research
6465,-0.010117207000000003,-0.006977742,70-H-0_healthy_belt_400rpm,research
6466,0.008007792999999996,0.035210258,70-H-0_healthy_belt_400rpm,research
6467,-0.0023052070000000036,-0.0032277419999999996,70-H-0_healthy_belt_400rpm,research
6468,0.038007793,0.031928258,70-H-0_healthy_belt_400rpm,research
6469,0.004256792999999998,0.021147258,70-H-0_healthy_belt_400rpm,research
6470,-0.066993207,-0.027602742,70-H-0_healthy_belt_400rpm,research
6471,0.062694793,-0.031508742,70-H-0_healthy_belt_400rpm,research
6472,0.007694792999999998,-0.049008742,70-H-0_healthy_belt_400rpm,research
6473,-0.018867207000000004,0.037397258,70-H-0_healthy_belt_400rpm,research
6474,-0.052305207000000006,0.026928258000000004,70-H-0_healthy_belt_400rpm,research
6475,0.009569792999999997,-0.014946741999999999,70-H-0_healthy_belt_400rpm,research
6476,0.056757793,0.0038032580000000003,70-H-0_healthy_belt_400rpm,research
6477,-0.003555207000000003,-0.006665742,70-H-0_healthy_belt_400rpm,research
6478,-0.075743207,0.026303258,70-H-0_healthy_belt_400rpm,research
6479,-0.056367207,-0.024165742,70-H-0_healthy_belt_400rpm,research
6480,0.044256792999999996,-0.030415742,70-H-0_healthy_belt_400rpm,research
6481,0.015507792999999999,0.004116257999999999,70-H-0_healthy_belt_400rpm,research
6482,0.026757792999999995,-0.011352741999999999,70-H-0_healthy_belt_400rpm,research
6483,0.024257793,0.0053662580000000005,70-H-0_healthy_belt_400rpm,research
6484,0.012381792999999999,-0.036821742,70-H-0_healthy_belt_400rpm,research
6485,-0.016992207000000002,-0.029321742,70-H-0_healthy_belt_400rpm,research
6486,-0.007305207000000003,0.0034912580000000006,70-H-0_healthy_belt_400rpm,research
6487,-0.011055207000000003,-0.015258742,70-H-0_healthy_belt_400rpm,research
6488,0.052381792999999996,-0.012446742,70-H-0_healthy_belt_400rpm,research
6489,0.019256792999999994,0.020678258,70-H-0_healthy_belt_400rpm,research
6490,-0.052930207,0.028647258000000002,70-H-0_healthy_belt_400rpm,research
6491,0.0011327929999999965,0.002553258,70-H-0_healthy_belt_400rpm,research
6492,0.023944793,0.011616258,70-H-0_healthy_belt_400rpm,research
6493,0.019881792999999995,0.0013032579999999998,70-H-0_healthy_belt_400rpm,research
6494,-0.041993207000000005,0.028491258,70-H-0_healthy_belt_400rpm,research
6495,0.010819792999999998,-0.00041474200000000006,70-H-0_healthy_belt_400rpm,research
6496,0.05456979299999999,-0.050571742,70-H-0_healthy_belt_400rpm,research
6497,-0.036993207,0.023022258,70-H-0_healthy_belt_400rpm,research
6498,-0.0063682070000000025,0.060209257999999995,70-H-0_healthy_belt_400rpm,research
6499,-0.016368207000000003,-0.013852742,70-H-0_healthy_belt_400rpm,research
6500,0.055507793,-0.014164742,70-H-0_healthy_belt_400rpm,research
6501,-0.024180207000000002,0.023491258,70-H-0_healthy_belt_400rpm,research
6502,-0.015117207000000004,0.026459258,70-H-0_healthy_belt_400rpm,research
6503,-0.010743207000000003,0.009741258000000001,70-H-0_healthy_belt_400rpm,research
6504,0.022069792999999997,-0.024008742,70-H-0_healthy_belt_400rpm,research
6505,0.029569792999999997,-0.009165742000000001,70-H-0_healthy_belt_400rpm,research
6506,-0.017305207000000003,0.034116258000000003,70-H-0_healthy_belt_400rpm,research
6507,0.018631792999999994,0.043960258,70-H-0_healthy_belt_400rpm,research
6508,-0.016368207000000003,-0.028852742,70-H-0_healthy_belt_400rpm,research
6509,0.013944792999999997,-0.07103974199999999,70-H-0_healthy_belt_400rpm,research
6510,0.000507792999999996,-0.019633742,70-H-0_healthy_belt_400rpm,research
6511,0.028319792999999996,0.012241258000000001,70-H-0_healthy_belt_400rpm,research
6512,0.007069792999999998,-0.028383742,70-H-0_healthy_belt_400rpm,research
6513,0.028006792999999995,-0.055258742,70-H-0_healthy_belt_400rpm,research
6514,-0.00011720700000000459,0.015991258,70-H-0_healthy_belt_400rpm,research
6515,0.023007793,0.009428258,70-H-0_healthy_belt_400rpm,research
6516,0.028319792999999996,-0.006665742,70-H-0_healthy_belt_400rpm,research
6517,0.015507792999999999,-0.014477742,70-H-0_healthy_belt_400rpm,research
6518,-0.022618207,-0.021977742,70-H-0_healthy_belt_400rpm,research
6519,0.014257792999999998,-0.0005717419999999996,70-H-0_healthy_belt_400rpm,research
6520,-0.016368207000000003,0.019897258,70-H-0_healthy_belt_400rpm,research
6521,0.012694792999999996,-0.040102742,70-H-0_healthy_belt_400rpm,research
6522,0.007069792999999998,-0.014946741999999999,70-H-0_healthy_belt_400rpm,research
6523,-0.006680207000000002,-0.006977742,70-H-0_healthy_belt_400rpm,research
6524,-0.056680207,0.024741258,70-H-0_healthy_belt_400rpm,research
6525,0.008007792999999996,-0.026664741999999998,70-H-0_healthy_belt_400rpm,research
6526,0.033007792999999994,0.026147258,70-H-0_healthy_belt_400rpm,research
6527,0.048319793,0.026772258,70-H-0_healthy_belt_400rpm,research
6528,0.013319792999999996,-0.016821742,70-H-0_healthy_belt_400rpm,research
6529,-0.025117207000000003,-0.040571742,70-H-0_healthy_belt_400rpm,research
6530,-0.060118207,0.028803257999999998,70-H-0_healthy_belt_400rpm,research
6531,0.017694793,-0.07494674200000001,70-H-0_healthy_belt_400rpm,research
6532,-0.038243207,0.005991257999999999,70-H-0_healthy_belt_400rpm,research
6533,0.029256792999999996,-0.037915742,70-H-0_healthy_belt_400rpm,research
6534,0.016757793,-0.002758742,70-H-0_healthy_belt_400rpm,research
6535,-0.016368207000000003,-0.008383742,70-H-0_healthy_belt_400rpm,research
6536,-0.03793020700000001,-0.017133742,70-H-0_healthy_belt_400rpm,research
6537,0.041132792999999994,0.000834258,70-H-0_healthy_belt_400rpm,research
6538,-0.0041802070000000035,-0.044946742,70-H-0_healthy_belt_400rpm,research
6539,-0.022618207,0.055053258,70-H-0_healthy_belt_400rpm,research
6540,0.041757792999999994,-0.014633742,70-H-0_healthy_belt_400rpm,research
6541,0.061444793,-0.042446742,70-H-0_healthy_belt_400rpm,research
6542,-0.024180207000000002,0.050366258,70-H-0_healthy_belt_400rpm,research
6543,-0.0063682070000000025,0.037397258,70-H-0_healthy_belt_400rpm,research
6544,0.074569793,-0.028383742,70-H-0_healthy_belt_400rpm,research
6545,0.032382793,0.006772258,70-H-0_healthy_belt_400rpm,research
6546,-0.033555207000000004,0.06817825799999999,70-H-0_healthy_belt_400rpm,research
6547,-0.025430207000000003,-0.023696742,70-H-0_healthy_belt_400rpm,research
6548,0.013944792999999997,-0.026664741999999998,70-H-0_healthy_belt_400rpm,research
6549,0.017694793,0.027866257999999998,70-H-0_healthy_belt_400rpm,research
6550,-0.007930207000000003,-0.016977742,70-H-0_healthy_belt_400rpm,research
6551,-0.033243207000000004,0.022553258,70-H-0_healthy_belt_400rpm,research
6552,-0.033555207000000004,0.013959257999999999,70-H-0_healthy_belt_400rpm,research
6553,0.034881792999999994,-0.013383742,70-H-0_healthy_belt_400rpm,research
6554,0.030194792999999998,0.019116258,70-H-0_healthy_belt_400rpm,research
6555,-0.026992207000000004,0.0006782580000000002,70-H-0_healthy_belt_400rpm,research
6556,-0.00011720700000000459,0.027710258,70-H-0_healthy_belt_400rpm,research
6557,0.028631792999999996,-0.031352742,70-H-0_healthy_belt_400rpm,research
6558,-0.03855520700000001,0.021147258,70-H-0_healthy_belt_400rpm,research
6559,-0.021680207000000003,-0.006352742,70-H-0_healthy_belt_400rpm,research
6560,-0.00011720700000000459,0.005835257999999999,70-H-0_healthy_belt_400rpm,research
6561,-0.0023052070000000036,-0.022758742,70-H-0_healthy_belt_400rpm,research
6562,-0.051055207000000005,0.004585258,70-H-0_healthy_belt_400rpm,research
6563,-0.031368207,0.015678258,70-H-0_healthy_belt_400rpm,research
6564,0.011132792999999998,-0.024008742,70-H-0_healthy_belt_400rpm,research
6565,0.013319792999999996,-0.027602742,70-H-0_healthy_belt_400rpm,research
6566,0.014257792999999998,0.012241258000000001,70-H-0_healthy_belt_400rpm,research
6567,0.023632793,-0.035883742,70-H-0_healthy_belt_400rpm,research
6568,-0.035118207,0.015835258,70-H-0_healthy_belt_400rpm,research
6569,-0.029493207,0.028647258000000002,70-H-0_healthy_belt_400rpm,research
6570,0.015194792999999998,-0.007915742,70-H-0_healthy_belt_400rpm,research
6571,-0.001680207000000003,0.040834258,70-H-0_healthy_belt_400rpm,research
6572,0.060819793,-0.073383742,70-H-0_healthy_belt_400rpm,research
6573,-0.036055207000000006,0.053803258,70-H-0_healthy_belt_400rpm,research
6574,0.00019479299999999866,0.055210258,70-H-0_healthy_belt_400rpm,research
6575,-0.022930207,0.021928258,70-H-0_healthy_belt_400rpm,research
6576,0.063944793,-0.0021337419999999997,70-H-0_healthy_belt_400rpm,research
6577,0.059882793000000004,-0.035727742,70-H-0_healthy_belt_400rpm,research
6578,-0.033243207000000004,0.009585258000000001,70-H-0_healthy_belt_400rpm,research
6579,-0.032930207,-0.016039742,70-H-0_healthy_belt_400rpm,research
6580,0.06238179299999999,-0.015727742,70-H-0_healthy_belt_400rpm,research
6581,-0.0063682070000000025,-0.019633742,70-H-0_healthy_belt_400rpm,research
6582,-0.014180207000000004,-0.016977742,70-H-0_healthy_belt_400rpm,research
6583,-0.035743207,-0.013540742,70-H-0_healthy_belt_400rpm,research
6584,-0.026368207000000005,0.043647258,70-H-0_healthy_belt_400rpm,research
6585,0.011132792999999998,0.005991257999999999,70-H-0_healthy_belt_400rpm,research
6586,0.024882793,-0.057289742,70-H-0_healthy_belt_400rpm,research
6587,-0.029180207000000003,0.040366258,70-H-0_healthy_belt_400rpm,research
6588,0.025194793,0.019428258,70-H-0_healthy_belt_400rpm,research
6589,0.013631792999999996,-0.011821742,70-H-0_healthy_belt_400rpm,research
6590,-0.014180207000000004,0.017397258,70-H-0_healthy_belt_400rpm,research
6591,-0.042305207000000004,-0.012446742,70-H-0_healthy_belt_400rpm,research
6592,0.0023827929999999976,-0.012758742,70-H-0_healthy_belt_400rpm,research
6593,0.033007792999999994,0.0002102580000000005,70-H-0_healthy_belt_400rpm,research
6594,-0.021368207000000004,0.006928258,70-H-0_healthy_belt_400rpm,research
6595,0.014569792999999998,0.039585258,70-H-0_healthy_belt_400rpm,research
6596,0.015194792999999998,-0.008696742,70-H-0_healthy_belt_400rpm,research
6597,0.036756792999999996,-0.014321742,70-H-0_healthy_belt_400rpm,research
6598,-0.0013672070000000022,0.018334258,70-H-0_healthy_belt_400rpm,research
6599,-0.057618207000000005,0.043022258,70-H-0_healthy_belt_400rpm,research
6600,0.015194792999999998,0.029897258000000003,70-H-0_healthy_belt_400rpm,research
6601,0.018007792999999994,-0.07322774200000001,70-H-0_healthy_belt_400rpm,research
6602,0.003007792999999998,0.038647258,70-H-0_healthy_belt_400rpm,research
6603,-0.054492207,0.012241258000000001,70-H-0_healthy_belt_400rpm,research
6604,-0.011992207000000003,-0.041821742,70-H-0_healthy_belt_400rpm,research
6605,0.023632793,0.006928258,70-H-0_healthy_belt_400rpm,research
6606,-0.024180207000000002,0.021928258,70-H-0_healthy_belt_400rpm,research
6607,-0.028867207000000002,-0.087446742,70-H-0_healthy_belt_400rpm,research
6608,-0.029180207000000003,0.007710257999999999,70-H-0_healthy_belt_400rpm,research
6609,0.019569792999999995,-0.003540742,70-H-0_healthy_belt_400rpm,research
6610,0.07144479299999999,0.027866257999999998,70-H-0_healthy_belt_400rpm,research
6611,-0.005743207000000004,0.017085258,70-H-0_healthy_belt_400rpm,research
6612,-0.031992207,-0.029008742,70-H-0_healthy_belt_400rpm,research
6613,0.007069792999999998,-0.06822774200000001,70-H-0_healthy_belt_400rpm,research
6614,0.050819793,-0.008071742,70-H-0_healthy_belt_400rpm,research
6615,-0.034493207,5.325800000000047e-05,70-H-0_healthy_belt_400rpm,research
6616,-0.031368207,-0.004477742,70-H-0_healthy_belt_400rpm,research
6617,0.032069793,0.008178258,70-H-0_healthy_belt_400rpm,research
6618,-0.013867207000000003,-0.06822774200000001,70-H-0_healthy_belt_400rpm,research
6619,-0.031992207,0.028803257999999998,70-H-0_healthy_belt_400rpm,research
6620,-0.020430207000000002,0.014272258,70-H-0_healthy_belt_400rpm,research
6621,0.027069792999999995,-0.001821742,70-H-0_healthy_belt_400rpm,research
6622,-0.004492207000000003,0.020678258,70-H-0_healthy_belt_400rpm,research
6623,0.009881792999999996,0.011460258000000001,70-H-0_healthy_belt_400rpm,research
6624,-0.014493207000000003,0.020991258,70-H-0_healthy_belt_400rpm,research
6625,0.058632793,-0.003383742,70-H-0_healthy_belt_400rpm,research
6626,0.020194792999999996,-0.004946742,70-H-0_healthy_belt_400rpm,research
6627,-0.07355520700000001,0.008803258,70-H-0_healthy_belt_400rpm,research
6628,-0.043867207000000005,0.015053258,70-H-0_healthy_belt_400rpm,research
6629,0.035819792999999996,-0.025883742,70-H-0_healthy_belt_400rpm,research
6630,0.016444793,0.027710258,70-H-0_healthy_belt_400rpm,research
6631,0.019881792999999995,-0.030258741999999998,70-H-0_healthy_belt_400rpm,research
6632,-0.010117207000000003,-0.011977742,70-H-0_healthy_belt_400rpm,research
6633,0.026757792999999995,-0.021352742,70-H-0_healthy_belt_400rpm,research
6634,-0.026680207000000004,0.032553258,70-H-0_healthy_belt_400rpm,research
6635,-0.031055207,0.009272258,70-H-0_healthy_belt_400rpm,research
6636,-0.0063682070000000025,0.007553258,70-H-0_healthy_belt_400rpm,research
6637,0.04800679299999999,-0.022290742,70-H-0_healthy_belt_400rpm,research
6638,0.011757792999999996,0.008178258,70-H-0_healthy_belt_400rpm,research
6639,0.0026947929999999974,0.036460258,70-H-0_healthy_belt_400rpm,research
6640,0.014882792999999998,-0.019789742,70-H-0_healthy_belt_400rpm,research
6641,-0.019805207000000002,-0.08510274200000001,70-H-0_healthy_belt_400rpm,research
6642,-0.034805207000000005,-0.023227742,70-H-0_healthy_belt_400rpm,research
6643,-0.057305207000000004,-0.002602742,70-H-0_healthy_belt_400rpm,research
6644,-0.055117207,-0.039633742,70-H-0_healthy_belt_400rpm,research
6645,0.014257792999999998,-0.039946742,70-H-0_healthy_belt_400rpm,research
6646,0.010819792999999998,0.049741258000000003,70-H-0_healthy_belt_400rpm,research
6647,-0.024180207000000002,0.035366258,70-H-0_healthy_belt_400rpm,research
6648,0.058319792999999995,-0.014321742,70-H-0_healthy_belt_400rpm,research
6649,0.013944792999999997,-0.011352741999999999,70-H-0_healthy_belt_400rpm,research
6650,0.0023827929999999976,0.0006782580000000002,70-H-0_healthy_belt_400rpm,research
6651,-0.010430207000000004,-0.030727742,70-H-0_healthy_belt_400rpm,research
6652,-0.017618207000000004,-0.001821742,70-H-0_healthy_belt_400rpm,research
6653,0.034881792999999994,-0.018383742,70-H-0_healthy_belt_400rpm,research
6654,0.025194793,-0.007133742,70-H-0_healthy_belt_400rpm,research
6655,-0.011367207000000004,-0.001821742,70-H-0_healthy_belt_400rpm,research
6656,-0.031680207,0.012241258000000001,70-H-0_healthy_belt_400rpm,research
6657,-0.024180207000000002,-0.026040742,70-H-0_healthy_belt_400rpm,research
6658,-0.011680207000000003,0.008803258,70-H-0_healthy_belt_400rpm,research
6659,0.068006793,0.037085258,70-H-0_healthy_belt_400rpm,research
6660,-0.030743207,0.011616258,70-H-0_healthy_belt_400rpm,research
6661,-0.0029302070000000024,-0.034321742,70-H-0_healthy_belt_400rpm,research
6662,-0.031368207,0.041928258,70-H-0_healthy_belt_400rpm,research
6663,-0.011992207000000003,0.016303258,70-H-0_healthy_belt_400rpm,research
6664,0.013006792999999996,-0.037446742,70-H-0_healthy_belt_400rpm,research
6665,0.058007793,-0.0030717419999999997,70-H-0_healthy_belt_400rpm,research
6666,-0.042305207000000004,0.019897258,70-H-0_healthy_belt_400rpm,research
6667,-0.039180207,0.007710257999999999,70-H-0_healthy_belt_400rpm,research
6668,-0.016992207000000002,0.0034912580000000006,70-H-0_healthy_belt_400rpm,research
6669,-0.018867207000000004,-0.021821741999999998,70-H-0_healthy_belt_400rpm,research
6670,0.022694792999999998,-0.012602742,70-H-0_healthy_belt_400rpm,research
6671,0.04550779299999999,0.004116257999999999,70-H-0_healthy_belt_400rpm,research
6672,-0.040742207,0.017085258,70-H-0_healthy_belt_400rpm,research
6673,0.010194792999999997,-0.008227742,70-H-0_healthy_belt_400rpm,research
6674,0.025507792999999994,-0.008227742,70-H-0_healthy_belt_400rpm,research
6675,-0.005430207000000003,0.030835257999999997,70-H-0_healthy_belt_400rpm,research
6676,-0.008555207000000002,0.042553258000000004,70-H-0_healthy_belt_400rpm,research
6677,0.072382793,-0.014790741999999999,70-H-0_healthy_belt_400rpm,research
6678,0.009569792999999997,-0.008540742,70-H-0_healthy_belt_400rpm,research
6679,-0.04574320700000001,0.047241258,70-H-0_healthy_belt_400rpm,research
6680,-0.034180207000000004,-0.049946742,70-H-0_healthy_belt_400rpm,research
6681,0.054882793,-0.014633742,70-H-0_healthy_belt_400rpm,research
6682,0.020819792999999996,0.029741258,70-H-0_healthy_belt_400rpm,research
6683,-0.021055207000000003,0.044741258,70-H-0_healthy_belt_400rpm,research
6684,-0.025430207000000003,-0.049789742,70-H-0_healthy_belt_400rpm,research
6685,0.011444792999999998,-0.014477742,70-H-0_healthy_belt_400rpm,research
6686,-0.049180207000000004,-0.039946742,70-H-0_healthy_belt_400rpm,research
6687,-0.027930207000000006,-0.010883742,70-H-0_healthy_belt_400rpm,research
6688,0.005194792999999996,-0.001508742,70-H-0_healthy_belt_400rpm,research
6689,0.024257793,-0.015414742,70-H-0_healthy_belt_400rpm,research
6690,0.028944792999999996,-0.034946742,70-H-0_healthy_belt_400rpm,research
6691,0.005819792999999997,0.023803258,70-H-0_healthy_belt_400rpm,research
6692,-0.056367207,0.008335258,70-H-0_healthy_belt_400rpm,research
6693,0.041444792999999994,0.010053258,70-H-0_healthy_belt_400rpm,research
6694,-0.023243207000000002,-0.008852742,70-H-0_healthy_belt_400rpm,research
6695,-0.081367207,0.029897258000000003,70-H-0_healthy_belt_400rpm,research
6696,0.016757793,-0.00010274199999999942,70-H-0_healthy_belt_400rpm,research
6697,0.05331979299999999,0.027553257999999997,70-H-0_healthy_belt_400rpm,research
6698,0.030819792999999998,0.007710257999999999,70-H-0_healthy_belt_400rpm,research
6699,0.034881792999999994,-0.014164742,70-H-0_healthy_belt_400rpm,research
6700,-0.005117207000000004,0.005835257999999999,70-H-0_healthy_belt_400rpm,research
6701,0.004881792999999995,-0.023852742,70-H-0_healthy_belt_400rpm,research
6702,-0.016992207000000002,-0.034477742,70-H-0_healthy_belt_400rpm,research
6703,0.022069792999999997,-0.018696742000000002,70-H-0_healthy_belt_400rpm,research
6704,0.024257793,0.012553258000000001,70-H-0_healthy_belt_400rpm,research
6705,0.000507792999999996,-0.0011967419999999998,70-H-0_healthy_belt_400rpm,research
6706,0.023632793,-0.018227741999999998,70-H-0_healthy_belt_400rpm,research
6707,0.008319792999999995,0.018178258,70-H-0_healthy_belt_400rpm,research
6708,0.007382792999999999,0.005991257999999999,70-H-0_healthy_belt_400rpm,research
6709,0.013631792999999996,-0.056664742,70-H-0_healthy_belt_400rpm,research
6710,0.026132792999999994,0.030053258,70-H-0_healthy_belt_400rpm,research
6711,-0.0007422070000000017,0.078647258,70-H-0_healthy_belt_400rpm,research
6712,-0.054492207,0.033491258,70-H-0_healthy_belt_400rpm,research
6713,0.052069793,-0.033227742000000005,70-H-0_healthy_belt_400rpm,research
6714,0.027069792999999995,-0.034789742,70-H-0_healthy_belt_400rpm,research
6715,0.0014447929999999963,0.060991258,70-H-0_healthy_belt_400rpm,research
6716,0.008007792999999996,-0.041508742,70-H-0_healthy_belt_400rpm,research
6717,-0.031055207,-0.037133742,70-H-0_healthy_belt_400rpm,research
6718,0.027069792999999995,-0.018383742,70-H-0_healthy_belt_400rpm,research
6719,0.008319792999999995,-0.008852742,70-H-0_healthy_belt_400rpm,research
6720,-0.031680207,0.038178258,70-H-0_healthy_belt_400rpm,research
6721,0.015194792999999998,0.015210258,70-H-0_healthy_belt_400rpm,research
6722,0.050506792999999994,0.016772258,70-H-0_healthy_belt_400rpm,research
6723,-0.0063682070000000025,-0.033071742,70-H-0_healthy_belt_400rpm,research
6724,-0.019493207000000002,0.007866258000000001,70-H-0_healthy_belt_400rpm,research
6725,0.005506792999999996,-0.004633742,70-H-0_healthy_belt_400rpm,research
6726,-0.012930207000000003,-0.016508742,70-H-0_healthy_belt_400rpm,research
6727,0.020506792999999995,0.006147258000000001,70-H-0_healthy_belt_400rpm,research
6728,-0.043555207,0.045678258,70-H-0_healthy_belt_400rpm,research
6729,0.021444792999999997,-0.033540742,70-H-0_healthy_belt_400rpm,research
6730,0.027694792999999995,-0.022446742,70-H-0_healthy_belt_400rpm,research
6731,0.010507792999999998,0.013647257999999999,70-H-0_healthy_belt_400rpm,research
6732,-0.025117207000000003,0.030053258,70-H-0_healthy_belt_400rpm,research
6733,-0.028242207000000005,-0.011352741999999999,70-H-0_healthy_belt_400rpm,research
6734,0.051444793,0.036147258,70-H-0_healthy_belt_400rpm,research
6735,0.038319793,0.067241258,70-H-0_healthy_belt_400rpm,research
6736,0.009881792999999996,-0.029477742,70-H-0_healthy_belt_400rpm,research
6737,-0.027305207000000005,0.021460258,70-H-0_healthy_belt_400rpm,research
6738,0.030507793,0.008647258,70-H-0_healthy_belt_400rpm,research
6739,-0.019805207000000002,0.034897258,70-H-0_healthy_belt_400rpm,research
6740,-0.010430207000000004,0.000834258,70-H-0_healthy_belt_400rpm,research
6741,0.010819792999999998,-0.036196742,70-H-0_healthy_belt_400rpm,research
6742,-0.023555207,0.023491258,70-H-0_healthy_belt_400rpm,research
6743,0.039257793,-0.015414742,70-H-0_healthy_belt_400rpm,research
6744,-0.015117207000000004,0.047397258,70-H-0_healthy_belt_400rpm,research
6745,-0.016680207000000002,0.035522258,70-H-0_healthy_belt_400rpm,research
6746,-0.0041802070000000035,0.034272258,70-H-0_healthy_belt_400rpm,research
6747,-0.012930207000000003,0.055834258,70-H-0_healthy_belt_400rpm,research
6748,0.001756792999999996,0.012397258000000001,70-H-0_healthy_belt_400rpm,research
6749,-0.030743207,0.011616258,70-H-0_healthy_belt_400rpm,research
6750,0.011132792999999998,0.056928258,70-H-0_healthy_belt_400rpm,research
6751,-0.0023052070000000036,0.045366258,70-H-0_healthy_belt_400rpm,research
6752,0.027694792999999995,-0.066196742,70-H-0_healthy_belt_400rpm,research
6753,-0.021680207000000003,-0.015414742,70-H-0_healthy_belt_400rpm,research
6754,-0.006992207000000004,0.042084258,70-H-0_healthy_belt_400rpm,research
6755,0.018007792999999994,-0.033227742000000005,70-H-0_healthy_belt_400rpm,research
6756,-0.010117207000000003,0.018334258,70-H-0_healthy_belt_400rpm,research
6757,-0.016368207000000003,0.0019282580000000004,70-H-0_healthy_belt_400rpm,research
6758,0.044881792999999996,-0.023539742,70-H-0_healthy_belt_400rpm,research
6759,0.037381792999999996,-0.012915742,70-H-0_healthy_belt_400rpm,research
6760,-0.005430207000000003,0.010678258,70-H-0_healthy_belt_400rpm,research
6761,-0.025430207000000003,0.007710257999999999,70-H-0_healthy_belt_400rpm,research
6762,-0.017618207000000004,0.0033342580000000005,70-H-0_healthy_belt_400rpm,research
6763,-0.023555207,-0.030571742,70-H-0_healthy_belt_400rpm,research
6764,-0.012305207000000002,0.013647257999999999,70-H-0_healthy_belt_400rpm,research
6765,-0.016368207000000003,0.028647258000000002,70-H-0_healthy_belt_400rpm,research
6766,0.006757792999999998,0.040678258,70-H-0_healthy_belt_400rpm,research
6767,-0.017618207000000004,0.0031782579999999998,70-H-0_healthy_belt_400rpm,research
6768,-0.020117207,0.018491258,70-H-0_healthy_belt_400rpm,research
6769,-0.0004302070000000019,-0.010571741999999999,70-H-0_healthy_belt_400rpm,research
6770,-0.006992207000000004,0.011772258,70-H-0_healthy_belt_400rpm,research
6771,0.035506792999999995,0.010522258,70-H-0_healthy_belt_400rpm,research
6772,-0.018867207000000004,-0.006977742,70-H-0_healthy_belt_400rpm,research
6773,-0.041368207000000004,0.029272258000000002,70-H-0_healthy_belt_400rpm,research
6774,-0.015743207000000002,-0.006040742,70-H-0_healthy_belt_400rpm,research
6775,0.027069792999999995,-0.055883742,70-H-0_healthy_belt_400rpm,research
6776,0.002069792999999997,-0.008852742,70-H-0_healthy_belt_400rpm,research
6777,-0.011992207000000003,0.08646025800000001,70-H-0_healthy_belt_400rpm,research
6778,-0.021368207000000004,0.021303258,70-H-0_healthy_belt_400rpm,research
6779,0.04925679299999999,0.019272258,70-H-0_healthy_belt_400rpm,research
6780,-0.012305207000000002,0.060366258,70-H-0_healthy_belt_400rpm,research
6781,-0.033868207000000004,0.052710258,70-H-0_healthy_belt_400rpm,research
6782,0.016132793,-0.025571742,70-H-0_healthy_belt_400rpm,research
6783,-0.018867207000000004,0.019897258,70-H-0_healthy_belt_400rpm,research
6784,-0.04574320700000001,0.045678258,70-H-0_healthy_belt_400rpm,research
6785,0.023632793,-0.005727742,70-H-0_healthy_belt_400rpm,research
6786,0.014882792999999998,-0.031664741999999996,70-H-0_healthy_belt_400rpm,research
6787,-0.006992207000000004,0.023647258,70-H-0_healthy_belt_400rpm,research
6788,0.009569792999999997,-0.011665742,70-H-0_healthy_belt_400rpm,research
6789,0.019881792999999995,-0.021508742,70-H-0_healthy_belt_400rpm,research
6790,-0.005743207000000004,-0.026040742,70-H-0_healthy_belt_400rpm,research
6791,0.001756792999999996,-0.010571741999999999,70-H-0_healthy_belt_400rpm,research
6792,-0.007930207000000003,0.021460258,70-H-0_healthy_belt_400rpm,research
6793,-0.010117207000000003,0.030835257999999997,70-H-0_healthy_belt_400rpm,research
6794,-0.007305207000000003,0.017709258,70-H-0_healthy_belt_400rpm,research
6795,-0.0023052070000000036,0.029897258000000003,70-H-0_healthy_belt_400rpm,research
6796,-0.023243207000000002,0.043960258,70-H-0_healthy_belt_400rpm,research
6797,0.010507792999999998,-0.009477742,70-H-0_healthy_belt_400rpm,research
6798,-0.022618207,-0.016039742,70-H-0_healthy_belt_400rpm,research
6799,0.000507792999999996,0.004741258,70-H-0_healthy_belt_400rpm,research
6800,-0.0010552070000000024,0.030522258000000003,70-H-0_healthy_belt_400rpm,research
6801,0.046444793,-0.021352742,70-H-0_healthy_belt_400rpm,research
6802,-0.005743207000000004,-0.024946742,70-H-0_healthy_belt_400rpm,research
6803,-0.004805207000000002,0.008022258,70-H-0_healthy_belt_400rpm,research
6804,-0.035430207000000005,-0.005258742,70-H-0_healthy_belt_400rpm,research
6805,-0.023867207,-0.011352741999999999,70-H-0_healthy_belt_400rpm,research
6806,-0.032930207,-0.042758742,70-H-0_healthy_belt_400rpm,research
6807,-0.016368207000000003,-0.002289742,70-H-0_healthy_belt_400rpm,research
6808,0.033944792999999994,-0.012602742,70-H-0_healthy_belt_400rpm,research
6809,0.0036327929999999953,0.002866258,70-H-0_healthy_belt_400rpm,research
6810,0.017694793,0.002710258,70-H-0_healthy_belt_400rpm,research
6811,-0.006055207000000003,0.0033342580000000005,70-H-0_healthy_belt_400rpm,research
6812,-0.028242207000000005,-0.056508742,70-H-0_healthy_belt_400rpm,research
6813,-0.052618207,-0.006665742,70-H-0_healthy_belt_400rpm,research
6814,0.0008197929999999957,-0.036196742,70-H-0_healthy_belt_400rpm,research
6815,0.013319792999999996,0.043335258,70-H-0_healthy_belt_400rpm,research
6816,-0.034180207000000004,0.043335258,70-H-0_healthy_belt_400rpm,research
6817,0.012069792999999995,-0.009946742,70-H-0_healthy_belt_400rpm,research
6818,0.011757792999999996,-0.032602742000000004,70-H-0_healthy_belt_400rpm,research
6819,0.037069793,-0.034321742,70-H-0_healthy_belt_400rpm,research
6820,-0.031680207,-0.019008742000000002,70-H-0_healthy_belt_400rpm,research
6821,-0.044180207,0.046147258000000003,70-H-0_healthy_belt_400rpm,research
6822,-0.012305207000000002,0.0070842579999999995,70-H-0_healthy_belt_400rpm,research
6823,-0.029805207000000004,-0.042289742,70-H-0_healthy_belt_400rpm,research
6824,-0.0007422070000000017,0.038803258,70-H-0_healthy_belt_400rpm,research
6825,0.035819792999999996,-0.007289742,70-H-0_healthy_belt_400rpm,research
6826,-0.003555207000000003,-0.031664741999999996,70-H-0_healthy_belt_400rpm,research
6827,0.022382792999999998,0.024741258,70-H-0_healthy_belt_400rpm,research
6828,0.011132792999999998,-0.006196742,70-H-0_healthy_belt_400rpm,research
6829,-0.028555207000000003,-0.013071741999999999,70-H-0_healthy_belt_400rpm,research
6830,-0.007618207000000004,0.0039602579999999995,70-H-0_healthy_belt_400rpm,research
6831,-0.0010552070000000024,-0.021196742,70-H-0_healthy_belt_400rpm,research
6832,-0.032617207,-0.00010274199999999942,70-H-0_healthy_belt_400rpm,research
6833,-0.03793020700000001,0.043491258,70-H-0_healthy_belt_400rpm,research
6834,0.0011327929999999965,-0.038540742,70-H-0_healthy_belt_400rpm,research
6835,0.008632792999999996,-0.037290742,70-H-0_healthy_belt_400rpm,research
6836,0.027069792999999995,-0.039008742,70-H-0_healthy_belt_400rpm,research
6837,-0.028242207000000005,0.025834258,70-H-0_healthy_belt_400rpm,research
6838,-0.06261720700000001,0.004897258,70-H-0_healthy_belt_400rpm,research
6839,-0.007305207000000003,-0.007915742,70-H-0_healthy_belt_400rpm,research
6840,0.004569792999999996,0.025053258000000002,70-H-0_healthy_belt_400rpm,research
6841,-0.065430207,0.031772258,70-H-0_healthy_belt_400rpm,research
6842,0.035506792999999995,0.004741258,70-H-0_healthy_belt_400rpm,research
6843,0.007069792999999998,-0.030571742,70-H-0_healthy_belt_400rpm,research
6844,0.030507793,-0.031352742,70-H-0_healthy_belt_400rpm,research
6845,-0.03730520700000001,0.020210258000000002,70-H-0_healthy_belt_400rpm,research
6846,-0.041993207000000005,0.040834258,70-H-0_healthy_belt_400rpm,research
6847,0.037694793,0.004116257999999999,70-H-0_healthy_belt_400rpm,research
6848,-0.013555207000000003,0.032553258,70-H-0_healthy_belt_400rpm,research
6849,0.07019479299999999,-0.037133742,70-H-0_healthy_belt_400rpm,research
6850,-0.034493207,0.036772258,70-H-0_healthy_belt_400rpm,research
6851,-0.053242207,0.026147258,70-H-0_healthy_belt_400rpm,research
6852,0.037381792999999996,-0.047446742,70-H-0_healthy_belt_400rpm,research
6853,0.043319792999999995,0.029897258000000003,70-H-0_healthy_belt_400rpm,research
6854,-0.034805207000000005,0.08380325799999999,70-H-0_healthy_belt_400rpm,research
6855,-0.007618207000000004,-0.015414742,70-H-0_healthy_belt_400rpm,research
6856,0.07925679299999999,0.019741258,70-H-0_healthy_belt_400rpm,research
6857,-0.023867207,0.010053258,70-H-0_healthy_belt_400rpm,research
6858,-0.034493207,0.008335258,70-H-0_healthy_belt_400rpm,research
6859,0.008007792999999996,0.012866257999999998,70-H-0_healthy_belt_400rpm,research
6860,-0.018242207000000003,-0.008540742,70-H-0_healthy_belt_400rpm,research
6861,0.038944793,-0.015102742,70-H-0_healthy_belt_400rpm,research
6862,0.034256792999999994,-0.0021337419999999997,70-H-0_healthy_belt_400rpm,research
6863,-0.016368207000000003,0.036303258,70-H-0_healthy_belt_400rpm,research
6864,0.022382792999999998,0.020835258,70-H-0_healthy_belt_400rpm,research
6865,0.033632792999999994,0.009741258000000001,70-H-0_healthy_belt_400rpm,research
6866,-0.037618207,0.028647258000000002,70-H-0_healthy_belt_400rpm,research
6867,0.009256792999999996,0.005835257999999999,70-H-0_healthy_belt_400rpm,research
6868,0.025194793,0.0039602579999999995,70-H-0_healthy_belt_400rpm,research
6869,-0.017930207000000004,0.035053258,70-H-0_healthy_belt_400rpm,research
6870,0.025194793,0.0014602579999999999,70-H-0_healthy_belt_400rpm,research
6871,0.05644479299999999,-0.007758742,70-H-0_healthy_belt_400rpm,research
6872,0.009569792999999997,-0.054165742,70-H-0_healthy_belt_400rpm,research
6873,-0.047930207,0.020210258000000002,70-H-0_healthy_belt_400rpm,research
6874,-0.016992207000000002,-0.012602742,70-H-0_healthy_belt_400rpm,research
6875,-0.028242207000000005,-0.09104074200000001,70-H-0_healthy_belt_400rpm,research
6876,0.00019479299999999866,-0.025415741999999998,70-H-0_healthy_belt_400rpm,research
6877,-0.005743207000000004,0.010366258,70-H-0_healthy_belt_400rpm,research
6878,-0.012305207000000002,0.012085258000000001,70-H-0_healthy_belt_400rpm,research
6879,-0.047930207,0.002553258,70-H-0_healthy_belt_400rpm,research
6880,-0.015117207000000004,0.008022258,70-H-0_healthy_belt_400rpm,research
6881,-0.022618207,0.004897258,70-H-0_healthy_belt_400rpm,research
6882,0.04613279299999999,0.016460258,70-H-0_healthy_belt_400rpm,research
6883,-0.046368207,0.013178258000000002,70-H-0_healthy_belt_400rpm,research
6884,0.050194793,-0.029008742,70-H-0_healthy_belt_400rpm,research
6885,-0.022618207,0.013022258000000002,70-H-0_healthy_belt_400rpm,research
6886,0.019256792999999994,0.013491257999999999,70-H-0_healthy_belt_400rpm,research
6887,0.023944793,-0.047446742,70-H-0_healthy_belt_400rpm,research
6888,0.050194793,0.0013032579999999998,70-H-0_healthy_belt_400rpm,research
6889,-0.011367207000000004,-0.033071742,70-H-0_healthy_belt_400rpm,research
6890,-0.013242207000000002,0.008022258,70-H-0_healthy_belt_400rpm,research
6891,0.011132792999999998,0.011772258,70-H-0_healthy_belt_400rpm,research
6892,0.040194793,-0.002758742,70-H-0_healthy_belt_400rpm,research
6893,0.019256792999999994,-0.003383742,70-H-0_healthy_belt_400rpm,research
6894,0.011132792999999998,0.006928258,70-H-0_healthy_belt_400rpm,research
6895,0.005819792999999997,0.014428258,70-H-0_healthy_belt_400rpm,research
6896,-0.032305207,0.031303258,70-H-0_healthy_belt_400rpm,research
6897,0.053006792999999996,-0.0008837419999999999,70-H-0_healthy_belt_400rpm,research
6898,0.036444792999999996,-0.024321742,70-H-0_healthy_belt_400rpm,research
6899,-0.020743207000000003,0.041303258,70-H-0_healthy_belt_400rpm,research
6900,0.004569792999999996,-0.035414742,70-H-0_healthy_belt_400rpm,research
6901,-0.005117207000000004,0.0006782580000000002,70-H-0_healthy_belt_400rpm,research
6902,0.015507792999999999,0.006147258000000001,70-H-0_healthy_belt_400rpm,research
6903,0.021444792999999997,-0.015883742,70-H-0_healthy_belt_400rpm,research
6904,-0.0026182070000000026,-0.006977742,70-H-0_healthy_belt_400rpm,research
6905,0.009569792999999997,0.040366258,70-H-0_healthy_belt_400rpm,research
6906,0.018007792999999994,-0.0013527419999999997,70-H-0_healthy_belt_400rpm,research
6907,0.006444792999999997,-0.027289742,70-H-0_healthy_belt_400rpm,research
6908,-0.035430207000000005,-0.024008742,70-H-0_healthy_belt_400rpm,research
6909,0.019569792999999995,-0.018071742000000002,70-H-0_healthy_belt_400rpm,research
6910,0.010194792999999997,-0.011821742,70-H-0_healthy_belt_400rpm,research
6911,-0.039805207,-0.022290742,70-H-0_healthy_belt_400rpm,research
6912,0.055507793,0.028491258,70-H-0_healthy_belt_400rpm,research
6913,-0.012930207000000003,0.010834258,70-H-0_healthy_belt_400rpm,research
6914,0.015819793,-0.010415741999999999,70-H-0_healthy_belt_400rpm,research
6915,-0.106680207,-0.029321742,70-H-0_healthy_belt_400rpm,research
6916,-0.019493207000000002,-0.006665742,70-H-0_healthy_belt_400rpm,research
6917,0.04613279299999999,-0.066039742,70-H-0_healthy_belt_400rpm,research
6918,-0.035743207,0.010366258,70-H-0_healthy_belt_400rpm,research
6919,-0.060743207,0.039272258,70-H-0_healthy_belt_400rpm,research
6920,0.041132792999999994,0.013491257999999999,70-H-0_healthy_belt_400rpm,research
6921,0.009569792999999997,0.007241258,70-H-0_healthy_belt_400rpm,research
6922,-0.010430207000000004,0.053178258,70-H-0_healthy_belt_400rpm,research
6923,-0.044180207,-0.042914742,70-H-0_healthy_belt_400rpm,research
6924,-0.017305207000000003,0.019428258,70-H-0_healthy_belt_400rpm,research
6925,-0.011367207000000004,0.018178258,70-H-0_healthy_belt_400rpm,research
6926,0.034256792999999994,-0.008227742,70-H-0_healthy_belt_400rpm,research
6927,0.023632793,0.023178258,70-H-0_healthy_belt_400rpm,research
6928,-0.026055207000000004,-0.0038527419999999997,70-H-0_healthy_belt_400rpm,research
6929,0.028944792999999996,-0.051665742,70-H-0_healthy_belt_400rpm,research
6930,0.024569793,0.007397258,70-H-0_healthy_belt_400rpm,research
6931,-0.035743207,-0.038852742,70-H-0_healthy_belt_400rpm,research
6932,-0.010117207000000003,0.035366258,70-H-0_healthy_belt_400rpm,research
6933,0.043319792999999995,-0.026352742,70-H-0_healthy_belt_400rpm,research
6934,-0.020430207000000002,0.024741258,70-H-0_healthy_belt_400rpm,research
6935,-0.071680207,-0.002446742,70-H-0_healthy_belt_400rpm,research
6936,0.016132793,-0.012758742,70-H-0_healthy_belt_400rpm,research
6937,0.031444793,-0.014477742,70-H-0_healthy_belt_400rpm,research
6938,0.0023827929999999976,0.020991258,70-H-0_healthy_belt_400rpm,research
6939,-0.036993207,0.017553258,70-H-0_healthy_belt_400rpm,research
6940,-0.008867207000000004,-0.023071742,70-H-0_healthy_belt_400rpm,research
6941,-0.011055207000000003,0.014428258,70-H-0_healthy_belt_400rpm,research
6942,0.038632793,-0.042914742,70-H-0_healthy_belt_400rpm,research
6943,0.008632792999999996,0.015053258,70-H-0_healthy_belt_400rpm,research
6944,-0.022930207,0.006459258000000001,70-H-0_healthy_belt_400rpm,research
6945,0.030819792999999998,-0.027289742,70-H-0_healthy_belt_400rpm,research
6946,-0.00011720700000000459,0.011616258,70-H-0_healthy_belt_400rpm,research
6947,0.025507792999999994,-0.0030717419999999997,70-H-0_healthy_belt_400rpm,research
6948,0.041757792999999994,-0.040883742,70-H-0_healthy_belt_400rpm,research
6949,-0.040742207,0.057553258,70-H-0_healthy_belt_400rpm,research
6950,0.043631792999999995,-0.007602742,70-H-0_healthy_belt_400rpm,research
6951,-0.020430207000000002,0.0016162579999999998,70-H-0_healthy_belt_400rpm,research
6952,-0.031055207,0.027553257999999997,70-H-0_healthy_belt_400rpm,research
6953,0.016757793,-0.044477742,70-H-0_healthy_belt_400rpm,research
6954,0.022382792999999998,0.014428258,70-H-0_healthy_belt_400rpm,research
6955,0.023319793,0.038491258,70-H-0_healthy_belt_400rpm,research
6956,-0.033868207000000004,0.029741258,70-H-0_healthy_belt_400rpm,research
6957,0.016757793,-0.015414742,70-H-0_healthy_belt_400rpm,research
6958,0.047694793,0.018959258,70-H-0_healthy_belt_400rpm,research
6959,0.014569792999999998,0.022709258,70-H-0_healthy_belt_400rpm,research
6960,-0.020117207,0.013022258000000002,70-H-0_healthy_belt_400rpm,research
6961,0.009256792999999996,0.006459258000000001,70-H-0_healthy_belt_400rpm,research
6962,-0.008555207000000002,-0.009321742000000001,70-H-0_healthy_belt_400rpm,research
6963,0.039882793,0.002866258,70-H-0_healthy_belt_400rpm,research
6964,-0.063242207,0.041459258,70-H-0_healthy_belt_400rpm,research
6965,-0.0019932070000000038,-0.034477742,70-H-0_healthy_belt_400rpm,research
6966,0.019569792999999995,-0.010883742,70-H-0_healthy_belt_400rpm,research
6967,-0.019493207000000002,0.028960258000000003,70-H-0_healthy_belt_400rpm,research
6968,-0.017930207000000004,0.013647257999999999,70-H-0_healthy_belt_400rpm,research
6969,0.005819792999999997,-0.019633742,70-H-0_healthy_belt_400rpm,research
6970,0.040819793,-0.036977742,70-H-0_healthy_belt_400rpm,research
6971,0.023007793,0.031303258,70-H-0_healthy_belt_400rpm,research
6972,-0.013242207000000002,0.022084258,70-H-0_healthy_belt_400rpm,research
6973,0.010194792999999997,-0.028383742,70-H-0_healthy_belt_400rpm,research
6974,0.018319792999999994,0.0013032579999999998,70-H-0_healthy_belt_400rpm,research
6975,-0.010117207000000003,0.028335258000000002,70-H-0_healthy_belt_400rpm,research
6976,0.0011327929999999965,-0.00010274199999999942,70-H-0_healthy_belt_400rpm,research
6977,-0.0038672070000000027,-0.024633742,70-H-0_healthy_belt_400rpm,research
6978,0.003319792999999998,0.010366258,70-H-0_healthy_belt_400rpm,research
6979,-0.008555207000000002,-0.006977742,70-H-0_healthy_belt_400rpm,research
6980,-0.009493207000000004,-0.026040742,70-H-0_healthy_belt_400rpm,research
6981,0.009881792999999996,0.008491258,70-H-0_healthy_belt_400rpm,research
6982,0.042069792999999994,-0.011665742,70-H-0_healthy_belt_400rpm,research
6983,0.028319792999999996,-0.028227742,70-H-0_healthy_belt_400rpm,research
6984,-0.031992207,-0.020571742,70-H-0_healthy_belt_400rpm,research
6985,0.013006792999999996,-0.074321742,70-H-0_healthy_belt_400rpm,research
6986,-0.036367207,0.038803258,70-H-0_healthy_belt_400rpm,research
6987,0.027069792999999995,-0.041977742,70-H-0_healthy_belt_400rpm,research
6988,0.017382792999999994,0.029741258,70-H-0_healthy_belt_400rpm,research
6989,0.002069792999999997,-0.014321742,70-H-0_healthy_belt_400rpm,research
6990,0.027069792999999995,-0.008071742,70-H-0_healthy_belt_400rpm,research
6991,-0.022305207000000004,-0.017758742,70-H-0_healthy_belt_400rpm,research
6992,-0.028555207000000003,-0.002446742,70-H-0_healthy_belt_400rpm,research
6993,0.023944793,-0.030727742,70-H-0_healthy_belt_400rpm,research
6994,-0.011055207000000003,-0.023383742,70-H-0_healthy_belt_400rpm,research
6995,-0.0010552070000000024,0.033022258,70-H-0_healthy_belt_400rpm,research
6996,-0.007930207000000003,0.025678258,70-H-0_healthy_belt_400rpm,research
6997,0.004569792999999996,-0.008383742,70-H-0_healthy_belt_400rpm,research
6998,-0.003555207000000003,-0.007602742,70-H-0_healthy_belt_400rpm,research
6999,0.006757792999999998,-0.026508742,70-H-0_healthy_belt_400rpm,research
7000,-0.035118207,0.004897258,70-H-0_healthy_belt_400rpm,research
7001,0.014882792999999998,0.028022258,70-H-0_healthy_belt_400rpm,research
7002,-0.014805207000000003,-0.048071742,70-H-0_healthy_belt_400rpm,research
7003,0.006757792999999998,-0.028852742,70-H-0_healthy_belt_400rpm,research
7004,0.005506792999999996,0.043960258,70-H-0_healthy_belt_400rpm,research
7005,-0.023867207,0.028960258000000003,70-H-0_healthy_belt_400rpm,research
7006,0.0014447929999999963,-0.023383742,70-H-0_healthy_belt_400rpm,research
7007,0.009881792999999996,-0.004633742,70-H-0_healthy_belt_400rpm,research
7008,-0.016992207000000002,-0.004008742,70-H-0_healthy_belt_400rpm,research
7009,0.008007792999999996,-0.017914741999999997,70-H-0_healthy_belt_400rpm,research
7010,0.043319792999999995,0.012866257999999998,70-H-0_healthy_belt_400rpm,research
7011,-0.007305207000000003,-0.006977742,70-H-0_healthy_belt_400rpm,research
7012,0.038319793,0.0016162579999999998,70-H-0_healthy_belt_400rpm,research
7013,0.012381792999999999,0.024741258,70-H-0_healthy_belt_400rpm,research
7014,-0.041368207000000004,-0.030258741999999998,70-H-0_healthy_belt_400rpm,research
7015,0.025819792999999994,-0.013383742,70-H-0_healthy_belt_400rpm,research
7016,-0.019493207000000002,0.035522258,70-H-0_healthy_belt_400rpm,research
7017,-0.057305207000000004,0.016616258000000002,70-H-0_healthy_belt_400rpm,research
7018,0.005819792999999997,-0.015258742,70-H-0_healthy_belt_400rpm,research
7019,0.018007792999999994,-0.039790742,70-H-0_healthy_belt_400rpm,research
7020,0.056132793,0.023022258,70-H-0_healthy_belt_400rpm,research
7021,-0.029805207000000004,-0.06947774200000001,70-H-0_healthy_belt_400rpm,research
7022,0.052381792999999996,0.007241258,70-H-0_healthy_belt_400rpm,research
7023,-0.011992207000000003,0.015835258,70-H-0_healthy_belt_400rpm,research
7024,-0.039180207,0.029897258000000003,70-H-0_healthy_belt_400rpm,research
7025,-0.030430207,0.043178258,70-H-0_healthy_belt_400rpm,research
7026,0.05644479299999999,0.010522258,70-H-0_healthy_belt_400rpm,research
7027,0.037069793,-0.003383742,70-H-0_healthy_belt_400rpm,research
7028,-0.0007422070000000017,-0.009477742,70-H-0_healthy_belt_400rpm,research
7029,-0.035743207,-0.030727742,70-H-0_healthy_belt_400rpm,research
7030,0.013631792999999996,-0.029165742,70-H-0_healthy_belt_400rpm,research
7031,-0.0041802070000000035,-0.025571742,70-H-0_healthy_belt_400rpm,research
7032,0.0036327929999999953,-0.036040742,70-H-0_healthy_belt_400rpm,research
7033,-0.009493207000000004,-0.024790742,70-H-0_healthy_belt_400rpm,research
7034,-0.026055207000000004,-0.019946742,70-H-0_healthy_belt_400rpm,research
7035,0.092069793,0.019272258,70-H-0_healthy_belt_400rpm,research
7036,0.001756792999999996,0.026616258,70-H-0_healthy_belt_400rpm,research
7037,-0.068867207,0.019428258,70-H-0_healthy_belt_400rpm,research
7038,0.008319792999999995,-0.006508742,70-H-0_healthy_belt_400rpm,research
7039,0.009881792999999996,0.031616258,70-H-0_healthy_belt_400rpm,research
7040,-0.03793020700000001,0.036303258,70-H-0_healthy_belt_400rpm,research
7041,0.011757792999999996,0.017709258,70-H-0_healthy_belt_400rpm,research
7042,0.031757793,0.020522258,70-H-0_healthy_belt_400rpm,research
7043,0.002069792999999997,-0.07619674200000001,70-H-0_healthy_belt_400rpm,research
7044,-0.013867207000000003,0.023335258,70-H-0_healthy_belt_400rpm,research
7045,-0.021055207000000003,-0.0008837419999999999,70-H-0_healthy_belt_400rpm,research
7046,-0.025430207000000003,-0.032133742,70-H-0_healthy_belt_400rpm,research
7047,-0.001680207000000003,-0.015414742,70-H-0_healthy_belt_400rpm,research
7048,0.023632793,-0.024477742,70-H-0_healthy_belt_400rpm,research
7049,0.018944792999999994,0.012866257999999998,70-H-0_healthy_belt_400rpm,research
7050,0.009881792999999996,0.006147258000000001,70-H-0_healthy_belt_400rpm,research
7051,0.007382792999999999,-0.023227742,70-H-0_healthy_belt_400rpm,research
7052,-0.006055207000000003,0.025522258,70-H-0_healthy_belt_400rpm,research
7053,-0.035118207,0.019116258,70-H-0_healthy_belt_400rpm,research
7054,0.017069793,0.013959257999999999,70-H-0_healthy_belt_400rpm,research
7055,0.06050779299999999,0.008803258,70-H-0_healthy_belt_400rpm,research
7056,0.003007792999999998,-0.002446742,70-H-0_healthy_belt_400rpm,research
7057,-0.011680207000000003,0.034272258,70-H-0_healthy_belt_400rpm,research
7058,0.017382792999999994,-0.046196742,70-H-0_healthy_belt_400rpm,research
7059,-0.058555207000000005,-0.041196742,70-H-0_healthy_belt_400rpm,research
7060,0.054257793,-0.028383742,70-H-0_healthy_belt_400rpm,research
7061,0.008319792999999995,-0.09807174199999999,70-H-0_healthy_belt_400rpm,research
7062,-0.033555207000000004,-0.013383742,70-H-0_healthy_belt_400rpm,research
7063,-0.028242207000000005,0.007553258,70-H-0_healthy_belt_400rpm,research
7064,0.037381792999999996,0.004585258,70-H-0_healthy_belt_400rpm,research
7065,0.015194792999999998,-0.006040742,70-H-0_healthy_belt_400rpm,research
7066,-0.0038672070000000027,0.021772258,70-H-0_healthy_belt_400rpm,research
7067,-0.0023052070000000036,-0.021977742,70-H-0_healthy_belt_400rpm,research
7068,0.012381792999999999,-0.021977742,70-H-0_healthy_belt_400rpm,research
7069,-0.006992207000000004,0.023960258,70-H-0_healthy_belt_400rpm,research
7070,-0.026368207000000005,0.033647258,70-H-0_healthy_belt_400rpm,research
7071,0.022694792999999998,-0.040727742,70-H-0_healthy_belt_400rpm,research
7072,0.026757792999999995,-0.0010397419999999997,70-H-0_healthy_belt_400rpm,research
7073,-0.010743207000000003,0.004741258,70-H-0_healthy_belt_400rpm,research
7074,-0.033243207000000004,0.015366258,70-H-0_healthy_belt_400rpm,research
7075,0.006444792999999997,-0.021977742,70-H-0_healthy_belt_400rpm,research
7076,0.040194793,-0.037915742,70-H-0_healthy_belt_400rpm,research
7077,-0.048242207,0.042866258,70-H-0_healthy_belt_400rpm,research
7078,-0.031992207,-0.047915742,70-H-0_healthy_belt_400rpm,research
7079,0.0023827929999999976,-0.009946742,70-H-0_healthy_belt_400rpm,research
7080,0.025819792999999994,-0.044321742,70-H-0_healthy_belt_400rpm,research
7081,-0.033243207000000004,0.062553258,70-H-0_healthy_belt_400rpm,research
7082,-0.009180207000000003,0.001147258,70-H-0_healthy_belt_400rpm,research
7083,0.054882793,-0.019633742,70-H-0_healthy_belt_400rpm,research
7084,0.024257793,0.037710258,70-H-0_healthy_belt_400rpm,research
7085,-0.04699220700000001,0.031147257999999997,70-H-0_healthy_belt_400rpm,research
7086,-0.060743207,-0.041352742,70-H-0_healthy_belt_400rpm,research
7087,-0.004492207000000003,0.011772258,70-H-0_healthy_belt_400rpm,research
7088,0.023944793,-0.050883742,70-H-0_healthy_belt_400rpm,research
7089,-0.039492207,-0.005258742,70-H-0_healthy_belt_400rpm,research
7090,-0.050118207000000005,0.014584258,70-H-0_healthy_belt_400rpm,research
7091,0.047069793,-0.022133742,70-H-0_healthy_belt_400rpm,research
7092,0.023944793,-0.052602742,70-H-0_healthy_belt_400rpm,research
7093,-0.042930207,0.046303258,70-H-0_healthy_belt_400rpm,research
7094,-0.014493207000000003,-0.012289742,70-H-0_healthy_belt_400rpm,research
7095,0.05644479299999999,-0.029008742,70-H-0_healthy_belt_400rpm,research
7096,-0.022305207000000004,0.016460258,70-H-0_healthy_belt_400rpm,research
7097,0.020819792999999996,0.011772258,70-H-0_healthy_belt_400rpm,research
7098,-0.0019932070000000038,0.039741258,70-H-0_healthy_belt_400rpm,research
7099,-0.015430207000000003,-0.012446742,70-H-0_healthy_belt_400rpm,research
7100,0.013006792999999996,-0.038696742,70-H-0_healthy_belt_400rpm,research
7101,-0.013555207000000003,-0.025883742,70-H-0_healthy_belt_400rpm,research
7102,-0.112618207,0.000991258,70-H-0_healthy_belt_400rpm,research
7103,-0.007305207000000003,-0.005414742,70-H-0_healthy_belt_400rpm,research
7104,0.028319792999999996,-0.043071742,70-H-0_healthy_belt_400rpm,research
7105,-0.034805207000000005,-0.036977742,70-H-0_healthy_belt_400rpm,research
7106,0.025194793,0.010053258,70-H-0_healthy_belt_400rpm,research
7107,-0.004492207000000003,-0.015727742,70-H-0_healthy_belt_400rpm,research
7108,0.019881792999999995,-0.020258742,70-H-0_healthy_belt_400rpm,research
7109,-0.021680207000000003,-0.017133742,70-H-0_healthy_belt_400rpm,research
7110,-0.007618207000000004,0.039897258,70-H-0_healthy_belt_400rpm,research
7111,-0.005430207000000003,-0.019477742,70-H-0_healthy_belt_400rpm,research
7112,-0.016368207000000003,-0.028696742,70-H-0_healthy_belt_400rpm,research
7113,-0.0019932070000000038,0.016616258000000002,70-H-0_healthy_belt_400rpm,research
7114,-0.029493207,-0.046196742,70-H-0_healthy_belt_400rpm,research
7115,-0.010117207000000003,-0.000727742,70-H-0_healthy_belt_400rpm,research
7116,0.026757792999999995,-0.014321742,70-H-0_healthy_belt_400rpm,research
7117,-0.021368207000000004,0.006303258000000001,70-H-0_healthy_belt_400rpm,research
7118,-0.036367207,0.0014602579999999999,70-H-0_healthy_belt_400rpm,research
7119,-0.026680207000000004,0.026772258,70-H-0_healthy_belt_400rpm,research
7120,-0.009180207000000003,-0.001508742,70-H-0_healthy_belt_400rpm,research
7121,0.039882793,0.0031782579999999998,70-H-0_healthy_belt_400rpm,research
7122,-0.08480520700000001,0.040834258,70-H-0_healthy_belt_400rpm,research
7123,-0.015117207000000004,0.051772258,70-H-0_healthy_belt_400rpm,research
7124,0.023007793,0.012397258000000001,70-H-0_healthy_belt_400rpm,research
7125,0.011444792999999998,0.015991258,70-H-0_healthy_belt_400rpm,research
7126,-0.015430207000000003,0.051772258,70-H-0_healthy_belt_400rpm,research
7127,0.07800779299999999,-0.020883742,70-H-0_healthy_belt_400rpm,research
7128,0.000507792999999996,-0.009321742000000001,70-H-0_healthy_belt_400rpm,research
7129,-0.037618207,0.047397258,70-H-0_healthy_belt_400rpm,research
7130,0.0026947929999999974,0.020835258,70-H-0_healthy_belt_400rpm,research
7131,0.014257792999999998,-0.047758742,70-H-0_healthy_belt_400rpm,research
7132,0.0011327929999999965,-0.022914742,70-H-0_healthy_belt_400rpm,research
7133,-0.0063682070000000025,-0.004946742,70-H-0_healthy_belt_400rpm,research
7134,-0.0038672070000000027,0.023178258,70-H-0_healthy_belt_400rpm,research
7135,-0.00011720700000000459,0.012397258000000001,70-H-0_healthy_belt_400rpm,research
7136,0.051756792999999995,0.011616258,70-H-0_healthy_belt_400rpm,research
7137,0.034569792999999994,0.014584258,70-H-0_healthy_belt_400rpm,research
7138,-0.024805207000000003,0.009897258,70-H-0_healthy_belt_400rpm,research
7139,0.014257792999999998,-0.0030717419999999997,70-H-0_healthy_belt_400rpm,research
7140,-0.031992207,0.006772258,70-H-0_healthy_belt_400rpm,research
7141,0.008632792999999996,0.002553258,70-H-0_healthy_belt_400rpm,research
7142,-0.007305207000000003,0.009116258,70-H-0_healthy_belt_400rpm,research
7143,0.047069793,0.007397258,70-H-0_healthy_belt_400rpm,research
7144,0.0023827929999999976,0.014897258,70-H-0_healthy_belt_400rpm,research
7145,0.019569792999999995,0.034428258,70-H-0_healthy_belt_400rpm,research
7146,-0.019180207000000005,0.018803258,70-H-0_healthy_belt_400rpm,research
7147,-0.024805207000000003,-0.003540742,70-H-0_healthy_belt_400rpm,research
7148,-0.018555207000000004,-0.027914742,70-H-0_healthy_belt_400rpm,research
7149,-0.030118207,-0.011821742,70-H-0_healthy_belt_400rpm,research
7150,0.007069792999999998,0.009116258,70-H-0_healthy_belt_400rpm,research
7151,0.0008197929999999957,0.020366258,70-H-0_healthy_belt_400rpm,research
7152,0.019256792999999994,0.021772258,70-H-0_healthy_belt_400rpm,research
7153,0.006444792999999997,-0.018227741999999998,70-H-0_healthy_belt_400rpm,research
7154,-0.0007422070000000017,-0.062290742,70-H-0_healthy_belt_400rpm,research
7155,-0.010430207000000004,0.0031782579999999998,70-H-0_healthy_belt_400rpm,research
7156,0.020506792999999995,-0.016665741999999997,70-H-0_healthy_belt_400rpm,research
7157,0.037381792999999996,0.025366258,70-H-0_healthy_belt_400rpm,research
7158,-0.073243207,0.039272258,70-H-0_healthy_belt_400rpm,research
7159,0.034256792999999994,-0.053852742,70-H-0_healthy_belt_400rpm,research
7160,0.08519479299999999,-0.051665742,70-H-0_healthy_belt_400rpm,research
7161,0.032382793,0.006616258,70-H-0_healthy_belt_400rpm,research
7162,-0.057930207000000004,-0.048540742,70-H-0_healthy_belt_400rpm,research
7163,-0.021680207000000003,-0.008540742,70-H-0_healthy_belt_400rpm,research
7164,0.011132792999999998,-0.004633742,70-H-0_healthy_belt_400rpm,research
7165,-0.016368207000000003,-0.016196742,70-H-0_healthy_belt_400rpm,research
7166,-0.034493207,0.048491258,70-H-0_healthy_belt_400rpm,research
7167,-0.006055207000000003,0.040209258,70-H-0_healthy_belt_400rpm,research
7168,0.005194792999999996,-0.017602741999999998,70-H-0_healthy_belt_400rpm,research
7169,-0.022618207,0.011616258,70-H-0_healthy_belt_400rpm,research
7170,-0.021368207000000004,-0.0038527419999999997,70-H-0_healthy_belt_400rpm,research
7171,-0.014180207000000004,0.008491258,70-H-0_healthy_belt_400rpm,research
7172,0.058944792999999995,0.0006782580000000002,70-H-0_healthy_belt_400rpm,research
7173,0.05394479299999999,-0.032602742000000004,70-H-0_healthy_belt_400rpm,research
7174,-0.035118207,0.0033342580000000005,70-H-0_healthy_belt_400rpm,research
7175,-0.0004302070000000019,-0.008227742,70-H-0_healthy_belt_400rpm,research
7176,0.047694793,-0.074633742,70-H-0_healthy_belt_400rpm,research
7177,-0.034493207,-0.019477742,70-H-0_healthy_belt_400rpm,research
7178,-0.043243207000000006,0.015053258,70-H-0_healthy_belt_400rpm,research
7179,-0.056680207,0.031303258,70-H-0_healthy_belt_400rpm,research
7180,-0.017305207000000003,0.008959258,70-H-0_healthy_belt_400rpm,research
7181,0.047069793,0.004116257999999999,70-H-0_healthy_belt_400rpm,research
7182,0.003319792999999998,-0.035102742,70-H-0_healthy_belt_400rpm,research
7183,-0.029180207000000003,0.06692825799999999,70-H-0_healthy_belt_400rpm,research
7184,0.042694792999999995,-0.029008742,70-H-0_healthy_belt_400rpm,research
7185,0.026132792999999994,-0.016196742,70-H-0_healthy_belt_400rpm,research
7186,0.0023827929999999976,0.062397258000000004,70-H-0_healthy_belt_400rpm,research
7187,0.008319792999999995,-0.009321742000000001,70-H-0_healthy_belt_400rpm,research
7188,0.035819792999999996,-0.050102742,70-H-0_healthy_belt_400rpm,research
7189,0.007069792999999998,0.013803257999999999,70-H-0_healthy_belt_400rpm,research
7190,-0.009493207000000004,-0.019946742,70-H-0_healthy_belt_400rpm,research
7191,-0.071680207,0.08083425799999999,70-H-0_healthy_belt_400rpm,research
7192,-0.003242207000000002,-0.040883742,70-H-0_healthy_belt_400rpm,research
7193,0.043007792999999996,-0.030415742,70-H-0_healthy_belt_400rpm,research
7194,-0.018555207000000004,0.06270925799999999,70-H-0_healthy_belt_400rpm,research
7195,0.013944792999999997,-0.013852742,70-H-0_healthy_belt_400rpm,research
7196,-0.046055207,0.044428258,70-H-0_healthy_belt_400rpm,research
7197,0.043319792999999995,-0.016821742,70-H-0_healthy_belt_400rpm,research
7198,0.015507792999999999,-0.016821742,70-H-0_healthy_belt_400rpm,research
7199,-0.007618207000000004,0.016772258,70-H-0_healthy_belt_400rpm,research
7200,-0.0023052070000000036,-0.013071741999999999,70-H-0_healthy_belt_400rpm,research
7201,0.012069792999999995,-0.022602742,70-H-0_healthy_belt_400rpm,research
7202,-0.022305207000000004,-0.003540742,70-H-0_healthy_belt_400rpm,research
7203,-0.011992207000000003,0.060366258,70-H-0_healthy_belt_400rpm,research
7204,0.008319792999999995,-0.046665742,70-H-0_healthy_belt_400rpm,research
7205,0.018319792999999994,-0.025727742,70-H-0_healthy_belt_400rpm,research
7206,0.029882792999999998,0.015210258,70-H-0_healthy_belt_400rpm,research
7207,-0.010430207000000004,0.014897258,70-H-0_healthy_belt_400rpm,research
7208,-0.063242207,-0.004321742,70-H-0_healthy_belt_400rpm,research
7209,0.007382792999999999,-0.0011967419999999998,70-H-0_healthy_belt_400rpm,research
7210,0.036131792999999995,-0.017602741999999998,70-H-0_healthy_belt_400rpm,research
7211,-0.017305207000000003,0.029585258000000003,70-H-0_healthy_belt_400rpm,research
7212,-0.008242207000000003,0.0039602579999999995,70-H-0_healthy_belt_400rpm,research
7213,-0.004492207000000003,-0.010571741999999999,70-H-0_healthy_belt_400rpm,research
7214,0.008007792999999996,0.020522258,70-H-0_healthy_belt_400rpm,research
7215,-0.022305207000000004,0.021616258,70-H-0_healthy_belt_400rpm,research
7216,0.0014447929999999963,0.015522258,70-H-0_healthy_belt_400rpm,research
7217,0.026444792999999994,-0.004946742,70-H-0_healthy_belt_400rpm,research
7218,0.041444792999999994,0.017709258,70-H-0_healthy_belt_400rpm,research
7219,-0.017305207000000003,0.015991258,70-H-0_healthy_belt_400rpm,research
7220,0.034881792999999994,-0.012602742,70-H-0_healthy_belt_400rpm,research
7221,0.016132793,-0.021508742,70-H-0_healthy_belt_400rpm,research
7222,0.018007792999999994,-0.016196742,70-H-0_healthy_belt_400rpm,research
7223,0.0008197929999999957,0.004116257999999999,70-H-0_healthy_belt_400rpm,research
7224,-0.034493207,-0.0021337419999999997,70-H-0_healthy_belt_400rpm,research
7225,-0.017930207000000004,0.042084258,70-H-0_healthy_belt_400rpm,research
7226,0.058007793,0.006772258,70-H-0_healthy_belt_400rpm,research
7227,-0.018555207000000004,-0.0021337419999999997,70-H-0_healthy_belt_400rpm,research
7228,0.008319792999999995,-0.011040742,70-H-0_healthy_belt_400rpm,research
7229,-0.016680207000000002,0.004428258000000001,70-H-0_healthy_belt_400rpm,research
7230,-0.0063682070000000025,0.018022258,70-H-0_healthy_belt_400rpm,research
7231,0.001756792999999996,0.016460258,70-H-0_healthy_belt_400rpm,research
7232,0.044256792999999996,-0.021665741999999998,70-H-0_healthy_belt_400rpm,research
7233,0.031757793,0.016303258,70-H-0_healthy_belt_400rpm,research
7234,-0.007930207000000003,0.010678258,70-H-0_healthy_belt_400rpm,research
7235,0.030194792999999998,0.011147258,70-H-0_healthy_belt_400rpm,research
7236,-0.027305207000000005,-0.07353974199999999,70-H-0_healthy_belt_400rpm,research
7237,-0.021680207000000003,-0.020415742,70-H-0_healthy_belt_400rpm,research
7238,0.027694792999999995,0.011460258000000001,70-H-0_healthy_belt_400rpm,research
7239,-0.042930207,-0.039008742,70-H-0_healthy_belt_400rpm,research
7240,-0.010430207000000004,-0.004477742,70-H-0_healthy_belt_400rpm,research
7241,-0.006055207000000003,-0.001665742,70-H-0_healthy_belt_400rpm,research
7242,-0.026368207000000005,0.011303258,70-H-0_healthy_belt_400rpm,research
7243,-0.00011720700000000459,0.013178258000000002,70-H-0_healthy_belt_400rpm,research
7244,-0.029493207,-0.008696742,70-H-0_healthy_belt_400rpm,research
7245,-0.0010552070000000024,0.009428258,70-H-0_healthy_belt_400rpm,research
7246,-0.003242207000000002,0.019272258,70-H-0_healthy_belt_400rpm,research
7247,-0.005430207000000003,-0.034633741999999995,70-H-0_healthy_belt_400rpm,research
7248,0.008944792999999996,0.004897258,70-H-0_healthy_belt_400rpm,research
7249,0.023944793,-0.015883742,70-H-0_healthy_belt_400rpm,research
7250,0.001756792999999996,-0.004165742,70-H-0_healthy_belt_400rpm,research
7251,0.022069792999999997,-0.030883742,70-H-0_healthy_belt_400rpm,research
7252,0.006757792999999998,0.005678258,70-H-0_healthy_belt_400rpm,research
7253,-0.028555207000000003,0.004428258000000001,70-H-0_healthy_belt_400rpm,research
7254,-0.006680207000000002,-0.011977742,70-H-0_healthy_belt_400rpm,research
7255,-0.020117207,-0.008540742,70-H-0_healthy_belt_400rpm,research
7256,-0.029805207000000004,0.020991258,70-H-0_healthy_belt_400rpm,research
7257,-0.025743207000000004,0.033803258,70-H-0_healthy_belt_400rpm,research
7258,0.032382793,-0.013696742,70-H-0_healthy_belt_400rpm,research
7259,0.09300779299999999,-0.015414742,70-H-0_healthy_belt_400rpm,research
7260,-0.019493207000000002,-0.061665742,70-H-0_healthy_belt_400rpm,research
7261,0.009881792999999996,-0.10057174199999999,70-H-0_healthy_belt_400rpm,research
7262,0.036131792999999995,0.018334258,70-H-0_healthy_belt_400rpm,research
7263,-0.0019932070000000038,-0.020571742,70-H-0_healthy_belt_400rpm,research
7264,-0.082617207,0.083647258,70-H-0_healthy_belt_400rpm,research
7265,-0.008867207000000004,0.0039602579999999995,70-H-0_healthy_belt_400rpm,research
7266,0.023632793,-0.013071741999999999,70-H-0_healthy_belt_400rpm,research
7267,-0.024180207000000002,0.052085258,70-H-0_healthy_belt_400rpm,research
7268,-0.017618207000000004,0.0019282580000000004,70-H-0_healthy_belt_400rpm,research
7269,-0.017930207000000004,-0.0051027419999999995,70-H-0_healthy_belt_400rpm,research
7270,-0.016368207000000003,-0.006508742,70-H-0_healthy_belt_400rpm,research
7271,0.04613279299999999,-0.025415741999999998,70-H-0_healthy_belt_400rpm,research
7272,0.034569792999999994,-0.004789742,70-H-0_healthy_belt_400rpm,research
7273,0.006757792999999998,-0.030415742,70-H-0_healthy_belt_400rpm,research
7274,0.043007792999999996,-0.029321742,70-H-0_healthy_belt_400rpm,research
7275,0.019569792999999995,0.016147258,70-H-0_healthy_belt_400rpm,research
7276,-0.03855520700000001,-0.013696742,70-H-0_healthy_belt_400rpm,research
7277,0.007694792999999998,-0.028071742,70-H-0_healthy_belt_400rpm,research
7278,0.011132792999999998,0.024116258,70-H-0_healthy_belt_400rpm,research
7279,0.004256792999999998,0.020991258,70-H-0_healthy_belt_400rpm,research
7280,0.008944792999999996,-0.028071742,70-H-0_healthy_belt_400rpm,research
7281,-0.030118207,-0.006196742,70-H-0_healthy_belt_400rpm,research
7282,0.037694793,0.003022258,70-H-0_healthy_belt_400rpm,research
7283,-0.012618207000000003,0.013803257999999999,70-H-0_healthy_belt_400rpm,research
7284,0.011132792999999998,0.013803257999999999,70-H-0_healthy_belt_400rpm,research
7285,-0.060743207,-0.019633742,70-H-0_healthy_belt_400rpm,research
7286,0.018007792999999994,-0.028383742,70-H-0_healthy_belt_400rpm,research
7287,0.040507793,0.009428258,70-H-0_healthy_belt_400rpm,research
7288,-0.04511820700000001,0.0020852580000000004,70-H-0_healthy_belt_400rpm,research
7289,0.017069793,0.030053258,70-H-0_healthy_belt_400rpm,research
7290,0.027381792999999995,-0.010571741999999999,70-H-0_healthy_belt_400rpm,research
7291,-0.0063682070000000025,-0.026821742,70-H-0_healthy_belt_400rpm,research
7292,-0.041368207000000004,0.040834258,70-H-0_healthy_belt_400rpm,research
7293,0.016757793,-0.000727742,70-H-0_healthy_belt_400rpm,research
7294,-0.0010552070000000024,0.036460258,70-H-0_healthy_belt_400rpm,research
7295,0.008007792999999996,0.013959257999999999,70-H-0_healthy_belt_400rpm,research
7296,-0.037618207,0.050522258,70-H-0_healthy_belt_400rpm,research
7297,-0.025430207000000003,-0.0051027419999999995,70-H-0_healthy_belt_400rpm,research
7298,0.028944792999999996,-0.030258741999999998,70-H-0_healthy_belt_400rpm,research
7299,-0.006680207000000002,-0.000727742,70-H-0_healthy_belt_400rpm,research
7300,-0.012305207000000002,0.031616258,70-H-0_healthy_belt_400rpm,research
7301,-0.027305207000000005,0.005209258,70-H-0_healthy_belt_400rpm,research
7302,0.009881792999999996,-0.022914742,70-H-0_healthy_belt_400rpm,research
7303,0.037069793,0.009428258,70-H-0_healthy_belt_400rpm,research
7304,-0.015117207000000004,-0.013540742,70-H-0_healthy_belt_400rpm,research
7305,0.028944792999999996,-0.017446742,70-H-0_healthy_belt_400rpm,research
7306,-0.003242207000000002,-0.015727742,70-H-0_healthy_belt_400rpm,research
7307,-0.013555207000000003,0.006928258,70-H-0_healthy_belt_400rpm,research
7308,-0.036367207,0.024272258,70-H-0_healthy_belt_400rpm,research
7309,0.022382792999999998,-0.024633742,70-H-0_healthy_belt_400rpm,research
7310,0.05644479299999999,-0.0005717419999999996,70-H-0_healthy_belt_400rpm,research
7311,0.0023827929999999976,0.028803257999999998,70-H-0_healthy_belt_400rpm,research
7312,-0.057305207000000004,0.048647258,70-H-0_healthy_belt_400rpm,research
7313,-0.022930207,-0.024790742,70-H-0_healthy_belt_400rpm,research
7314,-0.016992207000000002,-0.048852742,70-H-0_healthy_belt_400rpm,research
7315,0.041132792999999994,0.010522258,70-H-0_healthy_belt_400rpm,research
7316,-0.025430207000000003,0.034584258,70-H-0_healthy_belt_400rpm,research
7317,-0.038243207,0.057084258,70-H-0_healthy_belt_400rpm,research
7318,0.049569793,-0.014790741999999999,70-H-0_healthy_belt_400rpm,research
7319,-0.0007422070000000017,-0.008383742,70-H-0_healthy_belt_400rpm,research
7320,-0.033868207000000004,0.028491258,70-H-0_healthy_belt_400rpm,research
7321,-0.010743207000000003,-0.027758742,70-H-0_healthy_belt_400rpm,research
7322,0.038319793,-0.001508742,70-H-0_healthy_belt_400rpm,research
7323,0.059569792999999996,0.043803258,70-H-0_healthy_belt_400rpm,research
7324,-0.029805207000000004,0.006616258,70-H-0_healthy_belt_400rpm,research
7325,-0.017930207000000004,-0.07025874200000001,70-H-0_healthy_belt_400rpm,research
7326,-0.041993207000000005,0.035366258,70-H-0_healthy_belt_400rpm,research
7327,0.06050779299999999,0.013335258,70-H-0_healthy_belt_400rpm,research
7328,-0.015117207000000004,-0.010102742,70-H-0_healthy_belt_400rpm,research
7329,-0.024180207000000002,0.043647258,70-H-0_healthy_belt_400rpm,research
7330,0.019569792999999995,-0.006821742,70-H-0_healthy_belt_400rpm,research
7331,0.007069792999999998,-0.039477742,70-H-0_healthy_belt_400rpm,research
7332,-0.0063682070000000025,0.021147258,70-H-0_healthy_belt_400rpm,research
7333,-0.019180207000000005,0.013959257999999999,70-H-0_healthy_belt_400rpm,research
7334,-0.0004302070000000019,0.005991257999999999,70-H-0_healthy_belt_400rpm,research
7335,0.051756792999999995,0.010210258,70-H-0_healthy_belt_400rpm,research
7336,-0.012618207000000003,-0.032915742,70-H-0_healthy_belt_400rpm,research
7337,-0.010743207000000003,-0.0002587420000000002,70-H-0_healthy_belt_400rpm,research
7338,-0.004805207000000002,0.013022258000000002,70-H-0_healthy_belt_400rpm,research
7339,0.023944793,-0.010571741999999999,70-H-0_healthy_belt_400rpm,research
7340,0.009256792999999996,-0.019321742,70-H-0_healthy_belt_400rpm,research
7341,-0.0038672070000000027,0.019272258,70-H-0_healthy_belt_400rpm,research
7342,-0.053242207,0.018647258,70-H-0_healthy_belt_400rpm,research
7343,-0.004492207000000003,-0.008227742,70-H-0_healthy_belt_400rpm,research
7344,0.025819792999999994,0.013959257999999999,70-H-0_healthy_belt_400rpm,research
7345,-0.037618207,0.034897258,70-H-0_healthy_belt_400rpm,research
7346,0.010819792999999998,0.010366258,70-H-0_healthy_belt_400rpm,research
7347,0.031444793,0.005522258,70-H-0_healthy_belt_400rpm,research
7348,-0.025430207000000003,0.022241258,70-H-0_healthy_belt_400rpm,research
7349,0.019256792999999994,-0.010571741999999999,70-H-0_healthy_belt_400rpm,research
7350,0.009256792999999996,-0.013227742,70-H-0_healthy_belt_400rpm,research
7351,0.040507793,-0.039477742,70-H-0_healthy_belt_400rpm,research
7352,-0.024180207000000002,0.049897258,70-H-0_healthy_belt_400rpm,research
7353,-0.031680207,0.025991258,70-H-0_healthy_belt_400rpm,research
7354,-0.027930207000000006,-0.001821742,70-H-0_healthy_belt_400rpm,research
7355,0.011757792999999996,-0.016821742,70-H-0_healthy_belt_400rpm,research
7356,-0.0023052070000000036,-0.015102742,70-H-0_healthy_belt_400rpm,research
7357,-0.046368207,0.056772258,70-H-0_healthy_belt_400rpm,research
7358,0.0061317929999999965,-0.039165741999999996,70-H-0_healthy_belt_400rpm,research
7359,-0.012618207000000003,-0.051508742,70-H-0_healthy_belt_400rpm,research
7360,0.048944793,-0.004165742,70-H-0_healthy_belt_400rpm,research
7361,-0.019493207000000002,0.018334258,70-H-0_healthy_belt_400rpm,research
7362,-0.03730520700000001,0.0016162579999999998,70-H-0_healthy_belt_400rpm,research
7363,0.072694793,-0.056040742,70-H-0_healthy_belt_400rpm,research
7364,0.024569793,0.039428258,70-H-0_healthy_belt_400rpm,research
7365,-0.028242207000000005,-0.003696742,70-H-0_healthy_belt_400rpm,research
7366,0.018944792999999994,-0.052915742,70-H-0_healthy_belt_400rpm,research
7367,-0.0041802070000000035,0.014116258,70-H-0_healthy_belt_400rpm,research
7368,-0.012930207000000003,0.026928258000000004,70-H-0_healthy_belt_400rpm,research
7369,0.005194792999999996,0.010053258,70-H-0_healthy_belt_400rpm,research
7370,-0.041368207000000004,0.0019282580000000004,70-H-0_healthy_belt_400rpm,research
7371,-0.027305207000000005,0.015210258,70-H-0_healthy_belt_400rpm,research
7372,0.013631792999999996,-0.039165741999999996,70-H-0_healthy_belt_400rpm,research
7373,-0.027930207000000006,-0.008540742,70-H-0_healthy_belt_400rpm,research
7374,-0.015117207000000004,0.023647258,70-H-0_healthy_belt_400rpm,research
7375,0.030194792999999998,-0.044477742,70-H-0_healthy_belt_400rpm,research
7376,-0.0007422070000000017,-0.028696742,70-H-0_healthy_belt_400rpm,research
7377,0.000507792999999996,0.047241258,70-H-0_healthy_belt_400rpm,research
7378,0.001756792999999996,-0.002758742,70-H-0_healthy_belt_400rpm,research
7379,0.006444792999999997,-0.055102742,70-H-0_healthy_belt_400rpm,research
7380,-0.0041802070000000035,0.000834258,70-H-0_healthy_belt_400rpm,research
7381,0.014569792999999998,0.0016162579999999998,70-H-0_healthy_belt_400rpm,research
7382,0.0023827929999999976,-0.039633742,70-H-0_healthy_belt_400rpm,research
7383,0.014882792999999998,0.007710257999999999,70-H-0_healthy_belt_400rpm,research
7384,0.006757792999999998,0.033959258,70-H-0_healthy_belt_400rpm,research
7385,-0.072930207,0.005678258,70-H-0_healthy_belt_400rpm,research
7386,-0.031368207,0.012397258000000001,70-H-0_healthy_belt_400rpm,research
7387,-0.07480520700000001,0.007553258,70-H-0_healthy_belt_400rpm,research
7388,-0.028242207000000005,-0.009633742,70-H-0_healthy_belt_400rpm,research
7389,0.07925679299999999,-0.008071742,70-H-0_healthy_belt_400rpm,research
7390,-0.022305207000000004,0.063334258,70-H-0_healthy_belt_400rpm,research
7391,0.0039447929999999985,0.0038032580000000003,70-H-0_healthy_belt_400rpm,research
7392,0.020506792999999995,-0.007446741999999999,70-H-0_healthy_belt_400rpm,research
7393,-0.042305207000000004,0.037710258,70-H-0_healthy_belt_400rpm,research
7394,-0.018242207000000003,-0.039633742,70-H-0_healthy_belt_400rpm,research
7395,0.025507792999999994,-0.051821742,70-H-0_healthy_belt_400rpm,research
7396,0.011444792999999998,0.027866257999999998,70-H-0_healthy_belt_400rpm,research
7397,-0.021368207000000004,0.041928258,70-H-0_healthy_belt_400rpm,research
7398,-0.0063682070000000025,-0.040883742,70-H-0_healthy_belt_400rpm,research
7399,0.042069792999999994,-0.024008742,70-H-0_healthy_belt_400rpm,research
7400,0.028944792999999996,0.047397258,70-H-0_healthy_belt_400rpm,research
7401,-0.035430207000000005,0.016460258,70-H-0_healthy_belt_400rpm,research
7402,-0.036680207000000006,-0.037915742,70-H-0_healthy_belt_400rpm,research
7403,0.024882793,0.034272258,70-H-0_healthy_belt_400rpm,research
7404,0.003007792999999998,-0.007602742,70-H-0_healthy_belt_400rpm,research
7405,0.026444792999999994,-0.009946742,70-H-0_healthy_belt_400rpm,research
7406,0.032382793,0.011303258,70-H-0_healthy_belt_400rpm,research
7407,-0.051993207,-0.015102742,70-H-0_healthy_belt_400rpm,research
7408,0.014882792999999998,-0.024790742,70-H-0_healthy_belt_400rpm,research
7409,-0.012618207000000003,0.030991258,70-H-0_healthy_belt_400rpm,research
7410,-0.025743207000000004,-0.007758742,70-H-0_healthy_belt_400rpm,research
7411,0.057694792999999994,-0.010258742,70-H-0_healthy_belt_400rpm,research
7412,0.014569792999999998,-0.00041474200000000006,70-H-0_healthy_belt_400rpm,research
7413,-0.077618207,0.061616258,70-H-0_healthy_belt_400rpm,research
7414,0.027381792999999995,-0.014164742,70-H-0_healthy_belt_400rpm,research
7415,0.038007793,0.002710258,70-H-0_healthy_belt_400rpm,research
7416,0.06300779299999999,0.0034912580000000006,70-H-0_healthy_belt_400rpm,research
7417,0.024569793,-0.015258742,70-H-0_healthy_belt_400rpm,research
7418,-0.051055207000000005,0.017866258,70-H-0_healthy_belt_400rpm,research
7419,-0.007305207000000003,-0.020883742,70-H-0_healthy_belt_400rpm,research
7420,0.031757793,-0.028227742,70-H-0_healthy_belt_400rpm,research
7421,0.036131792999999995,-0.012915742,70-H-0_healthy_belt_400rpm,research
7422,-0.020743207000000003,0.036928258,70-H-0_healthy_belt_400rpm,research
7423,-0.025430207000000003,0.003022258,70-H-0_healthy_belt_400rpm,research
7424,0.007382792999999999,-0.020883742,70-H-0_healthy_belt_400rpm,research
7425,0.025194793,0.022709258,70-H-0_healthy_belt_400rpm,research
7426,-0.025430207000000003,0.028647258000000002,70-H-0_healthy_belt_400rpm,research
7427,0.034569792999999994,-0.076821742,70-H-0_healthy_belt_400rpm,research
7428,0.020506792999999995,0.016460258,70-H-0_healthy_belt_400rpm,research
7429,0.00019479299999999866,-0.002446742,70-H-0_healthy_belt_400rpm,research
7430,-0.0038672070000000027,-0.016039742,70-H-0_healthy_belt_400rpm,research
7431,-0.013867207000000003,-0.054321742,70-H-0_healthy_belt_400rpm,research
7432,0.015507792999999999,-0.032915742,70-H-0_healthy_belt_400rpm,research
7433,0.04863179299999999,-0.008540742,70-H-0_healthy_belt_400rpm,research
7434,-0.039180207,-0.015102742,70-H-0_healthy_belt_400rpm,research
7435,-0.021368207000000004,-0.0021337419999999997,70-H-0_healthy_belt_400rpm,research
7436,0.027694792999999995,-0.001665742,70-H-0_healthy_belt_400rpm,research
7437,0.018944792999999994,0.036616258,70-H-0_healthy_belt_400rpm,research
7438,-0.017930207000000004,0.034116258000000003,70-H-0_healthy_belt_400rpm,research
7439,0.015819793,0.006928258,70-H-0_healthy_belt_400rpm,research
7440,0.030194792999999998,-0.00041474200000000006,70-H-0_healthy_belt_400rpm,research
7441,-0.009493207000000004,-0.017758742,70-H-0_healthy_belt_400rpm,research
7442,-0.010743207000000003,0.042397258,70-H-0_healthy_belt_400rpm,research
7443,-0.005430207000000003,-0.027914742,70-H-0_healthy_belt_400rpm,research
7444,-0.009180207000000003,-0.06400874200000001,70-H-0_healthy_belt_400rpm,research
7445,0.011444792999999998,0.004585258,70-H-0_healthy_belt_400rpm,research
7446,-0.005430207000000003,0.030678258,70-H-0_healthy_belt_400rpm,research
7447,-0.024805207000000003,0.0022412580000000003,70-H-0_healthy_belt_400rpm,research
7448,0.023319793,0.006616258,70-H-0_healthy_belt_400rpm,research
7449,0.019256792999999994,-0.0019777419999999998,70-H-0_healthy_belt_400rpm,research
7450,-0.0023052070000000036,0.0022412580000000003,70-H-0_healthy_belt_400rpm,research
7451,-0.020743207000000003,-0.014321742,70-H-0_healthy_belt_400rpm,research
7452,0.047069793,0.0020852580000000004,70-H-0_healthy_belt_400rpm,research
7453,0.030194792999999998,0.037241258,70-H-0_healthy_belt_400rpm,research
7454,-0.012930207000000003,-0.037915742,70-H-0_healthy_belt_400rpm,research
7455,-0.014493207000000003,-0.003540742,70-H-0_healthy_belt_400rpm,research
7456,0.029256792999999996,-0.021508742,70-H-0_healthy_belt_400rpm,research
7457,0.018631792999999994,0.012553258000000001,70-H-0_healthy_belt_400rpm,research
7458,-0.016680207000000002,0.016616258000000002,70-H-0_healthy_belt_400rpm,research
7459,-0.027305207000000005,0.007241258,70-H-0_healthy_belt_400rpm,research
7460,0.014257792999999998,-0.019946742,70-H-0_healthy_belt_400rpm,research
7461,0.054882793,-0.066039742,70-H-0_healthy_belt_400rpm,research
7462,-0.019180207000000005,0.010053258,70-H-0_healthy_belt_400rpm,research
7463,-0.027930207000000006,0.031303258,70-H-0_healthy_belt_400rpm,research
7464,-0.0041802070000000035,0.020991258,70-H-0_healthy_belt_400rpm,research
7465,0.028006792999999995,0.040366258,70-H-0_healthy_belt_400rpm,research
7466,-0.0019932070000000038,0.023960258,70-H-0_healthy_belt_400rpm,research
7467,0.021756792999999996,-0.031039742,70-H-0_healthy_belt_400rpm,research
7468,-0.0029302070000000024,0.032553258,70-H-0_healthy_belt_400rpm,research
7469,0.013631792999999996,0.051616258,70-H-0_healthy_belt_400rpm,research
7470,-0.032617207,-0.030102742,70-H-0_healthy_belt_400rpm,research
7471,-0.032617207,0.009116258,70-H-0_healthy_belt_400rpm,research
7472,0.007069792999999998,0.017085258,70-H-0_healthy_belt_400rpm,research
7473,0.005506792999999996,-0.022446742,70-H-0_healthy_belt_400rpm,research
7474,-0.008555207000000002,0.017085258,70-H-0_healthy_belt_400rpm,research
7475,-0.0023052070000000036,-0.008227742,70-H-0_healthy_belt_400rpm,research
7476,0.0036327929999999953,-0.006977742,70-H-0_healthy_belt_400rpm,research
7477,0.006444792999999997,-0.008852742,70-H-0_healthy_belt_400rpm,research
7478,0.0061317929999999965,-0.006196742,70-H-0_healthy_belt_400rpm,research
7479,-0.008555207000000002,-0.0002587420000000002,70-H-0_healthy_belt_400rpm,research
7480,-0.027305207000000005,0.020366258,70-H-0_healthy_belt_400rpm,research
7481,-0.013242207000000002,-0.002289742,70-H-0_healthy_belt_400rpm,research
7482,0.005819792999999997,0.017553258,70-H-0_healthy_belt_400rpm,research
7483,0.010507792999999998,0.057866258,70-H-0_healthy_belt_400rpm,research
7484,0.013944792999999997,-0.004165742,70-H-0_healthy_belt_400rpm,research
7485,0.0008197929999999957,-0.021352742,70-H-0_healthy_belt_400rpm,research
7486,-0.022930207,0.035366258,70-H-0_healthy_belt_400rpm,research
7487,0.006757792999999998,-0.025415741999999998,70-H-0_healthy_belt_400rpm,research
7488,-0.019805207000000002,0.030053258,70-H-0_healthy_belt_400rpm,research
7489,0.041757792999999994,0.019585258,70-H-0_healthy_belt_400rpm,research
7490,-0.006055207000000003,-0.025415741999999998,70-H-0_healthy_belt_400rpm,research
7491,0.026132792999999994,0.035053258,70-H-0_healthy_belt_400rpm,research
7492,-0.016992207000000002,0.053960258,70-H-0_healthy_belt_400rpm,research
7493,-0.014805207000000003,-0.030258741999999998,70-H-0_healthy_belt_400rpm,research
7494,0.040819793,0.0034912580000000006,70-H-0_healthy_belt_400rpm,research
7495,-0.058243207000000005,0.023335258,70-H-0_healthy_belt_400rpm,research
7496,0.0061317929999999965,-0.006665742,70-H-0_healthy_belt_400rpm,research
7497,0.043319792999999995,-0.034789742,70-H-0_healthy_belt_400rpm,research
7498,0.038007793,0.026459258,70-H-0_healthy_belt_400rpm,research
7499,-0.029805207000000004,0.06489725800000001,70-H-0_healthy_belt_400rpm,research
7500,-0.034805207000000005,-0.007446741999999999,70-H-0_healthy_belt_400rpm,research
7501,0.031757793,-0.024008742,70-H-0_healthy_belt_400rpm,research
7502,0.007382792999999999,0.0031782579999999998,70-H-0_healthy_belt_400rpm,research
7503,-0.009805207000000003,0.078959258,70-H-0_healthy_belt_400rpm,research
7504,-0.016368207000000003,-0.024790742,70-H-0_healthy_belt_400rpm,research
7505,-0.006992207000000004,-0.007602742,70-H-0_healthy_belt_400rpm,research
7506,0.04675679299999999,0.0016162579999999998,70-H-0_healthy_belt_400rpm,research
7507,0.012069792999999995,-0.034946742,70-H-0_healthy_belt_400rpm,research
7508,-0.020743207000000003,0.025366258,70-H-0_healthy_belt_400rpm,research
7509,-0.009493207000000004,-0.012602742,70-H-0_healthy_belt_400rpm,research
7510,-0.0013672070000000022,0.004585258,70-H-0_healthy_belt_400rpm,research
7511,0.010194792999999997,0.013803257999999999,70-H-0_healthy_belt_400rpm,research
7512,-0.010430207000000004,0.024116258,70-H-0_healthy_belt_400rpm,research
7513,0.0023827929999999976,-0.053540742,70-H-0_healthy_belt_400rpm,research
7514,0.025507792999999994,-0.002289742,70-H-0_healthy_belt_400rpm,research
7515,-0.022305207000000004,0.018491258,70-H-0_healthy_belt_400rpm,research
7516,-0.038243207,-0.008852742,70-H-0_healthy_belt_400rpm,research
7517,0.030507793,-0.029321742,70-H-0_healthy_belt_400rpm,research
7518,0.056132793,0.022553258,70-H-0_healthy_belt_400rpm,research
7519,-0.049493207000000004,0.038335258,70-H-0_healthy_belt_400rpm,research
7520,-0.035743207,-0.013852742,70-H-0_healthy_belt_400rpm,research
7521,-0.015430207000000003,0.0005222580000000003,70-H-0_healthy_belt_400rpm,research
7522,-0.004492207000000003,-0.004477742,70-H-0_healthy_belt_400rpm,research
7523,0.017694793,0.026616258,70-H-0_healthy_belt_400rpm,research
7524,-0.032617207,0.039585258,70-H-0_healthy_belt_400rpm,research
7525,-0.028867207000000002,-0.002446742,70-H-0_healthy_belt_400rpm,research
7526,0.005506792999999996,0.023022258,70-H-0_healthy_belt_400rpm,research
7527,0.001756792999999996,-0.011821742,70-H-0_healthy_belt_400rpm,research
7528,0.020506792999999995,0.018178258,70-H-0_healthy_belt_400rpm,research
7529,0.037694793,-0.028227742,70-H-0_healthy_belt_400rpm,research
7530,0.047069793,-0.026040742,70-H-0_healthy_belt_400rpm,research
7531,-0.022305207000000004,0.040834258,70-H-0_healthy_belt_400rpm,research
7532,-0.057305207000000004,-0.019321742,70-H-0_healthy_belt_400rpm,research
7533,0.019256792999999994,-0.042602742,70-H-0_healthy_belt_400rpm,research
7534,0.041757792999999994,-0.059790742,70-H-0_healthy_belt_400rpm,research
7535,0.003319792999999998,-0.0011967419999999998,70-H-0_healthy_belt_400rpm,research
7536,-0.050430207000000005,0.07880325799999999,70-H-0_healthy_belt_400rpm,research
7537,0.013631792999999996,-0.010258742,70-H-0_healthy_belt_400rpm,research
7538,0.015507792999999999,-0.0029147419999999997,70-H-0_healthy_belt_400rpm,research
7539,0.035819792999999996,0.0020852580000000004,70-H-0_healthy_belt_400rpm,research
7540,-0.026368207000000005,0.024272258,70-H-0_healthy_belt_400rpm,research
7541,-0.046680207,-0.006196742,70-H-0_healthy_belt_400rpm,research
7542,-0.015743207000000002,0.006147258000000001,70-H-0_healthy_belt_400rpm,research
7543,0.040194793,-0.013383742,70-H-0_healthy_belt_400rpm,research
7544,-0.011055207000000003,0.005991257999999999,70-H-0_healthy_belt_400rpm,research
7545,0.015507792999999999,0.0019282580000000004,70-H-0_healthy_belt_400rpm,research
7546,0.011444792999999998,-0.024165742,70-H-0_healthy_belt_400rpm,research
7547,-0.012305207000000002,-0.012602742,70-H-0_healthy_belt_400rpm,research
7548,-0.016368207000000003,0.008959258,70-H-0_healthy_belt_400rpm,research
7549,0.023944793,-0.024790742,70-H-0_healthy_belt_400rpm,research
7550,-0.0010552070000000024,-0.034789742,70-H-0_healthy_belt_400rpm,research
7551,0.003007792999999998,0.015522258,70-H-0_healthy_belt_400rpm,research
7552,-0.011992207000000003,0.002710258,70-H-0_healthy_belt_400rpm,research
7553,-0.017618207000000004,-0.024008742,70-H-0_healthy_belt_400rpm,research
7554,0.080506793,-0.030258741999999998,70-H-0_healthy_belt_400rpm,research
7555,-0.030430207,-0.0008837419999999999,70-H-0_healthy_belt_400rpm,research
7556,-0.056993207000000004,0.009272258,70-H-0_healthy_belt_400rpm,research
7557,0.027069792999999995,-0.030727742,70-H-0_healthy_belt_400rpm,research
7558,0.024257793,-0.000727742,70-H-0_healthy_belt_400rpm,research
7559,0.013319792999999996,0.023960258,70-H-0_healthy_belt_400rpm,research
7560,-0.026368207000000005,0.004585258,70-H-0_healthy_belt_400rpm,research
7561,0.029882792999999998,-0.015102742,70-H-0_healthy_belt_400rpm,research
7562,0.030507793,0.014428258,70-H-0_healthy_belt_400rpm,research
7563,-0.021055207000000003,0.007866258000000001,70-H-0_healthy_belt_400rpm,research
7564,-0.07355520700000001,0.047866258,70-H-0_healthy_belt_400rpm,research
7565,0.008632792999999996,0.022866258,70-H-0_healthy_belt_400rpm,research
7566,-0.008242207000000003,-0.003383742,70-H-0_healthy_belt_400rpm,research
7567,0.035194792999999995,-0.015102742,70-H-0_healthy_belt_400rpm,research
7568,-0.025743207000000004,-0.001508742,70-H-0_healthy_belt_400rpm,research
7569,-0.003555207000000003,0.010522258,70-H-0_healthy_belt_400rpm,research
7570,0.033944792999999994,-0.026977742,70-H-0_healthy_belt_400rpm,research
7571,0.05456979299999999,-0.056040742,70-H-0_healthy_belt_400rpm,research
7572,-0.070742207,0.055366258,70-H-0_healthy_belt_400rpm,research
7573,-0.019805207000000002,-0.029946742,70-H-0_healthy_belt_400rpm,research
7574,0.050194793,0.005053258,70-H-0_healthy_belt_400rpm,research
7575,-0.020117207,0.004585258,70-H-0_healthy_belt_400rpm,research
7576,0.036444792999999996,-0.025571742,70-H-0_healthy_belt_400rpm,research
7577,0.048319793,-0.0038527419999999997,70-H-0_healthy_belt_400rpm,research
7578,-0.0010552070000000024,5.325800000000047e-05,70-H-0_healthy_belt_400rpm,research
7579,-0.007930207000000003,-0.038852742,70-H-0_healthy_belt_400rpm,research
7580,-0.023243207000000002,0.005991257999999999,70-H-0_healthy_belt_400rpm,research
7581,-0.061055207,-0.001508742,70-H-0_healthy_belt_400rpm,research
7582,0.034881792999999994,-0.009946742,70-H-0_healthy_belt_400rpm,research
7583,-0.008242207000000003,0.013335258,70-H-0_healthy_belt_400rpm,research
7584,-0.004492207000000003,0.050678258,70-H-0_healthy_belt_400rpm,research
7585,0.011132792999999998,-0.022602742,70-H-0_healthy_belt_400rpm,research
7586,0.014569792999999998,0.019897258,70-H-0_healthy_belt_400rpm,research
7587,-0.048242207,0.005522258,70-H-0_healthy_belt_400rpm,research
7588,-0.001680207000000003,-0.035727742,70-H-0_healthy_belt_400rpm,research
7589,0.010194792999999997,0.005991257999999999,70-H-0_healthy_belt_400rpm,research
7590,-0.0007422070000000017,0.020678258,70-H-0_healthy_belt_400rpm,research
7591,-0.017305207000000003,0.054116258,70-H-0_healthy_belt_400rpm,research
7592,-0.006680207000000002,0.007553258,70-H-0_healthy_belt_400rpm,research
7593,0.004881792999999995,-0.026977742,70-H-0_healthy_belt_400rpm,research
7594,0.020194792999999996,-0.014164742,70-H-0_healthy_belt_400rpm,research
7595,-0.019805207000000002,-0.005883742,70-H-0_healthy_belt_400rpm,research
7596,-0.011367207000000004,0.016616258000000002,70-H-0_healthy_belt_400rpm,research
7597,-0.012305207000000002,0.023491258,70-H-0_healthy_belt_400rpm,research
7598,0.035506792999999995,-0.021508742,70-H-0_healthy_belt_400rpm,research
7599,0.05394479299999999,0.037710258,70-H-0_healthy_belt_400rpm,research
7600,-0.005117207000000004,0.005991257999999999,70-H-0_healthy_belt_400rpm,research
7601,-0.030743207,0.025366258,70-H-0_healthy_belt_400rpm,research
7602,0.042382792999999995,0.007710257999999999,70-H-0_healthy_belt_400rpm,research
7603,-0.007618207000000004,-0.028540742,70-H-0_healthy_belt_400rpm,research
7604,-0.053242207,0.031616258,70-H-0_healthy_belt_400rpm,research
7605,0.069257793,-0.028852742,70-H-0_healthy_belt_400rpm,research
7606,0.026444792999999994,0.022553258,70-H-0_healthy_belt_400rpm,research
7607,-0.0038672070000000027,-0.010102742,70-H-0_healthy_belt_400rpm,research
7608,0.027069792999999995,-0.013071741999999999,70-H-0_healthy_belt_400rpm,research
7609,-0.032930207,-0.022602742,70-H-0_healthy_belt_400rpm,research
7610,-0.020743207000000003,0.009585258000000001,70-H-0_healthy_belt_400rpm,research
7611,0.018944792999999994,0.017085258,70-H-0_healthy_belt_400rpm,research
7612,0.005194792999999996,-0.030883742,70-H-0_healthy_belt_400rpm,research
7613,-0.020430207000000002,0.006616258,70-H-0_healthy_belt_400rpm,research
7614,0.019881792999999995,0.022084258,70-H-0_healthy_belt_400rpm,research
7615,-0.0023052070000000036,0.0034912580000000006,70-H-0_healthy_belt_400rpm,research
7616,0.00019479299999999866,-0.013696742,70-H-0_healthy_belt_400rpm,research
7617,0.019881792999999995,0.021772258,70-H-0_healthy_belt_400rpm,research
7618,0.0014447929999999963,-0.016196742,70-H-0_healthy_belt_400rpm,research
7619,0.023944793,0.031772258,70-H-0_healthy_belt_400rpm,research
7620,-0.007930207000000003,0.032866258,70-H-0_healthy_belt_400rpm,research
7621,0.058319792999999995,-0.016508742,70-H-0_healthy_belt_400rpm,research
7622,0.029569792999999997,-0.042914742,70-H-0_healthy_belt_400rpm,research
7623,-0.024180207000000002,0.003022258,70-H-0_healthy_belt_400rpm,research
7624,-0.056993207000000004,0.030522258000000003,70-H-0_healthy_belt_400rpm,research
7625,0.016757793,-0.040883742,70-H-0_healthy_belt_400rpm,research
7626,-0.003555207000000003,-0.0030717419999999997,70-H-0_healthy_belt_400rpm,research
7627,0.009256792999999996,-0.039321742,70-H-0_healthy_belt_400rpm,research
7628,-0.027930207000000006,0.025991258,70-H-0_healthy_belt_400rpm,research
7629,-0.029493207,0.033959258,70-H-0_healthy_belt_400rpm,research
7630,0.026444792999999994,-0.015571742,70-H-0_healthy_belt_400rpm,research
7631,0.010194792999999997,-0.029790742,70-H-0_healthy_belt_400rpm,research
7632,-0.054805207,0.040522258,70-H-0_healthy_belt_400rpm,research
7633,-0.0019932070000000038,-0.015102742,70-H-0_healthy_belt_400rpm,research
7634,0.069257793,-0.038696742,70-H-0_healthy_belt_400rpm,research
7635,0.018631792999999994,-0.027914742,70-H-0_healthy_belt_400rpm,research
7636,-0.018555207000000004,-0.023539742,70-H-0_healthy_belt_400rpm,research
7637,-0.012618207000000003,-0.004008742,70-H-0_healthy_belt_400rpm,research
7638,0.025507792999999994,-0.026664741999999998,70-H-0_healthy_belt_400rpm,research
7639,0.043319792999999995,-0.035102742,70-H-0_healthy_belt_400rpm,research
7640,-0.021992207000000003,0.052241258,70-H-0_healthy_belt_400rpm,research
7641,-0.051993207,-0.046508742,70-H-0_healthy_belt_400rpm,research
7642,-0.024493207000000003,-0.004789742,70-H-0_healthy_belt_400rpm,research
7643,0.012069792999999995,0.009428258,70-H-0_healthy_belt_400rpm,research
7644,0.022069792999999997,-0.0032277419999999996,70-H-0_healthy_belt_400rpm,research
7645,-0.018555207000000004,0.023647258,70-H-0_healthy_belt_400rpm,research
7646,-0.024180207000000002,-0.009165742000000001,70-H-0_healthy_belt_400rpm,research
7647,0.037381792999999996,-0.003540742,70-H-0_healthy_belt_400rpm,research
7648,-0.031368207,0.017397258,70-H-0_healthy_belt_400rpm,research
7649,0.017694793,-0.022758742,70-H-0_healthy_belt_400rpm,research
7650,0.0061317929999999965,-0.021665741999999998,70-H-0_healthy_belt_400rpm,research
7651,0.007382792999999999,0.016772258,70-H-0_healthy_belt_400rpm,research
7652,-0.014493207000000003,0.008335258,70-H-0_healthy_belt_400rpm,research
7653,-0.041055207,-0.018852742,70-H-0_healthy_belt_400rpm,research
7654,0.019256792999999994,-0.026040742,70-H-0_healthy_belt_400rpm,research
7655,0.038007793,-0.006977742,70-H-0_healthy_belt_400rpm,research
7656,-0.058243207000000005,-0.006821742,70-H-0_healthy_belt_400rpm,research
7657,-0.031992207,0.013022258000000002,70-H-0_healthy_belt_400rpm,research
7658,0.010194792999999997,-0.022290742,70-H-0_healthy_belt_400rpm,research
7659,0.013319792999999996,-0.016196742,70-H-0_healthy_belt_400rpm,research
7660,-0.016055207000000002,0.029741258,70-H-0_healthy_belt_400rpm,research
7661,-0.057618207000000005,-0.051977742,70-H-0_healthy_belt_400rpm,research
7662,0.029569792999999997,-0.016977742,70-H-0_healthy_belt_400rpm,research
7663,0.023944793,0.027397258,70-H-0_healthy_belt_400rpm,research
7664,-0.03793020700000001,-0.008852742,70-H-0_healthy_belt_400rpm,research
7665,0.004881792999999995,0.032709258,70-H-0_healthy_belt_400rpm,research
7666,0.04675679299999999,-0.035571742,70-H-0_healthy_belt_400rpm,research
7667,-0.024493207000000003,0.054272258,70-H-0_healthy_belt_400rpm,research
7668,-0.022930207,0.023022258,70-H-0_healthy_belt_400rpm,research
7669,-0.035118207,-0.013071741999999999,70-H-0_healthy_belt_400rpm,research
7670,0.018319792999999994,-0.0019777419999999998,70-H-0_healthy_belt_400rpm,research
7671,0.010194792999999997,-0.029946742,70-H-0_healthy_belt_400rpm,research
7672,0.033944792999999994,0.012085258000000001,70-H-0_healthy_belt_400rpm,research
7673,-0.087930207,0.055834258,70-H-0_healthy_belt_400rpm,research
7674,0.0039447929999999985,-0.019321742,70-H-0_healthy_belt_400rpm,research
7675,0.016132793,-0.032133742,70-H-0_healthy_belt_400rpm,research
7676,0.002069792999999997,0.055678258,70-H-0_healthy_belt_400rpm,research
7677,-0.007618207000000004,0.018334258,70-H-0_healthy_belt_400rpm,research
7678,0.004256792999999998,-0.06338374199999999,70-H-0_healthy_belt_400rpm,research
7679,0.035506792999999995,0.004116257999999999,70-H-0_healthy_belt_400rpm,research
7680,-0.010430207000000004,0.022397258,70-H-0_healthy_belt_400rpm,research
7681,-0.031368207,0.009428258,70-H-0_healthy_belt_400rpm,research
7682,0.036131792999999995,-0.010102742,70-H-0_healthy_belt_400rpm,research
7683,0.010819792999999998,-0.042446742,70-H-0_healthy_belt_400rpm,research
7684,0.006757792999999998,0.022553258,70-H-0_healthy_belt_400rpm,research
7685,-0.03730520700000001,0.019585258,70-H-0_healthy_belt_400rpm,research
7686,-0.031055207,-0.011665742,70-H-0_healthy_belt_400rpm,research
7687,0.030819792999999998,-0.020883742,70-H-0_healthy_belt_400rpm,research
7688,0.031757793,0.019897258,70-H-0_healthy_belt_400rpm,research
7689,-0.016680207000000002,-0.009008742,70-H-0_healthy_belt_400rpm,research
7690,0.007382792999999999,-0.018383742,70-H-0_healthy_belt_400rpm,research
7691,0.038319793,0.026928258000000004,70-H-0_healthy_belt_400rpm,research
7692,0.0023827929999999976,-0.0051027419999999995,70-H-0_healthy_belt_400rpm,research
7693,0.013944792999999997,0.026928258000000004,70-H-0_healthy_belt_400rpm,research
7694,0.0008197929999999957,0.0020852580000000004,70-H-0_healthy_belt_400rpm,research
7695,-0.00011720700000000459,-0.034165742,70-H-0_healthy_belt_400rpm,research
7696,0.0011327929999999965,-0.014321742,70-H-0_healthy_belt_400rpm,research
7697,-0.031992207,0.005053258,70-H-0_healthy_belt_400rpm,research
7698,0.015819793,-0.051821742,70-H-0_healthy_belt_400rpm,research
7699,0.004569792999999996,0.022241258,70-H-0_healthy_belt_400rpm,research
7700,-0.008555207000000002,0.009116258,70-H-0_healthy_belt_400rpm,research
7701,-0.013555207000000003,-0.07541574200000001,70-H-0_healthy_belt_400rpm,research
7702,-0.004492207000000003,0.051147258,70-H-0_healthy_belt_400rpm,research
7703,0.023632793,-0.000727742,70-H-0_healthy_belt_400rpm,research
7704,0.039882793,-0.043071742,70-H-0_healthy_belt_400rpm,research
7705,-0.093555207,0.089116258,70-H-0_healthy_belt_400rpm,research
7706,-0.006680207000000002,-0.023383742,70-H-0_healthy_belt_400rpm,research
7707,-0.010743207000000003,-0.017758742,70-H-0_healthy_belt_400rpm,research
7708,-0.025430207000000003,0.043335258,70-H-0_healthy_belt_400rpm,research
7709,-0.018242207000000003,-0.041039742,70-H-0_healthy_belt_400rpm,research
7710,0.027381792999999995,0.002866258,70-H-0_healthy_belt_400rpm,research
7711,0.043944792999999996,0.017085258,70-H-0_healthy_belt_400rpm,research
7712,-0.011992207000000003,-0.021665741999999998,70-H-0_healthy_belt_400rpm,research
7713,-0.018867207000000004,-0.012133742,70-H-0_healthy_belt_400rpm,research
7714,-0.041993207000000005,0.035053258,70-H-0_healthy_belt_400rpm,research
7715,-0.0026182070000000026,-0.005414742,70-H-0_healthy_belt_400rpm,research
7716,-0.026680207000000004,0.037241258,70-H-0_healthy_belt_400rpm,research
7717,0.031757793,0.010522258,70-H-0_healthy_belt_400rpm,research
7718,-0.019493207000000002,0.014584258,70-H-0_healthy_belt_400rpm,research
7719,0.016132793,-0.007133742,70-H-0_healthy_belt_400rpm,research
7720,0.0023827929999999976,-0.019477742,70-H-0_healthy_belt_400rpm,research
7721,-0.027618207000000002,-0.016821742,70-H-0_healthy_belt_400rpm,research
7722,0.06113279299999999,0.016303258,70-H-0_healthy_belt_400rpm,research
7723,-0.012305207000000002,-0.006352742,70-H-0_healthy_belt_400rpm,research
7724,-0.021368207000000004,-0.014321742,70-H-0_healthy_belt_400rpm,research
7725,-0.030430207,0.013022258000000002,70-H-0_healthy_belt_400rpm,research
7726,-0.0023052070000000036,5.325800000000047e-05,70-H-0_healthy_belt_400rpm,research
7727,0.017069793,-0.0021337419999999997,70-H-0_healthy_belt_400rpm,research
7728,-0.006992207000000004,0.046147258000000003,70-H-0_healthy_belt_400rpm,research
7729,-0.012305207000000002,-0.028071742,70-H-0_healthy_belt_400rpm,research
7730,-0.036993207,0.038491258,70-H-0_healthy_belt_400rpm,research
7731,0.0011327929999999965,0.016147258,70-H-0_healthy_belt_400rpm,research
7732,-0.005117207000000004,-0.026821742,70-H-0_healthy_belt_400rpm,research
7733,0.035194792999999995,0.030053258,70-H-0_healthy_belt_400rpm,research
7734,-0.014180207000000004,-0.015571742,70-H-0_healthy_belt_400rpm,research
7735,-0.026368207000000005,-0.037446742,70-H-0_healthy_belt_400rpm,research
7736,-0.012305207000000002,-0.019165742,70-H-0_healthy_belt_400rpm,research
7737,-0.025743207000000004,0.009116258,70-H-0_healthy_belt_400rpm,research
7738,-0.061680207,0.016616258000000002,70-H-0_healthy_belt_400rpm,research
7739,0.092694793,-0.002758742,70-H-0_healthy_belt_400rpm,research
7740,0.0036327929999999953,0.029116258,70-H-0_healthy_belt_400rpm,research
7741,-0.062305207,0.032084258,70-H-0_healthy_belt_400rpm,research
7742,0.019881792999999995,-0.007133742,70-H-0_healthy_belt_400rpm,research
7743,-0.0038672070000000027,-0.006196742,70-H-0_healthy_belt_400rpm,research
7744,0.011757792999999996,0.028178257999999998,70-H-0_healthy_belt_400rpm,research
7745,-0.006992207000000004,0.052085258,70-H-0_healthy_belt_400rpm,research
7746,-0.001680207000000003,0.06317825799999999,70-H-0_healthy_belt_400rpm,research
7747,0.007382792999999999,0.018022258,70-H-0_healthy_belt_400rpm,research
7748,0.06050779299999999,-0.011821742,70-H-0_healthy_belt_400rpm,research
7749,-0.016680207000000002,-0.014946741999999999,70-H-0_healthy_belt_400rpm,research
7750,-0.035430207000000005,0.045835258,70-H-0_healthy_belt_400rpm,research
7751,-0.0010552070000000024,-0.0021337419999999997,70-H-0_healthy_belt_400rpm,research
7752,0.012069792999999995,-0.024633742,70-H-0_healthy_belt_400rpm,research
7753,0.018944792999999994,0.023022258,70-H-0_healthy_belt_400rpm,research
7754,0.008944792999999996,0.017085258,70-H-0_healthy_belt_400rpm,research
7755,-0.011367207000000004,-0.008071742,70-H-0_healthy_belt_400rpm,research
7756,0.013319792999999996,-0.009008742,70-H-0_healthy_belt_400rpm,research
7757,-0.009180207000000003,-0.0029147419999999997,70-H-0_healthy_belt_400rpm,research
7758,-0.091368207,-0.004008742,70-H-0_healthy_belt_400rpm,research
7759,0.024569793,0.005835257999999999,70-H-0_healthy_belt_400rpm,research
7760,0.009256792999999996,0.010210258,70-H-0_healthy_belt_400rpm,research
7761,-0.016992207000000002,0.013959257999999999,70-H-0_healthy_belt_400rpm,research
7762,-0.029180207000000003,0.033334258,70-H-0_healthy_belt_400rpm,research
7763,-0.029493207,-0.002602742,70-H-0_healthy_belt_400rpm,research
7764,0.043319792999999995,-0.057758742,70-H-0_healthy_belt_400rpm,research
7765,0.014882792999999998,-0.002289742,70-H-0_healthy_belt_400rpm,research
7766,-0.054492207,0.020053258,70-H-0_healthy_belt_400rpm,research
7767,0.027694792999999995,0.010834258,70-H-0_healthy_belt_400rpm,research
7768,0.012694792999999996,-0.008071742,70-H-0_healthy_belt_400rpm,research
7769,-0.0029302070000000024,0.029897258000000003,70-H-0_healthy_belt_400rpm,research
7770,-0.010117207000000003,-0.006508742,70-H-0_healthy_belt_400rpm,research
7771,-0.019493207000000002,-0.035414742,70-H-0_healthy_belt_400rpm,research
7772,0.031444793,-0.016196742,70-H-0_healthy_belt_400rpm,research
7773,-0.014805207000000003,0.008335258,70-H-0_healthy_belt_400rpm,research
7774,-0.018242207000000003,-0.009633742,70-H-0_healthy_belt_400rpm,research
7775,0.017694793,-0.020258742,70-H-0_healthy_belt_400rpm,research
7776,0.001756792999999996,-0.002446742,70-H-0_healthy_belt_400rpm,research
7777,0.036131792999999995,-0.007915742,70-H-0_healthy_belt_400rpm,research
7778,-0.012305207000000002,0.002553258,70-H-0_healthy_belt_400rpm,research
7779,0.009569792999999997,0.032553258,70-H-0_healthy_belt_400rpm,research
7780,-0.017930207000000004,-0.018540742,70-H-0_healthy_belt_400rpm,research
7781,0.016132793,-0.023852742,70-H-0_healthy_belt_400rpm,research
7782,0.026444792999999994,0.025678258,70-H-0_healthy_belt_400rpm,research
7783,-0.009493207000000004,-0.009321742000000001,70-H-0_healthy_belt_400rpm,research
7784,0.030194792999999998,-0.022446742,70-H-0_healthy_belt_400rpm,research
7785,0.055507793,0.034584258,70-H-0_healthy_belt_400rpm,research
7786,-0.054180207,0.004585258,70-H-0_healthy_belt_400rpm,research
7787,0.008944792999999996,0.018803258,70-H-0_healthy_belt_400rpm,research
7788,0.0014447929999999963,-0.024477742,70-H-0_healthy_belt_400rpm,research
7789,-0.006992207000000004,-0.016508742,70-H-0_healthy_belt_400rpm,research
7790,0.008632792999999996,0.002553258,70-H-0_healthy_belt_400rpm,research
7791,-0.056680207,0.017397258,70-H-0_healthy_belt_400rpm,research
7792,-0.010430207000000004,-0.041977742,70-H-0_healthy_belt_400rpm,research
7793,0.077694793,-0.021977742,70-H-0_healthy_belt_400rpm,research
7794,-0.014180207000000004,0.028647258000000002,70-H-0_healthy_belt_400rpm,research
7795,-0.049180207000000004,0.019585258,70-H-0_healthy_belt_400rpm,research
7796,-0.0038672070000000027,0.001147258,70-H-0_healthy_belt_400rpm,research
7797,0.06175779299999999,-0.027289742,70-H-0_healthy_belt_400rpm,research
7798,-0.077930207,0.034428258,70-H-0_healthy_belt_400rpm,research
7799,-0.028867207000000002,0.028491258,70-H-0_healthy_belt_400rpm,research
7800,0.022382792999999998,0.009428258,70-H-0_healthy_belt_400rpm,research
7801,0.030819792999999998,-0.004477742,70-H-0_healthy_belt_400rpm,research
7802,-0.021368207000000004,0.019585258,70-H-0_healthy_belt_400rpm,research
7803,-0.051993207,-0.004321742,70-H-0_healthy_belt_400rpm,research
7804,-0.018555207000000004,-0.026821742,70-H-0_healthy_belt_400rpm,research
7805,0.006757792999999998,0.012710257999999999,70-H-0_healthy_belt_400rpm,research
7806,0.028006792999999995,-0.053383742,70-H-0_healthy_belt_400rpm,research
7807,0.034881792999999994,0.006303258000000001,70-H-0_healthy_belt_400rpm,research
7808,-0.07105520700000001,0.071772258,70-H-0_healthy_belt_400rpm,research
7809,0.050819793,-0.029477742,70-H-0_healthy_belt_400rpm,research
7810,0.028944792999999996,-0.047602741999999997,70-H-0_healthy_belt_400rpm,research
7811,-0.07230520700000001,0.044116258,70-H-0_healthy_belt_400rpm,research
7812,-0.0029302070000000024,-0.048696742,70-H-0_healthy_belt_400rpm,research
7813,0.06113279299999999,-0.023227742,70-H-0_healthy_belt_400rpm,research
7814,0.011757792999999996,0.045991258,70-H-0_healthy_belt_400rpm,research
7815,-0.026368207000000005,-0.007758742,70-H-0_healthy_belt_400rpm,research
7816,0.028631792999999996,-0.003540742,70-H-0_healthy_belt_400rpm,research
7817,-0.016055207000000002,0.019428258,70-H-0_healthy_belt_400rpm,research
7818,-0.020430207000000002,-0.052133742,70-H-0_healthy_belt_400rpm,research
7819,-0.026992207000000004,-0.018227741999999998,70-H-0_healthy_belt_400rpm,research
7820,-0.021680207000000003,-0.038852742,70-H-0_healthy_belt_400rpm,research
7821,0.006444792999999997,-0.012133742,70-H-0_healthy_belt_400rpm,research
7822,0.039569793,-0.025883742,70-H-0_healthy_belt_400rpm,research
7823,-0.011055207000000003,0.006147258000000001,70-H-0_healthy_belt_400rpm,research
7824,-0.027305207000000005,-0.003696742,70-H-0_healthy_belt_400rpm,research
7825,0.04550779299999999,0.020991258,70-H-0_healthy_belt_400rpm,research
7826,-0.021055207000000003,0.042710258,70-H-0_healthy_belt_400rpm,research
7827,0.022382792999999998,-0.009477742,70-H-0_healthy_belt_400rpm,research
7828,-0.038867207,0.006616258,70-H-0_healthy_belt_400rpm,research
7829,0.045194793,-0.027133742,70-H-0_healthy_belt_400rpm,research
7830,0.019569792999999995,-0.011040742,70-H-0_healthy_belt_400rpm,research
7831,0.0023827929999999976,-0.024633742,70-H-0_healthy_belt_400rpm,research
7832,-0.044805207,-0.043071742,70-H-0_healthy_belt_400rpm,research
7833,-0.023867207,-0.036196742,70-H-0_healthy_belt_400rpm,research
7834,0.002069792999999997,0.028647258000000002,70-H-0_healthy_belt_400rpm,research
7835,-0.016368207000000003,0.006616258,70-H-0_healthy_belt_400rpm,research
7836,-0.010117207000000003,0.041459258,70-H-0_healthy_belt_400rpm,research
7837,-0.016055207000000002,-0.059321742,70-H-0_healthy_belt_400rpm,research
7838,-0.016992207000000002,0.025210258,70-H-0_healthy_belt_400rpm,research
7839,0.017694793,0.022397258,70-H-0_healthy_belt_400rpm,research
7840,-0.04574320700000001,0.005678258,70-H-0_healthy_belt_400rpm,research
7841,0.008007792999999996,-0.001821742,70-H-0_healthy_belt_400rpm,research
7842,0.000507792999999996,0.033647258,70-H-0_healthy_belt_400rpm,research
7843,-0.024805207000000003,-0.005258742,70-H-0_healthy_belt_400rpm,research
7844,-0.015743207000000002,0.008647258,70-H-0_healthy_belt_400rpm,research
7845,0.050506792999999994,0.024897258,70-H-0_healthy_belt_400rpm,research
7846,0.023632793,-0.022602742,70-H-0_healthy_belt_400rpm,research
7847,-0.061055207,-0.003696742,70-H-0_healthy_belt_400rpm,research
7848,-0.006680207000000002,0.010522258,70-H-0_healthy_belt_400rpm,research
7849,0.025819792999999994,-0.032133742,70-H-0_healthy_belt_400rpm,research
7850,-0.013242207000000002,-0.007289742,70-H-0_healthy_belt_400rpm,research
7851,0.010507792999999998,-0.0021337419999999997,70-H-0_healthy_belt_400rpm,research
7852,0.020506792999999995,0.009585258000000001,70-H-0_healthy_belt_400rpm,research
7853,-0.023555207,0.013022258000000002,70-H-0_healthy_belt_400rpm,research
7854,0.003007792999999998,-0.001821742,70-H-0_healthy_belt_400rpm,research
7855,-0.032617207,-0.034321742,70-H-0_healthy_belt_400rpm,research
7856,-0.036993207,0.0013032579999999998,70-H-0_healthy_belt_400rpm,research
7857,0.010194792999999997,0.025678258,70-H-0_healthy_belt_400rpm,research
7858,0.016444793,0.008335258,70-H-0_healthy_belt_400rpm,research
7859,0.010819792999999998,-0.0051027419999999995,70-H-0_healthy_belt_400rpm,research
7860,0.008007792999999996,-0.006508742,70-H-0_healthy_belt_400rpm,research
7861,-0.017305207000000003,0.009741258000000001,70-H-0_healthy_belt_400rpm,research
7862,0.004881792999999995,0.030522258000000003,70-H-0_healthy_belt_400rpm,research
7863,-0.033555207000000004,0.023335258,70-H-0_healthy_belt_400rpm,research
7864,0.0036327929999999953,0.027866257999999998,70-H-0_healthy_belt_400rpm,research
7865,-0.026368207000000005,0.017709258,70-H-0_healthy_belt_400rpm,research
7866,0.0014447929999999963,-0.054633742,70-H-0_healthy_belt_400rpm,research
7867,-0.004805207000000002,-0.011040742,70-H-0_healthy_belt_400rpm,research
7868,-0.0063682070000000025,0.042397258,70-H-0_healthy_belt_400rpm,research
7869,-0.032305207,-0.031821742,70-H-0_healthy_belt_400rpm,research
7870,0.071757793,0.000991258,70-H-0_healthy_belt_400rpm,research
7871,-0.024805207000000003,0.024741258,70-H-0_healthy_belt_400rpm,research
7872,0.017069793,0.027866257999999998,70-H-0_healthy_belt_400rpm,research
7873,0.021131792999999996,-0.032758742,70-H-0_healthy_belt_400rpm,research
7874,0.013944792999999997,0.020678258,70-H-0_healthy_belt_400rpm,research
7875,-0.004492207000000003,0.012866257999999998,70-H-0_healthy_belt_400rpm,research
7876,-0.032305207,0.012866257999999998,70-H-0_healthy_belt_400rpm,research
7877,0.033944792999999994,-0.020727742,70-H-0_healthy_belt_400rpm,research
7878,0.057694792999999994,-0.068696742,70-H-0_healthy_belt_400rpm,research
7879,0.023944793,0.047397258,70-H-0_healthy_belt_400rpm,research
7880,-0.03793020700000001,-0.046040742,70-H-0_healthy_belt_400rpm,research
7881,-0.040117207,-0.005258742,70-H-0_healthy_belt_400rpm,research
7882,0.013631792999999996,-0.012133742,70-H-0_healthy_belt_400rpm,research
7883,0.031444793,-0.06822774200000001,70-H-0_healthy_belt_400rpm,research
7884,-0.029805207000000004,0.014428258,70-H-0_healthy_belt_400rpm,research
7885,-0.014493207000000003,0.025834258,70-H-0_healthy_belt_400rpm,research
7886,0.007069792999999998,-0.029790742,70-H-0_healthy_belt_400rpm,research
7887,0.0039447929999999985,0.032866258,70-H-0_healthy_belt_400rpm,research
7888,-0.003242207000000002,0.013022258000000002,70-H-0_healthy_belt_400rpm,research
7889,0.031757793,-0.052758742,70-H-0_healthy_belt_400rpm,research
7890,-0.00011720700000000459,0.017241258,70-H-0_healthy_belt_400rpm,research
7891,-0.023243207000000002,0.007866258000000001,70-H-0_healthy_belt_400rpm,research
7892,-0.041680207000000004,0.009116258,70-H-0_healthy_belt_400rpm,research
7893,0.021131792999999996,-0.0021337419999999997,70-H-0_healthy_belt_400rpm,research
7894,0.10019479299999999,-0.006821742,70-H-0_healthy_belt_400rpm,research
7895,0.022382792999999998,-0.017602741999999998,70-H-0_healthy_belt_400rpm,research
7896,-0.086992207,0.013178258000000002,70-H-0_healthy_belt_400rpm,research
7897,-0.028242207000000005,0.004428258000000001,70-H-0_healthy_belt_400rpm,research
7898,0.002069792999999997,-0.029946742,70-H-0_healthy_belt_400rpm,research
7899,0.036131792999999995,0.018178258,70-H-0_healthy_belt_400rpm,research
7900,0.003007792999999998,-0.012133742,70-H-0_healthy_belt_400rpm,research
7901,-0.031680207,0.045366258,70-H-0_healthy_belt_400rpm,research
7902,0.009256792999999996,0.0070842579999999995,70-H-0_healthy_belt_400rpm,research
7903,0.012381792999999999,0.0003662580000000004,70-H-0_healthy_belt_400rpm,research
7904,-0.032617207,0.045991258,70-H-0_healthy_belt_400rpm,research
7905,0.022694792999999998,-0.050883742,70-H-0_healthy_belt_400rpm,research
7906,-0.019493207000000002,-0.075102742,70-H-0_healthy_belt_400rpm,research
7907,0.033007792999999994,-0.009633742,70-H-0_healthy_belt_400rpm,research
7908,-0.028867207000000002,-0.004008742,70-H-0_healthy_belt_400rpm,research
7909,-0.084492207,0.051147258,70-H-0_healthy_belt_400rpm,research
7910,-0.016680207000000002,-0.009165742000000001,70-H-0_healthy_belt_400rpm,research
7911,0.053006792999999996,-0.014946741999999999,70-H-0_healthy_belt_400rpm,research
7912,0.0008197929999999957,0.036303258,70-H-0_healthy_belt_400rpm,research
7913,0.006757792999999998,-0.001821742,70-H-0_healthy_belt_400rpm,research
7914,-0.060118207,0.039428258,70-H-0_healthy_belt_400rpm,research
7915,0.050506792999999994,-0.010883742,70-H-0_healthy_belt_400rpm,research
7916,-0.006992207000000004,0.006459258000000001,70-H-0_healthy_belt_400rpm,research
7917,-0.022930207,0.023022258,70-H-0_healthy_belt_400rpm,research
7918,-0.030118207,0.004116257999999999,70-H-0_healthy_belt_400rpm,research
7919,0.036131792999999995,-0.005571741999999999,70-H-0_healthy_belt_400rpm,research
7920,-0.018242207000000003,0.0014602579999999999,70-H-0_healthy_belt_400rpm,research
7921,-0.040742207,0.041928258,70-H-0_healthy_belt_400rpm,research
7922,0.023007793,-0.025571742,70-H-0_healthy_belt_400rpm,research
7923,0.028944792999999996,-0.031352742,70-H-0_healthy_belt_400rpm,research
7924,0.045819793,0.014584258,70-H-0_healthy_belt_400rpm,research
7925,-0.025743207000000004,-0.008696742,70-H-0_healthy_belt_400rpm,research
7926,0.016132793,-0.025883742,70-H-0_healthy_belt_400rpm,research
7927,0.022382792999999998,-0.015258742,70-H-0_healthy_belt_400rpm,research
7928,0.023319793,-0.023383742,70-H-0_healthy_belt_400rpm,research
7929,-0.048555207,0.010678258,70-H-0_healthy_belt_400rpm,research
7930,0.039257793,-0.007602742,70-H-0_healthy_belt_400rpm,research
7931,0.004881792999999995,-0.002602742,70-H-0_healthy_belt_400rpm,research
7932,-0.022618207,0.023022258,70-H-0_healthy_belt_400rpm,research
7933,0.007694792999999998,0.012866257999999998,70-H-0_healthy_belt_400rpm,research
7934,0.0008197929999999957,0.014584258,70-H-0_healthy_belt_400rpm,research
7935,0.028006792999999995,0.014272258,70-H-0_healthy_belt_400rpm,research
7936,-0.0026182070000000026,-0.005414742,70-H-0_healthy_belt_400rpm,research
7937,-0.053242207,0.039428258,70-H-0_healthy_belt_400rpm,research
7938,0.043319792999999995,-0.009946742,70-H-0_healthy_belt_400rpm,research
7939,0.027694792999999995,-0.023852742,70-H-0_healthy_belt_400rpm,research
7940,0.04800679299999999,-0.036352742,70-H-0_healthy_belt_400rpm,research
7941,-0.0010552070000000024,0.025210258,70-H-0_healthy_belt_400rpm,research
7942,-0.039492207,-0.016352742,70-H-0_healthy_belt_400rpm,research
7943,0.06300779299999999,-0.030727742,70-H-0_healthy_belt_400rpm,research
7944,-0.039805207,0.09395925799999999,70-H-0_healthy_belt_400rpm,research
7945,-0.006055207000000003,-0.041196742,70-H-0_healthy_belt_400rpm,research
7946,0.026444792999999994,0.016460258,70-H-0_healthy_belt_400rpm,research
7947,0.024882793,0.022866258,70-H-0_healthy_belt_400rpm,research
7948,-0.025117207000000003,0.055678258,70-H-0_healthy_belt_400rpm,research
7949,-0.025117207000000003,-0.057602742,70-H-0_healthy_belt_400rpm,research
7950,0.015819793,0.008178258,70-H-0_healthy_belt_400rpm,research
7951,0.034881792999999994,-0.009165742000000001,70-H-0_healthy_belt_400rpm,research
7952,-0.029493207,-0.008696742,70-H-0_healthy_belt_400rpm,research
7953,-0.008867207000000004,0.056459258,70-H-0_healthy_belt_400rpm,research
7954,-0.025743207000000004,0.044897258,70-H-0_healthy_belt_400rpm,research
7955,0.021131792999999996,-0.019321742,70-H-0_healthy_belt_400rpm,research
7956,0.018631792999999994,-0.0038527419999999997,70-H-0_healthy_belt_400rpm,research
7957,-0.025117207000000003,0.0038032580000000003,70-H-0_healthy_belt_400rpm,research
7958,-0.0007422070000000017,0.018647258,70-H-0_healthy_belt_400rpm,research
7959,0.008944792999999996,0.030678258,70-H-0_healthy_belt_400rpm,research
7960,-0.011992207000000003,0.026616258,70-H-0_healthy_belt_400rpm,research
7961,0.009569792999999997,-0.019321742,70-H-0_healthy_belt_400rpm,research
7962,0.040194793,-0.0019777419999999998,70-H-0_healthy_belt_400rpm,research
7963,0.029256792999999996,0.037553258,70-H-0_healthy_belt_400rpm,research
7964,-0.012930207000000003,-0.0019777419999999998,70-H-0_healthy_belt_400rpm,research
7965,0.0039447929999999985,-0.007758742,70-H-0_healthy_belt_400rpm,research
7966,0.026132792999999994,-0.031508742,70-H-0_healthy_belt_400rpm,research
7967,-0.009493207000000004,0.005053258,70-H-0_healthy_belt_400rpm,research
7968,0.009881792999999996,-0.011040742,70-H-0_healthy_belt_400rpm,research
7969,0.030507793,0.027553257999999997,70-H-0_healthy_belt_400rpm,research
7970,-0.020743207000000003,0.007553258,70-H-0_healthy_belt_400rpm,research
7971,0.023319793,-0.005571741999999999,70-H-0_healthy_belt_400rpm,research
7972,0.042694792999999995,-0.011508741999999999,70-H-0_healthy_belt_400rpm,research
7973,0.011757792999999996,-0.011665742,70-H-0_healthy_belt_400rpm,research
7974,-0.036680207000000006,-0.009633742,70-H-0_healthy_belt_400rpm,research
7975,0.031132793,0.0019282580000000004,70-H-0_healthy_belt_400rpm,research
7976,0.0061317929999999965,0.030053258,70-H-0_healthy_belt_400rpm,research
7977,-0.0026182070000000026,0.038960258,70-H-0_healthy_belt_400rpm,research
7978,0.074569793,-0.059321742,70-H-0_healthy_belt_400rpm,research
7979,0.021444792999999997,-0.026040742,70-H-0_healthy_belt_400rpm,research
7980,0.000507792999999996,0.018959258,70-H-0_healthy_belt_400rpm,research
7981,0.014257792999999998,-0.032602742000000004,70-H-0_healthy_belt_400rpm,research
7982,-0.050118207000000005,0.000991258,70-H-0_healthy_belt_400rpm,research
7983,-0.0063682070000000025,-0.00010274199999999942,70-H-0_healthy_belt_400rpm,research
7984,0.034569792999999994,0.005209258,70-H-0_healthy_belt_400rpm,research
7985,0.011132792999999998,0.043647258,70-H-0_healthy_belt_400rpm,research
7986,0.0039447929999999985,-0.023696742,70-H-0_healthy_belt_400rpm,research
7987,0.024569793,0.052397258,70-H-0_healthy_belt_400rpm,research
7988,-0.013242207000000002,-0.021821741999999998,70-H-0_healthy_belt_400rpm,research
7989,0.019881792999999995,0.030835257999999997,70-H-0_healthy_belt_400rpm,research
7990,-0.0019932070000000038,-0.004008742,70-H-0_healthy_belt_400rpm,research
7991,0.015194792999999998,-0.054790741999999996,70-H-0_healthy_belt_400rpm,research
7992,0.013631792999999996,0.028647258000000002,70-H-0_healthy_belt_400rpm,research
7993,-0.027305207000000005,0.034428258,70-H-0_healthy_belt_400rpm,research
7994,0.018944792999999994,-0.049946742,70-H-0_healthy_belt_400rpm,research
7995,0.032069793,-0.036040742,70-H-0_healthy_belt_400rpm,research
7996,-0.015743207000000002,0.031772258,70-H-0_healthy_belt_400rpm,research
7997,-0.071680207,-0.024008742,70-H-0_healthy_belt_400rpm,research
7998,-0.011367207000000004,-0.021665741999999998,70-H-0_healthy_belt_400rpm,research
7999,0.058632793,-0.019008742000000002,70-H-0_healthy_belt_400rpm,research
8000,0.033632792999999994,0.021147258,70-H-0_healthy_belt_400rpm,research
8001,-0.007305207000000003,-0.043227742,70-H-0_healthy_belt_400rpm,research
8002,-0.114492207,0.008335258,70-H-0_healthy_belt_400rpm,research
8003,0.026757792999999995,-0.023539742,70-H-0_healthy_belt_400rpm,research
8004,0.041132792999999994,-0.020571742,70-H-0_healthy_belt_400rpm,research
8005,-0.019805207000000002,0.011147258,70-H-0_healthy_belt_400rpm,research
8006,0.0011327929999999965,0.015835258,70-H-0_healthy_belt_400rpm,research
8007,-0.008242207000000003,0.026772258,70-H-0_healthy_belt_400rpm,research
8008,0.005194792999999996,0.030522258000000003,70-H-0_healthy_belt_400rpm,research
8009,-0.029180207000000003,-0.044477742,70-H-0_healthy_belt_400rpm,research
8010,-0.055742207,0.006616258,70-H-0_healthy_belt_400rpm,research
8011,0.039882793,-0.030571742,70-H-0_healthy_belt_400rpm,research
8012,0.022694792999999998,0.036928258,70-H-0_healthy_belt_400rpm,research
8013,0.011757792999999996,0.021772258,70-H-0_healthy_belt_400rpm,research
8014,-0.055117207,-0.00041474200000000006,70-H-0_healthy_belt_400rpm,research
8015,0.036756792999999996,0.061772258000000003,70-H-0_healthy_belt_400rpm,research
8016,0.057694792999999994,-0.047602741999999997,70-H-0_healthy_belt_400rpm,research
8017,0.031757793,-0.00041474200000000006,70-H-0_healthy_belt_400rpm,research
8018,-0.051680207000000006,0.034741258,70-H-0_healthy_belt_400rpm,research
8019,-0.025117207000000003,-0.026196742,70-H-0_healthy_belt_400rpm,research
8020,0.029882792999999998,-0.015727742,70-H-0_healthy_belt_400rpm,research
8021,0.041132792999999994,0.047241258,70-H-0_healthy_belt_400rpm,research
8022,-0.046680207,0.042241258,70-H-0_healthy_belt_400rpm,research
8023,0.042382792999999995,-0.021196742,70-H-0_healthy_belt_400rpm,research
8024,0.013944792999999997,-0.016039742,70-H-0_healthy_belt_400rpm,research
8025,-0.056993207000000004,0.022709258,70-H-0_healthy_belt_400rpm,research
8026,-0.041993207000000005,0.010522258,70-H-0_healthy_belt_400rpm,research
8027,-0.011680207000000003,-0.031664741999999996,70-H-0_healthy_belt_400rpm,research
8028,0.013944792999999997,-0.023071742,70-H-0_healthy_belt_400rpm,research
8029,-0.003555207000000003,0.008803258,70-H-0_healthy_belt_400rpm,research
8030,-0.025117207000000003,0.038335258,70-H-0_healthy_belt_400rpm,research
8031,0.011132792999999998,-0.018383742,70-H-0_healthy_belt_400rpm,research
8032,0.058632793,-0.030258741999999998,70-H-0_healthy_belt_400rpm,research
8033,-0.019493207000000002,0.003022258,70-H-0_healthy_belt_400rpm,research
8034,-0.073243207,-0.023227742,70-H-0_healthy_belt_400rpm,research
8035,-0.023243207000000002,-0.0030717419999999997,70-H-0_healthy_belt_400rpm,research
8036,0.035819792999999996,0.007710257999999999,70-H-0_healthy_belt_400rpm,research
8037,-0.039492207,0.023647258,70-H-0_healthy_belt_400rpm,research
8038,0.0061317929999999965,0.015835258,70-H-0_healthy_belt_400rpm,research
8039,0.004256792999999998,-0.008071742,70-H-0_healthy_belt_400rpm,research
8040,0.010819792999999998,-0.012289742,70-H-0_healthy_belt_400rpm,research
8041,0.025507792999999994,0.022241258,70-H-0_healthy_belt_400rpm,research
8042,-0.074493207,0.030522258000000003,70-H-0_healthy_belt_400rpm,research
8043,0.006444792999999997,0.0017722580000000005,70-H-0_healthy_belt_400rpm,research
8044,-0.054805207,-0.046665742,70-H-0_healthy_belt_400rpm,research
8045,-0.008867207000000004,0.033959258,70-H-0_healthy_belt_400rpm,research
8046,-0.047930207,0.023335258,70-H-0_healthy_belt_400rpm,research
8047,-0.026992207000000004,-0.009789742,70-H-0_healthy_belt_400rpm,research
8048,0.019881792999999995,0.006928258,70-H-0_healthy_belt_400rpm,research
8049,0.005819792999999997,-0.004789742,70-H-0_healthy_belt_400rpm,research
8050,-0.028242207000000005,0.030210257999999997,70-H-0_healthy_belt_400rpm,research
8051,-0.00011720700000000459,-0.013383742,70-H-0_healthy_belt_400rpm,research
8052,-0.013242207000000002,0.052866258,70-H-0_healthy_belt_400rpm,research
8053,0.022694792999999998,0.020366258,70-H-0_healthy_belt_400rpm,research
8054,-0.018867207000000004,-0.039477742,70-H-0_healthy_belt_400rpm,research
8055,0.021756792999999996,-0.036040742,70-H-0_healthy_belt_400rpm,research
8056,-0.034180207000000004,-0.007602742,70-H-0_healthy_belt_400rpm,research
8057,0.0023827929999999976,-0.018227741999999998,70-H-0_healthy_belt_400rpm,research
8058,-0.053242207,0.009741258000000001,70-H-0_healthy_belt_400rpm,research
8059,-0.017305207000000003,-0.012133742,70-H-0_healthy_belt_400rpm,research
8060,0.009256792999999996,-0.011977742,70-H-0_healthy_belt_400rpm,research
8061,0.051131792999999995,0.009741258000000001,70-H-0_healthy_belt_400rpm,research
8062,-0.025430207000000003,0.030991258,70-H-0_healthy_belt_400rpm,research
8063,-0.014493207000000003,-0.031352742,70-H-0_healthy_belt_400rpm,research
8064,0.039257793,-0.044008741999999997,70-H-0_healthy_belt_400rpm,research
8065,-0.025743207000000004,0.044272258,70-H-0_healthy_belt_400rpm,research
8066,-0.100742207,0.029428258,70-H-0_healthy_belt_400rpm,research
8067,-0.018242207000000003,0.012397258000000001,70-H-0_healthy_belt_400rpm,research
8068,0.021131792999999996,0.021147258,70-H-0_healthy_belt_400rpm,research
8069,-0.010117207000000003,-0.007758742,70-H-0_healthy_belt_400rpm,research
8070,-0.004805207000000002,-0.009477742,70-H-0_healthy_belt_400rpm,research
8071,-0.053867207,0.019585258,70-H-0_healthy_belt_400rpm,research
8072,-0.005117207000000004,-0.030258741999999998,70-H-0_healthy_belt_400rpm,research
8073,0.038319793,-0.019946742,70-H-0_healthy_belt_400rpm,research
8074,0.012069792999999995,-0.011352741999999999,70-H-0_healthy_belt_400rpm,research
8075,-0.003555207000000003,-0.006977742,70-H-0_healthy_belt_400rpm,research
8076,0.008007792999999996,0.015366258,70-H-0_healthy_belt_400rpm,research
8077,0.013944792999999997,0.004741258,70-H-0_healthy_belt_400rpm,research
8078,0.06956979299999999,-0.013383742,70-H-0_healthy_belt_400rpm,research
8079,-0.027618207000000002,-0.074164742,70-H-0_healthy_belt_400rpm,research
8080,0.0014447929999999963,0.005053258,70-H-0_healthy_belt_400rpm,research
8081,-0.020117207,0.027710258,70-H-0_healthy_belt_400rpm,research
8082,-0.025430207000000003,-0.020571742,70-H-0_healthy_belt_400rpm,research
8083,0.028631792999999996,0.0019282580000000004,70-H-0_healthy_belt_400rpm,research
8084,0.041757792999999994,0.005991257999999999,70-H-0_healthy_belt_400rpm,research
8085,-0.024180207000000002,-0.028383742,70-H-0_healthy_belt_400rpm,research
8086,-0.050743207000000005,0.026928258000000004,70-H-0_healthy_belt_400rpm,research
8087,-0.027930207000000006,0.0002102580000000005,70-H-0_healthy_belt_400rpm,research
8088,-0.021992207000000003,-0.016508742,70-H-0_healthy_belt_400rpm,research
8089,-0.014805207000000003,0.037553258,70-H-0_healthy_belt_400rpm,research
8090,0.009881792999999996,0.002397258,70-H-0_healthy_belt_400rpm,research
8091,-0.032617207,0.017085258,70-H-0_healthy_belt_400rpm,research
8092,-0.014805207000000003,0.013959257999999999,70-H-0_healthy_belt_400rpm,research
8093,0.030507793,-0.003383742,70-H-0_healthy_belt_400rpm,research
8094,-0.0041802070000000035,0.007397258,70-H-0_healthy_belt_400rpm,research
8095,-0.010743207000000003,0.000834258,70-H-0_healthy_belt_400rpm,research
8096,0.04925679299999999,-0.0030717419999999997,70-H-0_healthy_belt_400rpm,research
8097,-0.029493207,-0.014477742,70-H-0_healthy_belt_400rpm,research
8098,-0.027305207000000005,0.006459258000000001,70-H-0_healthy_belt_400rpm,research
8099,0.043631792999999995,0.015366258,70-H-0_healthy_belt_400rpm,research
8100,0.008319792999999995,-0.015883742,70-H-0_healthy_belt_400rpm,research
8101,0.016757793,-0.0021337419999999997,70-H-0_healthy_belt_400rpm,research
8102,-0.081367207,0.006147258000000001,70-H-0_healthy_belt_400rpm,research
8103,-0.032930207,-0.021977742,70-H-0_healthy_belt_400rpm,research
8104,0.026132792999999994,-0.006977742,70-H-0_healthy_belt_400rpm,research
8105,-0.014805207000000003,0.031616258,70-H-0_healthy_belt_400rpm,research
8106,0.019569792999999995,0.021303258,70-H-0_healthy_belt_400rpm,research
8107,-0.048555207,0.034116258000000003,70-H-0_healthy_belt_400rpm,research
8108,-0.028555207000000003,-0.00041474200000000006,70-H-0_healthy_belt_400rpm,research
8109,0.052381792999999996,0.006147258000000001,70-H-0_healthy_belt_400rpm,research
8110,-0.010430207000000004,0.013647257999999999,70-H-0_healthy_belt_400rpm,research
8111,-0.025117207000000003,0.0005222580000000003,70-H-0_healthy_belt_400rpm,research
8112,0.034256792999999994,0.023491258,70-H-0_healthy_belt_400rpm,research
8113,-0.0013672070000000022,-0.038852742,70-H-0_healthy_belt_400rpm,research
8114,-0.047617207,0.035366258,70-H-0_healthy_belt_400rpm,research
8115,0.005194792999999996,0.010991258,70-H-0_healthy_belt_400rpm,research
8116,0.029256792999999996,-0.002289742,70-H-0_healthy_belt_400rpm,research
8117,0.003319792999999998,0.034272258,70-H-0_healthy_belt_400rpm,research
8118,0.012069792999999995,0.0053662580000000005,70-H-0_healthy_belt_400rpm,research
8119,-0.058243207000000005,0.051928258,70-H-0_healthy_belt_400rpm,research
8120,0.001756792999999996,-0.062602742,70-H-0_healthy_belt_400rpm,research
8121,0.011132792999999998,-0.025102742,70-H-0_healthy_belt_400rpm,research
8122,0.002069792999999997,-0.015883742,70-H-0_healthy_belt_400rpm,research
8123,0.019881792999999995,-0.016665741999999997,70-H-0_healthy_belt_400rpm,research
8124,-0.012930207000000003,0.013335258,70-H-0_healthy_belt_400rpm,research
8125,0.017382792999999994,0.000834258,70-H-0_healthy_belt_400rpm,research
8126,-0.036367207,0.039741258,70-H-0_healthy_belt_400rpm,research
8127,0.014257792999999998,0.010522258,70-H-0_healthy_belt_400rpm,research
8128,0.011444792999999998,-0.010258742,70-H-0_healthy_belt_400rpm,research
8129,0.029569792999999997,0.035522258,70-H-0_healthy_belt_400rpm,research
8130,-0.011680207000000003,0.021928258,70-H-0_healthy_belt_400rpm,research
8131,-0.032930207,0.059741258,70-H-0_healthy_belt_400rpm,research
8132,0.033319793,0.004272258000000001,70-H-0_healthy_belt_400rpm,research
8133,0.048944793,0.008022258,70-H-0_healthy_belt_400rpm,research
8134,0.003007792999999998,0.036772258,70-H-0_healthy_belt_400rpm,research
8135,-0.038243207,-0.002446742,70-H-0_healthy_belt_400rpm,research
8136,-0.014493207000000003,-0.038852742,70-H-0_healthy_belt_400rpm,research
8137,0.039569793,-0.07869674199999999,70-H-0_healthy_belt_400rpm,research
8138,0.000507792999999996,0.038022258,70-H-0_healthy_belt_400rpm,research
8139,-0.018242207000000003,0.060991258,70-H-0_healthy_belt_400rpm,research
8140,-0.0007422070000000017,-0.040883742,70-H-0_healthy_belt_400rpm,research
8141,0.049569793,-0.007915742,70-H-0_healthy_belt_400rpm,research
8142,-0.052930207,0.023178258,70-H-0_healthy_belt_400rpm,research
8143,-0.028555207000000003,-0.030571742,70-H-0_healthy_belt_400rpm,research
8144,-0.010743207000000003,0.014741258,70-H-0_healthy_belt_400rpm,research
8145,0.028319792999999996,-0.034008742,70-H-0_healthy_belt_400rpm,research
8146,0.003319792999999998,0.047709258,70-H-0_healthy_belt_400rpm,research
8147,-0.023243207000000002,0.037553258,70-H-0_healthy_belt_400rpm,research
8148,-0.0063682070000000025,0.051928258,70-H-0_healthy_belt_400rpm,research
8149,0.082069793,-0.068383742,70-H-0_healthy_belt_400rpm,research
8150,0.038007793,-0.065727742,70-H-0_healthy_belt_400rpm,research
8151,-0.034805207000000005,-0.033383742,70-H-0_healthy_belt_400rpm,research
8152,-0.03855520700000001,0.010053258,70-H-0_healthy_belt_400rpm,research
8153,0.016757793,-0.046508742,70-H-0_healthy_belt_400rpm,research
8154,0.058319792999999995,-0.034789742,70-H-0_healthy_belt_400rpm,research
8155,0.018007792999999994,0.012866257999999998,70-H-0_healthy_belt_400rpm,research
8156,-0.024805207000000003,0.012241258000000001,70-H-0_healthy_belt_400rpm,research
8157,0.018631792999999994,0.037241258,70-H-0_healthy_belt_400rpm,research
8158,-0.006992207000000004,0.0003662580000000004,70-H-0_healthy_belt_400rpm,research
8159,-0.020430207000000002,-0.039321742,70-H-0_healthy_belt_400rpm,research
8160,-0.041368207000000004,0.024272258,70-H-0_healthy_belt_400rpm,research
8161,0.049881792999999994,0.000991258,70-H-0_healthy_belt_400rpm,research
8162,0.032382793,-0.042133742,70-H-0_healthy_belt_400rpm,research
8163,0.037069793,0.021928258,70-H-0_healthy_belt_400rpm,research
8164,-0.008242207000000003,0.016303258,70-H-0_healthy_belt_400rpm,research
8165,-0.026680207000000004,-0.014477742,70-H-0_healthy_belt_400rpm,research
8166,0.054257793,-0.023071742,70-H-0_healthy_belt_400rpm,research
8167,-0.013242207000000002,0.039741258,70-H-0_healthy_belt_400rpm,research
8168,-0.012305207000000002,-0.040102742,70-H-0_healthy_belt_400rpm,research
8169,0.038632793,-0.0005717419999999996,70-H-0_healthy_belt_400rpm,research
8170,0.06175779299999999,-0.006821742,70-H-0_healthy_belt_400rpm,research
8171,-0.050430207000000005,0.010991258,70-H-0_healthy_belt_400rpm,research
8172,0.020506792999999995,-0.001508742,70-H-0_healthy_belt_400rpm,research
8173,0.018944792999999994,0.0013032579999999998,70-H-0_healthy_belt_400rpm,research
8174,-0.014180207000000004,-0.022133742,70-H-0_healthy_belt_400rpm,research
8175,0.00019479299999999866,0.008803258,70-H-0_healthy_belt_400rpm,research
8176,0.004569792999999996,-0.019165742,70-H-0_healthy_belt_400rpm,research
8177,-0.014805207000000003,-0.007758742,70-H-0_healthy_belt_400rpm,research
8178,0.029569792999999997,0.007241258,70-H-0_healthy_belt_400rpm,research
8179,-0.016992207000000002,0.028022258,70-H-0_healthy_belt_400rpm,research
8180,-0.025743207000000004,-0.002758742,70-H-0_healthy_belt_400rpm,research
8181,0.017069793,0.024585258,70-H-0_healthy_belt_400rpm,research
8182,0.013631792999999996,-0.061508742,70-H-0_healthy_belt_400rpm,research
8183,-0.04574320700000001,0.015053258,70-H-0_healthy_belt_400rpm,research
8184,-0.029493207,0.043647258,70-H-0_healthy_belt_400rpm,research
8185,0.051444793,0.027866257999999998,70-H-0_healthy_belt_400rpm,research
8186,-0.008867207000000004,-0.032446742,70-H-0_healthy_belt_400rpm,research
8187,-0.032930207,0.042397258,70-H-0_healthy_belt_400rpm,research
8188,-0.025117207000000003,-0.034008742,70-H-0_healthy_belt_400rpm,research
8189,0.040194793,0.004116257999999999,70-H-0_healthy_belt_400rpm,research
8190,-0.028555207000000003,0.032397258,70-H-0_healthy_belt_400rpm,research
8191,0.04675679299999999,-0.011352741999999999,70-H-0_healthy_belt_400rpm,research
8192,-0.010117207000000003,0.042397258,70-H-0_healthy_belt_400rpm,research
8193,-0.014493207000000003,0.023647258,70-H-0_healthy_belt_400rpm,research
8194,0.007382792999999999,-0.017758742,70-H-0_healthy_belt_400rpm,research
8195,0.035506792999999995,0.004897258,70-H-0_healthy_belt_400rpm,research
8196,0.014882792999999998,0.008178258,70-H-0_healthy_belt_400rpm,research
8197,-0.015743207000000002,0.0039602579999999995,70-H-0_healthy_belt_400rpm,research
8198,0.027069792999999995,-0.014321742,70-H-0_healthy_belt_400rpm,research
8199,0.018319792999999994,0.039428258,70-H-0_healthy_belt_400rpm,research
8200,0.013631792999999996,0.009741258000000001,70-H-0_healthy_belt_400rpm,research
8201,0.0039447929999999985,-0.006040742,70-H-0_healthy_belt_400rpm,research
8202,-0.036055207000000006,0.011772258,70-H-0_healthy_belt_400rpm,research
8203,-0.050118207000000005,-0.013696742,70-H-0_healthy_belt_400rpm,research
8204,-0.003242207000000002,0.022709258,70-H-0_healthy_belt_400rpm,research
8205,0.059257793,-0.013071741999999999,70-H-0_healthy_belt_400rpm,research
8206,0.017069793,0.0002102580000000005,70-H-0_healthy_belt_400rpm,research
8207,0.00019479299999999866,0.031303258,70-H-0_healthy_belt_400rpm,research
8208,-0.009493207000000004,-0.009477742,70-H-0_healthy_belt_400rpm,research
8209,-0.061368207,0.0006782580000000002,70-H-0_healthy_belt_400rpm,research
8210,0.036131792999999995,-0.010571741999999999,70-H-0_healthy_belt_400rpm,research
8211,0.042069792999999994,-0.007758742,70-H-0_healthy_belt_400rpm,research
8212,-0.005117207000000004,0.011460258000000001,70-H-0_healthy_belt_400rpm,research
8213,-0.025117207000000003,-0.049008742,70-H-0_healthy_belt_400rpm,research
8214,-0.021368207000000004,0.039116258,70-H-0_healthy_belt_400rpm,research
8215,0.032382793,0.023022258,70-H-0_healthy_belt_400rpm,research
8216,-0.017618207000000004,0.013335258,70-H-0_healthy_belt_400rpm,research
8217,0.05519479299999999,-0.012915742,70-H-0_healthy_belt_400rpm,research
8218,0.034569792999999994,0.008335258,70-H-0_healthy_belt_400rpm,research
8219,-0.051993207,0.0002102580000000005,70-H-0_healthy_belt_400rpm,research
8220,-0.031368207,0.018959258,70-H-0_healthy_belt_400rpm,research
8221,0.037381792999999996,-0.024790742,70-H-0_healthy_belt_400rpm,research
8222,0.016757793,-0.031664741999999996,70-H-0_healthy_belt_400rpm,research
8223,0.012694792999999996,0.020210258000000002,70-H-0_healthy_belt_400rpm,research
8224,0.013319792999999996,0.0034912580000000006,70-H-0_healthy_belt_400rpm,research
8225,0.034881792999999994,-0.052133742,70-H-0_healthy_belt_400rpm,research
8226,0.0023827929999999976,-0.012133742,70-H-0_healthy_belt_400rpm,research
8227,0.047694793,-0.043539742,70-H-0_healthy_belt_400rpm,research
8228,-0.011055207000000003,0.009897258,70-H-0_healthy_belt_400rpm,research
8229,-0.004492207000000003,-0.014633742,70-H-0_healthy_belt_400rpm,research
8230,0.04863179299999999,-0.023071742,70-H-0_healthy_belt_400rpm,research
8231,-0.0029302070000000024,0.016303258,70-H-0_healthy_belt_400rpm,research
8232,-0.005117207000000004,-0.010571741999999999,70-H-0_healthy_belt_400rpm,research
8233,0.013006792999999996,-0.023071742,70-H-0_healthy_belt_400rpm,research
8234,0.011132792999999998,0.009897258,70-H-0_healthy_belt_400rpm,research
8235,-0.014805207000000003,0.018647258,70-H-0_healthy_belt_400rpm,research
8236,-0.018242207000000003,0.037866258,70-H-0_healthy_belt_400rpm,research
8237,-0.007618207000000004,-0.003696742,70-H-0_healthy_belt_400rpm,research
8238,0.05644479299999999,-0.030102742,70-H-0_healthy_belt_400rpm,research
8239,-0.010743207000000003,0.0006782580000000002,70-H-0_healthy_belt_400rpm,research
8240,0.008632792999999996,0.030522258000000003,70-H-0_healthy_belt_400rpm,research
8241,-0.04699220700000001,0.039741258,70-H-0_healthy_belt_400rpm,research
8242,0.036756792999999996,-0.055883742,70-H-0_healthy_belt_400rpm,research
8243,-0.013867207000000003,-0.0011967419999999998,70-H-0_healthy_belt_400rpm,research
8244,-0.028242207000000005,0.044116258,70-H-0_healthy_belt_400rpm,research
8245,0.010194792999999997,-0.025258742,70-H-0_healthy_belt_400rpm,research
8246,0.038632793,0.013491257999999999,70-H-0_healthy_belt_400rpm,research
8247,0.029882792999999998,0.0034912580000000006,70-H-0_healthy_belt_400rpm,research
8248,-0.044805207,-0.08510274200000001,70-H-0_healthy_belt_400rpm,research
8249,-0.046680207,0.025991258,70-H-0_healthy_belt_400rpm,research
8250,0.011444792999999998,-0.019165742,70-H-0_healthy_belt_400rpm,research
8251,0.036756792999999996,-0.008540742,70-H-0_healthy_belt_400rpm,research
8252,-0.031680207,0.060522258,70-H-0_healthy_belt_400rpm,research
8253,-0.004492207000000003,-0.020258742,70-H-0_healthy_belt_400rpm,research
8254,0.060194792999999996,-0.057133742,70-H-0_healthy_belt_400rpm,research
8255,0.027694792999999995,-0.031039742,70-H-0_healthy_belt_400rpm,research
8256,-0.0013672070000000022,0.009585258000000001,70-H-0_healthy_belt_400rpm,research
8257,-0.069180207,0.019897258,70-H-0_healthy_belt_400rpm,research
8258,0.018944792999999994,-0.009321742000000001,70-H-0_healthy_belt_400rpm,research
8259,0.014882792999999998,-0.0011967419999999998,70-H-0_healthy_belt_400rpm,research
8260,0.040819793,0.06708525800000001,70-H-0_healthy_belt_400rpm,research
8261,0.0039447929999999985,0.019897258,70-H-0_healthy_belt_400rpm,research
8262,0.050819793,-0.038227742,70-H-0_healthy_belt_400rpm,research
8263,-0.031055207,0.019116258,70-H-0_healthy_belt_400rpm,research
8264,-0.022618207,-0.009633742,70-H-0_healthy_belt_400rpm,research
8265,-0.035430207000000005,0.027710258,70-H-0_healthy_belt_400rpm,research
8266,0.028631792999999996,0.005522258,70-H-0_healthy_belt_400rpm,research
8267,0.008319792999999995,-0.018383742,70-H-0_healthy_belt_400rpm,research
8268,-0.028242207000000005,0.018334258,70-H-0_healthy_belt_400rpm,research
8269,-0.012930207000000003,0.027553257999999997,70-H-0_healthy_belt_400rpm,research
8270,0.040507793,0.015522258,70-H-0_healthy_belt_400rpm,research
8271,0.037694793,-0.024633742,70-H-0_healthy_belt_400rpm,research
8272,-0.039492207,0.018647258,70-H-0_healthy_belt_400rpm,research
8273,-0.046055207,0.011147258,70-H-0_healthy_belt_400rpm,research
8274,0.014569792999999998,-0.030258741999999998,70-H-0_healthy_belt_400rpm,research
8275,0.019256792999999994,0.057866258,70-H-0_healthy_belt_400rpm,research
8276,-0.007930207000000003,-0.010727742,70-H-0_healthy_belt_400rpm,research
8277,-0.018555207000000004,-0.022914742,70-H-0_healthy_belt_400rpm,research
8278,0.043631792999999995,-0.011977742,70-H-0_healthy_belt_400rpm,research
8279,0.028631792999999996,-0.010258742,70-H-0_healthy_belt_400rpm,research
8280,0.006444792999999997,0.025053258000000002,70-H-0_healthy_belt_400rpm,research
8281,-0.037618207,-0.019633742,70-H-0_healthy_belt_400rpm,research
8282,-0.021680207000000003,-0.041508742,70-H-0_healthy_belt_400rpm,research
8283,0.005819792999999997,-0.010571741999999999,70-H-0_healthy_belt_400rpm,research
8284,-0.027618207000000002,-0.012915742,70-H-0_healthy_belt_400rpm,research
8285,-0.057930207000000004,0.022709258,70-H-0_healthy_belt_400rpm,research
8286,-0.031680207,-0.003383742,70-H-0_healthy_belt_400rpm,research
8287,0.027069792999999995,-0.0038527419999999997,70-H-0_healthy_belt_400rpm,research
8288,-0.033243207000000004,0.040366258,70-H-0_healthy_belt_400rpm,research
8289,0.028319792999999996,-0.028540742,70-H-0_healthy_belt_400rpm,research
8290,0.011132792999999998,0.020678258,70-H-0_healthy_belt_400rpm,research
8291,0.0061317929999999965,0.006303258000000001,70-H-0_healthy_belt_400rpm,research
8292,-0.008242207000000003,0.026303258,70-H-0_healthy_belt_400rpm,research
8293,-0.015430207000000003,-0.002758742,70-H-0_healthy_belt_400rpm,research
8294,-0.005430207000000003,-0.031977742,70-H-0_healthy_belt_400rpm,research
8295,-0.015117207000000004,-0.0051027419999999995,70-H-0_healthy_belt_400rpm,research
8296,-0.060743207,-0.009633742,70-H-0_healthy_belt_400rpm,research
8297,-0.024180207000000002,0.015991258,70-H-0_healthy_belt_400rpm,research
8298,0.023319793,-0.046040742,70-H-0_healthy_belt_400rpm,research
8299,-0.030743207,-0.012602742,70-H-0_healthy_belt_400rpm,research
8300,0.004256792999999998,-0.009165742000000001,70-H-0_healthy_belt_400rpm,research
8301,0.0014447929999999963,0.013803257999999999,70-H-0_healthy_belt_400rpm,research
8302,-0.012305207000000002,-0.009165742000000001,70-H-0_healthy_belt_400rpm,research
8303,0.033319793,-0.026508742,70-H-0_healthy_belt_400rpm,research
8304,0.008632792999999996,0.0022412580000000003,70-H-0_healthy_belt_400rpm,research
8305,-0.0063682070000000025,0.012085258000000001,70-H-0_healthy_belt_400rpm,research
8306,0.005819792999999997,-0.006821742,70-H-0_healthy_belt_400rpm,research
8307,-0.005117207000000004,-0.001665742,70-H-0_healthy_belt_400rpm,research
8308,-0.007305207000000003,-0.006665742,70-H-0_healthy_belt_400rpm,research
8309,-0.012618207000000003,0.004272258000000001,70-H-0_healthy_belt_400rpm,research
8310,-0.015117207000000004,0.011928258,70-H-0_healthy_belt_400rpm,research
8311,0.025507792999999994,-0.016352742,70-H-0_healthy_belt_400rpm,research
8312,0.028944792999999996,0.007866258000000001,70-H-0_healthy_belt_400rpm,research
8313,0.000507792999999996,0.017085258,70-H-0_healthy_belt_400rpm,research
8314,0.005819792999999997,0.017553258,70-H-0_healthy_belt_400rpm,research
8315,-0.014805207000000003,-0.017133742,70-H-0_healthy_belt_400rpm,research
8316,0.057382793,-0.047133742,70-H-0_healthy_belt_400rpm,research
8317,-0.026680207000000004,0.010366258,70-H-0_healthy_belt_400rpm,research
8318,0.007694792999999998,-0.015883742,70-H-0_healthy_belt_400rpm,research
8319,0.025194793,-0.040102742,70-H-0_healthy_belt_400rpm,research
8320,-0.031368207,0.046147258000000003,70-H-0_healthy_belt_400rpm,research
8321,-0.038867207,0.031616258,70-H-0_healthy_belt_400rpm,research
8322,0.04863179299999999,0.008178258,70-H-0_healthy_belt_400rpm,research
8323,0.014257792999999998,0.009428258,70-H-0_healthy_belt_400rpm,research
8324,-0.07949220700000001,0.018647258,70-H-0_healthy_belt_400rpm,research
8325,0.004881792999999995,-0.030571742,70-H-0_healthy_belt_400rpm,research
8326,0.003319792999999998,-0.014633742,70-H-0_healthy_belt_400rpm,research
8327,0.014882792999999998,-0.011977742,70-H-0_healthy_belt_400rpm,research
8328,-0.032305207,-0.001508742,70-H-0_healthy_belt_400rpm,research
8329,0.011757792999999996,0.034116258000000003,70-H-0_healthy_belt_400rpm,research
8330,-0.034493207,-0.036508742,70-H-0_healthy_belt_400rpm,research
8331,-0.008555207000000002,-0.024321742,70-H-0_healthy_belt_400rpm,research
8332,-0.003242207000000002,-0.055883742,70-H-0_healthy_belt_400rpm,research
8333,-0.041993207000000005,-0.003540742,70-H-0_healthy_belt_400rpm,research
8334,0.058007793,-0.0019777419999999998,70-H-0_healthy_belt_400rpm,research
8335,0.04800679299999999,-0.027446742,70-H-0_healthy_belt_400rpm,research
8336,-0.036680207000000006,-0.008383742,70-H-0_healthy_belt_400rpm,research
8337,-0.011367207000000004,0.004741258,70-H-0_healthy_belt_400rpm,research
8338,-0.019180207000000005,0.009741258000000001,70-H-0_healthy_belt_400rpm,research
8339,-0.010117207000000003,0.011303258,70-H-0_healthy_belt_400rpm,research
8340,0.029256792999999996,0.015522258,70-H-0_healthy_belt_400rpm,research
8341,-0.008867207000000004,0.024272258,70-H-0_healthy_belt_400rpm,research
8342,-0.0013672070000000022,-0.044790742,70-H-0_healthy_belt_400rpm,research
8343,0.04550779299999999,-0.009633742,70-H-0_healthy_belt_400rpm,research
8344,0.021444792999999997,-0.008071742,70-H-0_healthy_belt_400rpm,research
8345,-0.024180207000000002,-0.006665742,70-H-0_healthy_belt_400rpm,research
8346,-0.036367207,0.022084258,70-H-0_healthy_belt_400rpm,research
8347,-0.005743207000000004,-0.015571742,70-H-0_healthy_belt_400rpm,research
8348,0.044256792999999996,-0.011508741999999999,70-H-0_healthy_belt_400rpm,research
8349,0.011444792999999998,-0.009477742,70-H-0_healthy_belt_400rpm,research
8350,0.005819792999999997,0.025522258,70-H-0_healthy_belt_400rpm,research
8351,-0.009493207000000004,0.008022258,70-H-0_healthy_belt_400rpm,research
8352,-0.023243207000000002,-0.06807174199999999,70-H-0_healthy_belt_400rpm,research
8353,0.006757792999999998,0.011460258000000001,70-H-0_healthy_belt_400rpm,research
8354,0.009256792999999996,-0.024946742,70-H-0_healthy_belt_400rpm,research
8355,0.011444792999999998,-0.036977742,70-H-0_healthy_belt_400rpm,research
8356,0.05581979299999999,-0.0013527419999999997,70-H-0_healthy_belt_400rpm,research
8357,-0.005743207000000004,-0.054633742,70-H-0_healthy_belt_400rpm,research
8358,-0.04699220700000001,0.07708425799999999,70-H-0_healthy_belt_400rpm,research
8359,-0.038867207,-0.014164742,70-H-0_healthy_belt_400rpm,research
8360,0.014257792999999998,-0.072914742,70-H-0_healthy_belt_400rpm,research
8361,-0.003242207000000002,0.058491258,70-H-0_healthy_belt_400rpm,research
8362,0.048944793,-0.004946742,70-H-0_healthy_belt_400rpm,research
8363,-0.020117207,-0.012758742,70-H-0_healthy_belt_400rpm,research
8364,-0.0004302070000000019,-0.037758742,70-H-0_healthy_belt_400rpm,research
8365,0.010194792999999997,0.015991258,70-H-0_healthy_belt_400rpm,research
8366,-0.053867207,-0.001508742,70-H-0_healthy_belt_400rpm,research
8367,-0.006992207000000004,-0.053071742,70-H-0_healthy_belt_400rpm,research
8368,0.033007792999999994,-0.005414742,70-H-0_healthy_belt_400rpm,research
8369,-0.009180207000000003,0.009585258000000001,70-H-0_healthy_belt_400rpm,research
8370,-0.073868207,0.041928258,70-H-0_healthy_belt_400rpm,research
8371,0.008319792999999995,0.0033342580000000005,70-H-0_healthy_belt_400rpm,research
8372,0.001756792999999996,0.010678258,70-H-0_healthy_belt_400rpm,research
8373,-0.013867207000000003,0.006772258,70-H-0_healthy_belt_400rpm,research
8374,-0.039805207,0.005209258,70-H-0_healthy_belt_400rpm,research
8375,0.0036327929999999953,-0.018540742,70-H-0_healthy_belt_400rpm,research
8376,0.040507793,-0.034008742,70-H-0_healthy_belt_400rpm,research
8377,0.002069792999999997,-0.053540742,70-H-0_healthy_belt_400rpm,research
8378,-0.081367207,0.043022258,70-H-0_healthy_belt_400rpm,research
8379,0.032382793,-0.11025874199999999,70-H-0_healthy_belt_400rpm,research
8380,0.033944792999999994,-0.00010274199999999942,70-H-0_healthy_belt_400rpm,research
8381,-0.027930207000000006,-0.016665741999999997,70-H-0_healthy_belt_400rpm,research
8382,-0.017618207000000004,0.008335258,70-H-0_healthy_belt_400rpm,research
8383,0.024882793,0.030678258,70-H-0_healthy_belt_400rpm,research
8384,0.013631792999999996,-0.057914742,70-H-0_healthy_belt_400rpm,research
8385,-0.005117207000000004,0.044272258,70-H-0_healthy_belt_400rpm,research
8386,0.000507792999999996,0.036303258,70-H-0_healthy_belt_400rpm,research
8387,-0.021368207000000004,0.053022258,70-H-0_healthy_belt_400rpm,research
8388,-0.014805207000000003,-0.004008742,70-H-0_healthy_belt_400rpm,research
8389,0.07800779299999999,-0.007289742,70-H-0_healthy_belt_400rpm,research
8390,-0.021055207000000003,0.013803257999999999,70-H-0_healthy_belt_400rpm,research
8391,-0.065743207,0.084116258,70-H-0_healthy_belt_400rpm,research
8392,0.04925679299999999,0.0006782580000000002,70-H-0_healthy_belt_400rpm,research
8393,-0.022618207,-0.051352742,70-H-0_healthy_belt_400rpm,research
8394,-0.026992207000000004,0.023647258,70-H-0_healthy_belt_400rpm,research
8395,0.020194792999999996,0.017397258,70-H-0_healthy_belt_400rpm,research
8396,0.022069792999999997,-0.026821742,70-H-0_healthy_belt_400rpm,research
8397,-0.007618207000000004,0.027710258,70-H-0_healthy_belt_400rpm,research
8398,0.0011327929999999965,-0.0010397419999999997,70-H-0_healthy_belt_400rpm,research
8399,0.021131792999999996,-0.026977742,70-H-0_healthy_belt_400rpm,research
8400,0.030507793,-0.021665741999999998,70-H-0_healthy_belt_400rpm,research
8401,0.030819792999999998,-0.00010274199999999942,70-H-0_healthy_belt_400rpm,research
8402,0.029256792999999996,-0.006508742,70-H-0_healthy_belt_400rpm,research
8403,-0.046055207,0.023335258,70-H-0_healthy_belt_400rpm,research
8404,-0.015117207000000004,0.0022412580000000003,70-H-0_healthy_belt_400rpm,research
8405,0.005194792999999996,0.0039602579999999995,70-H-0_healthy_belt_400rpm,research
8406,-0.0029302070000000024,0.041928258,70-H-0_healthy_belt_400rpm,research
8407,0.000507792999999996,-0.016352742,70-H-0_healthy_belt_400rpm,research
8408,-0.019805207000000002,0.021928258,70-H-0_healthy_belt_400rpm,research
8409,0.006757792999999998,0.026616258,70-H-0_healthy_belt_400rpm,research
8410,0.007069792999999998,-0.010258742,70-H-0_healthy_belt_400rpm,research
8411,-0.004492207000000003,0.005209258,70-H-0_healthy_belt_400rpm,research
8412,0.001756792999999996,0.0019282580000000004,70-H-0_healthy_belt_400rpm,research
8413,-0.0019932070000000038,-0.016821742,70-H-0_healthy_belt_400rpm,research
8414,-0.020743207000000003,0.022241258,70-H-0_healthy_belt_400rpm,research
8415,0.013006792999999996,-0.026821742,70-H-0_healthy_belt_400rpm,research
8416,0.024882793,-0.054477742,70-H-0_healthy_belt_400rpm,research
8417,-0.014493207000000003,0.021616258,70-H-0_healthy_belt_400rpm,research
8418,-0.033868207000000004,0.047866258,70-H-0_healthy_belt_400rpm,research
8419,0.013319792999999996,-0.033383742,70-H-0_healthy_belt_400rpm,research
8420,-0.029493207,0.004741258,70-H-0_healthy_belt_400rpm,research
8421,-0.0007422070000000017,0.042710258,70-H-0_healthy_belt_400rpm,research
8422,0.026444792999999994,0.024741258,70-H-0_healthy_belt_400rpm,research
8423,0.013006792999999996,-0.014008742,70-H-0_healthy_belt_400rpm,research
8424,-0.017930207000000004,0.019741258,70-H-0_healthy_belt_400rpm,research
8425,0.035506792999999995,0.014741258,70-H-0_healthy_belt_400rpm,research
8426,0.002069792999999997,0.017241258,70-H-0_healthy_belt_400rpm,research
8427,-0.024493207000000003,0.002553258,70-H-0_healthy_belt_400rpm,research
8428,0.006757792999999998,0.020210258000000002,70-H-0_healthy_belt_400rpm,research
8429,0.019881792999999995,0.016928258,70-H-0_healthy_belt_400rpm,research
8430,0.016757793,-0.021821741999999998,70-H-0_healthy_belt_400rpm,research
8431,-0.041680207000000004,0.012866257999999998,70-H-0_healthy_belt_400rpm,research
8432,-0.027305207000000005,0.0036472580000000004,70-H-0_healthy_belt_400rpm,research
8433,0.010819792999999998,-0.003696742,70-H-0_healthy_belt_400rpm,research
8434,-0.047617207,0.017241258,70-H-0_healthy_belt_400rpm,research
8435,-0.006680207000000002,0.006303258000000001,70-H-0_healthy_belt_400rpm,research
8436,0.019569792999999995,-0.004321742,70-H-0_healthy_belt_400rpm,research
8437,0.043944792999999996,0.063803258,70-H-0_healthy_belt_400rpm,research
8438,-0.009493207000000004,0.018334258,70-H-0_healthy_belt_400rpm,research
8439,-0.021680207000000003,-0.030883742,70-H-0_healthy_belt_400rpm,research
8440,-0.028867207000000002,-0.007289742,70-H-0_healthy_belt_400rpm,research
8441,-0.040430207,0.024585258,70-H-0_healthy_belt_400rpm,research
8442,-0.042305207000000004,-0.013383742,70-H-0_healthy_belt_400rpm,research
8443,0.022069792999999997,-0.020102742,70-H-0_healthy_belt_400rpm,research
8444,0.021131792999999996,-0.007446741999999999,70-H-0_healthy_belt_400rpm,research
8445,-0.011367207000000004,-0.031352742,70-H-0_healthy_belt_400rpm,research
8446,0.012381792999999999,0.020053258,70-H-0_healthy_belt_400rpm,research
8447,-0.022930207,0.024272258,70-H-0_healthy_belt_400rpm,research
8448,-0.036367207,0.018022258,70-H-0_healthy_belt_400rpm,research
8449,0.005506792999999996,-0.026664741999999998,70-H-0_healthy_belt_400rpm,research
8450,0.018944792999999994,-0.051977742,70-H-0_healthy_belt_400rpm,research
8451,-0.028867207000000002,0.040678258,70-H-0_healthy_belt_400rpm,research
8452,0.014882792999999998,-0.027758742,70-H-0_healthy_belt_400rpm,research
8453,0.027069792999999995,-0.026196742,70-H-0_healthy_belt_400rpm,research
8454,0.037069793,0.031459258,70-H-0_healthy_belt_400rpm,research
8455,0.028631792999999996,-0.012289742,70-H-0_healthy_belt_400rpm,research
8456,0.017069793,-0.006821742,70-H-0_healthy_belt_400rpm,research
8457,0.029882792999999998,-0.033852742,70-H-0_healthy_belt_400rpm,research
8458,-0.0041802070000000035,0.006928258,70-H-0_healthy_belt_400rpm,research
8459,-0.060743207,0.058178258000000004,70-H-0_healthy_belt_400rpm,research
8460,-0.19793020700000002,-0.036352742,70-H-0_healthy_belt_400rpm,research
8461,-0.010117207000000003,-0.022602742,70-H-0_healthy_belt_400rpm,research
8462,-0.004492207000000003,0.020210258000000002,70-H-0_healthy_belt_400rpm,research
8463,0.014257792999999998,0.016147258,70-H-0_healthy_belt_400rpm,research
8464,-0.041368207000000004,0.0020852580000000004,70-H-0_healthy_belt_400rpm,research
8465,-0.09199320700000001,0.009585258000000001,70-H-0_healthy_belt_400rpm,research
8466,-0.009805207000000003,-0.006508742,70-H-0_healthy_belt_400rpm,research
8467,-0.003242207000000002,-0.008696742,70-H-0_healthy_belt_400rpm,research
8468,-0.027618207000000002,-0.0010397419999999997,70-H-0_healthy_belt_400rpm,research
8469,0.046444793,0.005209258,70-H-0_healthy_belt_400rpm,research
8470,-0.008242207000000003,-0.012915742,70-H-0_healthy_belt_400rpm,research
8471,-0.034493207,0.002866258,70-H-0_healthy_belt_400rpm,research
8472,0.026757792999999995,-0.029633742,70-H-0_healthy_belt_400rpm,research
8473,0.009881792999999996,-0.026977742,70-H-0_healthy_belt_400rpm,research
8474,0.010507792999999998,0.028647258000000002,70-H-0_healthy_belt_400rpm,research
8475,-0.013555207000000003,-0.005571741999999999,70-H-0_healthy_belt_400rpm,research
8476,-0.028242207000000005,-0.016196742,70-H-0_healthy_belt_400rpm,research
8477,0.015819793,0.024272258,70-H-0_healthy_belt_400rpm,research
8478,0.033944792999999994,-0.012758742,70-H-0_healthy_belt_400rpm,research
8479,-0.021992207000000003,0.032553258,70-H-0_healthy_belt_400rpm,research
8480,-0.041993207000000005,0.038647258,70-H-0_healthy_belt_400rpm,research
8481,0.019256792999999994,0.018803258,70-H-0_healthy_belt_400rpm,research
8482,0.058632793,0.027397258,70-H-0_healthy_belt_400rpm,research
8483,-0.026368207000000005,0.039116258,70-H-0_healthy_belt_400rpm,research
8484,0.0036327929999999953,-0.006040742,70-H-0_healthy_belt_400rpm,research
8485,0.003007792999999998,-0.013540742,70-H-0_healthy_belt_400rpm,research
8486,-0.019805207000000002,0.016616258000000002,70-H-0_healthy_belt_400rpm,research
8487,-0.071992207,0.019741258,70-H-0_healthy_belt_400rpm,research
8488,-0.004805207000000002,-0.044790742,70-H-0_healthy_belt_400rpm,research
8489,0.011757792999999996,-0.016508742,70-H-0_healthy_belt_400rpm,research
8490,0.041132792999999994,-0.07947774199999999,70-H-0_healthy_belt_400rpm,research
8491,-0.027618207000000002,0.098491258,70-H-0_healthy_belt_400rpm,research
8492,-0.019805207000000002,0.023491258,70-H-0_healthy_belt_400rpm,research
8493,0.030194792999999998,-0.050102742,70-H-0_healthy_belt_400rpm,research
8494,0.029569792999999997,0.049897258,70-H-0_healthy_belt_400rpm,research
8495,-0.046368207,0.038178258,70-H-0_healthy_belt_400rpm,research
8496,-0.021055207000000003,-0.001665742,70-H-0_healthy_belt_400rpm,research
8497,0.041757792999999994,-0.038383742,70-H-0_healthy_belt_400rpm,research
8498,0.004881792999999995,0.0038032580000000003,70-H-0_healthy_belt_400rpm,research
8499,-0.021992207000000003,-0.014790741999999999,70-H-0_healthy_belt_400rpm,research
8500,0.013319792999999996,-0.011352741999999999,70-H-0_healthy_belt_400rpm,research
8501,0.0061317929999999965,0.012397258000000001,70-H-0_healthy_belt_400rpm,research
8502,0.057382793,-0.011821742,70-H-0_healthy_belt_400rpm,research
8503,-0.0026182070000000026,0.002710258,70-H-0_healthy_belt_400rpm,research
8504,-0.043243207000000006,0.016928258,70-H-0_healthy_belt_400rpm,research
8505,0.037381792999999996,-0.014946741999999999,70-H-0_healthy_belt_400rpm,research
8506,0.017069793,-0.021352742,70-H-0_healthy_belt_400rpm,research
8507,-0.014180207000000004,0.045522258,70-H-0_healthy_belt_400rpm,research
8508,-0.032617207,-0.011977742,70-H-0_healthy_belt_400rpm,research
8509,-0.013555207000000003,-0.003696742,70-H-0_healthy_belt_400rpm,research
8510,0.007694792999999998,-0.019477742,70-H-0_healthy_belt_400rpm,research
8511,0.011757792999999996,0.031928258,70-H-0_healthy_belt_400rpm,research
8512,-0.011055207000000003,-0.010415741999999999,70-H-0_healthy_belt_400rpm,research
8513,0.030507793,-0.056664742,70-H-0_healthy_belt_400rpm,research
8514,-0.035118207,0.037085258,70-H-0_healthy_belt_400rpm,research
8515,-0.0041802070000000035,-0.020571742,70-H-0_healthy_belt_400rpm,research
8516,0.007069792999999998,-0.053696742,70-H-0_healthy_belt_400rpm,research
8517,0.026444792999999994,-0.018540742,70-H-0_healthy_belt_400rpm,research
8518,0.010194792999999997,-0.004321742,70-H-0_healthy_belt_400rpm,research
8519,-0.0010552070000000024,0.014897258,70-H-0_healthy_belt_400rpm,research
8520,-0.028867207000000002,0.007397258,70-H-0_healthy_belt_400rpm,research
8521,0.012381792999999999,-0.045415742,70-H-0_healthy_belt_400rpm,research
8522,-0.059805207000000006,-0.010883742,70-H-0_healthy_belt_400rpm,research
8523,-0.016368207000000003,-0.037915742,70-H-0_healthy_belt_400rpm,research
8524,-0.022618207,0.022866258,70-H-0_healthy_belt_400rpm,research
8525,-0.033868207000000004,-0.027446742,70-H-0_healthy_belt_400rpm,research
8526,0.026444792999999994,-0.053852742,70-H-0_healthy_belt_400rpm,research
8527,0.032382793,0.042553258000000004,70-H-0_healthy_belt_400rpm,research
8528,0.034256792999999994,0.016928258,70-H-0_healthy_belt_400rpm,research
8529,-0.007618207000000004,-0.032758742,70-H-0_healthy_belt_400rpm,research
8530,-0.021680207000000003,-0.039008742,70-H-0_healthy_belt_400rpm,research
8531,-0.012930207000000003,0.004585258,70-H-0_healthy_belt_400rpm,research
8532,-0.008867207000000004,0.011147258,70-H-0_healthy_belt_400rpm,research
8533,0.015194792999999998,-0.007446741999999999,70-H-0_healthy_belt_400rpm,research
8534,0.036756792999999996,0.010522258,70-H-0_healthy_belt_400rpm,research
8535,0.013006792999999996,-0.010102742,70-H-0_healthy_belt_400rpm,research
8536,0.0023827929999999976,0.016616258000000002,70-H-0_healthy_belt_400rpm,research
8537,0.038007793,0.010366258,70-H-0_healthy_belt_400rpm,research
8538,-0.023243207000000002,-0.033540742,70-H-0_healthy_belt_400rpm,research
8539,0.029569792999999997,-0.036508742,70-H-0_healthy_belt_400rpm,research
8540,-0.026680207000000004,0.005678258,70-H-0_healthy_belt_400rpm,research
8541,-0.047930207,-0.023852742,70-H-0_healthy_belt_400rpm,research
8542,0.026757792999999995,-0.012915742,70-H-0_healthy_belt_400rpm,research
8543,0.013319792999999996,0.009116258,70-H-0_healthy_belt_400rpm,research
8544,0.052381792999999996,-0.020102742,70-H-0_healthy_belt_400rpm,research
8545,-0.015117207000000004,-0.034789742,70-H-0_healthy_belt_400rpm,research
8546,-0.023867207,-0.004008742,70-H-0_healthy_belt_400rpm,research
8547,-0.023555207,0.038178258,70-H-0_healthy_belt_400rpm,research
8548,0.014257792999999998,-0.011977742,70-H-0_healthy_belt_400rpm,research
8549,-0.041055207,0.031459258,70-H-0_healthy_belt_400rpm,research
8550,0.057694792999999994,-0.010883742,70-H-0_healthy_belt_400rpm,research
8551,0.004256792999999998,0.021928258,70-H-0_healthy_belt_400rpm,research
8552,0.009256792999999996,0.010522258,70-H-0_healthy_belt_400rpm,research
8553,-0.022930207,0.008491258,70-H-0_healthy_belt_400rpm,research
8554,0.004881792999999995,-0.0010397419999999997,70-H-0_healthy_belt_400rpm,research
8555,0.015819793,-0.021196742,70-H-0_healthy_belt_400rpm,research
8556,-0.011367207000000004,0.014116258,70-H-0_healthy_belt_400rpm,research
8557,-0.018867207000000004,0.015835258,70-H-0_healthy_belt_400rpm,research
8558,-0.005430207000000003,-0.048383742,70-H-0_healthy_belt_400rpm,research
8559,-0.004805207000000002,0.022553258,70-H-0_healthy_belt_400rpm,research
8560,-0.041680207000000004,0.010210258,70-H-0_healthy_belt_400rpm,research
8561,0.066756793,-0.040258742,70-H-0_healthy_belt_400rpm,research
8562,-0.009493207000000004,0.025991258,70-H-0_healthy_belt_400rpm,research
8563,-0.021992207000000003,0.07536625799999999,70-H-0_healthy_belt_400rpm,research
8564,-0.033243207000000004,-0.021508742,70-H-0_healthy_belt_400rpm,research
8565,0.019881792999999995,0.019585258,70-H-0_healthy_belt_400rpm,research
8566,-0.004492207000000003,0.011616258,70-H-0_healthy_belt_400rpm,research
8567,-0.0026182070000000026,-0.012289742,70-H-0_healthy_belt_400rpm,research
8568,-0.0023052070000000036,0.025834258,70-H-0_healthy_belt_400rpm,research
8569,-0.090118207,0.013959257999999999,70-H-0_healthy_belt_400rpm,research
8570,-0.0013672070000000022,-0.045883742,70-H-0_healthy_belt_400rpm,research
8571,0.018944792999999994,-0.041821742,70-H-0_healthy_belt_400rpm,research
8572,0.012381792999999999,0.0003662580000000004,70-H-0_healthy_belt_400rpm,research
8573,0.033632792999999994,0.018022258,70-H-0_healthy_belt_400rpm,research
8574,0.031444793,-0.09088374199999999,70-H-0_healthy_belt_400rpm,research
8575,-0.0010552070000000024,0.005991257999999999,70-H-0_healthy_belt_400rpm,research
8576,-0.07105520700000001,-0.021040742,70-H-0_healthy_belt_400rpm,research
8577,-0.021992207000000003,0.019428258,70-H-0_healthy_belt_400rpm,research
8578,0.069257793,0.015678258,70-H-0_healthy_belt_400rpm,research
8579,-0.027618207000000002,0.018334258,70-H-0_healthy_belt_400rpm,research
8580,-0.018242207000000003,0.028335258000000002,70-H-0_healthy_belt_400rpm,research
8581,-0.033868207000000004,0.008959258,70-H-0_healthy_belt_400rpm,research
8582,0.000507792999999996,0.029897258000000003,70-H-0_healthy_belt_400rpm,research
8583,-0.018242207000000003,0.008803258,70-H-0_healthy_belt_400rpm,research
8584,-0.042305207000000004,0.020835258,70-H-0_healthy_belt_400rpm,research
8585,-0.013555207000000003,0.020678258,70-H-0_healthy_belt_400rpm,research
8586,-0.04511820700000001,-0.008383742,70-H-0_healthy_belt_400rpm,research
8587,0.05331979299999999,-0.034321742,70-H-0_healthy_belt_400rpm,research
8588,0.05581979299999999,0.008335258,70-H-0_healthy_belt_400rpm,research
8589,-0.047305207,0.015835258,70-H-0_healthy_belt_400rpm,research
8590,-0.006680207000000002,0.028022258,70-H-0_healthy_belt_400rpm,research
8591,0.028631792999999996,-0.06853974199999999,70-H-0_healthy_belt_400rpm,research
8592,-0.010117207000000003,-0.020258742,70-H-0_healthy_belt_400rpm,research
8593,-0.067305207,0.040366258,70-H-0_healthy_belt_400rpm,research
8594,-0.020430207000000002,-0.007915742,70-H-0_healthy_belt_400rpm,research
8595,0.013319792999999996,0.016616258000000002,70-H-0_healthy_belt_400rpm,research
8596,0.051131792999999995,-0.025258742,70-H-0_healthy_belt_400rpm,research
8597,-0.049805207000000004,0.009116258,70-H-0_healthy_belt_400rpm,research
8598,-0.054180207,-0.004477742,70-H-0_healthy_belt_400rpm,research
8599,-0.041055207,-0.047915742,70-H-0_healthy_belt_400rpm,research
8600,0.065819793,0.018178258,70-H-0_healthy_belt_400rpm,research
8601,0.031757793,-0.013696742,70-H-0_healthy_belt_400rpm,research
8602,0.029569792999999997,-0.006196742,70-H-0_healthy_belt_400rpm,research
8603,0.026757792999999995,-0.007758742,70-H-0_healthy_belt_400rpm,research
8604,0.023944793,-0.027914742,70-H-0_healthy_belt_400rpm,research
8605,-0.046680207,0.039585258,70-H-0_healthy_belt_400rpm,research
8606,-0.020117207,-0.031508742,70-H-0_healthy_belt_400rpm,research
8607,0.047694793,-0.019789742,70-H-0_healthy_belt_400rpm,research
8608,0.005506792999999996,0.005053258,70-H-0_healthy_belt_400rpm,research
8609,-0.007930207000000003,0.017397258,70-H-0_healthy_belt_400rpm,research
8610,-0.006680207000000002,-0.016665741999999997,70-H-0_healthy_belt_400rpm,research
8611,0.047694793,-0.020883742,70-H-0_healthy_belt_400rpm,research
8612,0.028631792999999996,0.0013032579999999998,70-H-0_healthy_belt_400rpm,research
8613,-0.048868207000000004,0.009741258000000001,70-H-0_healthy_belt_400rpm,research
8614,-0.027305207000000005,-0.004946742,70-H-0_healthy_belt_400rpm,research
8615,0.029256792999999996,-0.023852742,70-H-0_healthy_belt_400rpm,research
8616,0.056132793,0.005678258,70-H-0_healthy_belt_400rpm,research
8617,-0.046680207,0.030522258000000003,70-H-0_healthy_belt_400rpm,research
8618,-0.03793020700000001,0.008491258,70-H-0_healthy_belt_400rpm,research
8619,0.013631792999999996,0.002866258,70-H-0_healthy_belt_400rpm,research
8620,-0.029805207000000004,0.047397258,70-H-0_healthy_belt_400rpm,research
8621,0.014257792999999998,-0.06510274199999999,70-H-0_healthy_belt_400rpm,research
8622,0.029882792999999998,-0.019946742,70-H-0_healthy_belt_400rpm,research
8623,0.074882793,0.002397258,70-H-0_healthy_belt_400rpm,research
8624,-0.0004302070000000019,0.0019282580000000004,70-H-0_healthy_belt_400rpm,research
8625,-0.009180207000000003,0.031928258,70-H-0_healthy_belt_400rpm,research
8626,-0.089493207,-0.030258741999999998,70-H-0_healthy_belt_400rpm,research
8627,-0.06386720700000001,-0.035883742,70-H-0_healthy_belt_400rpm,research
8628,0.040507793,-0.031508742,70-H-0_healthy_belt_400rpm,research
8629,0.023319793,0.002397258,70-H-0_healthy_belt_400rpm,research
8630,-0.085742207,0.020522258,70-H-0_healthy_belt_400rpm,research
8631,0.039257793,0.010991258,70-H-0_healthy_belt_400rpm,research
8632,0.057069792999999994,-0.007915742,70-H-0_healthy_belt_400rpm,research
8633,-0.025117207000000003,-0.009946742,70-H-0_healthy_belt_400rpm,research
8634,0.009881792999999996,0.009116258,70-H-0_healthy_belt_400rpm,research
8635,0.001756792999999996,-0.029165742,70-H-0_healthy_belt_400rpm,research
8636,-0.025117207000000003,0.047709258,70-H-0_healthy_belt_400rpm,research
8637,-0.011055207000000003,-0.010258742,70-H-0_healthy_belt_400rpm,research
8638,-0.025743207000000004,-0.029946742,70-H-0_healthy_belt_400rpm,research
8639,-0.004805207000000002,0.011303258,70-H-0_healthy_belt_400rpm,research
8640,0.036131792999999995,0.008491258,70-H-0_healthy_belt_400rpm,research
8641,0.014257792999999998,-0.013383742,70-H-0_healthy_belt_400rpm,research
8642,-0.048868207000000004,0.017241258,70-H-0_healthy_belt_400rpm,research
8643,0.014569792999999998,-0.008696742,70-H-0_healthy_belt_400rpm,research
8644,0.008319792999999995,-0.048227742,70-H-0_healthy_belt_400rpm,research
8645,-0.023243207000000002,0.024116258,70-H-0_healthy_belt_400rpm,research
8646,-0.003555207000000003,-0.003696742,70-H-0_healthy_belt_400rpm,research
8647,0.032069793,-0.004633742,70-H-0_healthy_belt_400rpm,research
8648,0.029256792999999996,-0.008852742,70-H-0_healthy_belt_400rpm,research
8649,-0.022305207000000004,-0.025571742,70-H-0_healthy_belt_400rpm,research
8650,-0.011055207000000003,-0.008227742,70-H-0_healthy_belt_400rpm,research
8651,0.050819793,0.011147258,70-H-0_healthy_belt_400rpm,research
8652,-0.013555207000000003,0.012866257999999998,70-H-0_healthy_belt_400rpm,research
8653,-0.015430207000000003,0.023335258,70-H-0_healthy_belt_400rpm,research
8654,-0.026368207000000005,0.011147258,70-H-0_healthy_belt_400rpm,research
8655,0.023319793,-0.026508742,70-H-0_healthy_belt_400rpm,research
8656,0.040194793,-0.005571741999999999,70-H-0_healthy_belt_400rpm,research
8657,-0.028555207000000003,0.005053258,70-H-0_healthy_belt_400rpm,research
8658,-0.07230520700000001,0.043178258,70-H-0_healthy_belt_400rpm,research
8659,0.006444792999999997,0.013022258000000002,70-H-0_healthy_belt_400rpm,research
8660,-0.006680207000000002,-0.039946742,70-H-0_healthy_belt_400rpm,research
8661,-0.031680207,0.054272258,70-H-0_healthy_belt_400rpm,research
8662,-0.017618207000000004,-0.008071742,70-H-0_healthy_belt_400rpm,research
8663,0.017694793,0.048803258,70-H-0_healthy_belt_400rpm,research
8664,-0.017305207000000003,0.047709258,70-H-0_healthy_belt_400rpm,research
8665,-0.027305207000000005,0.0034912580000000006,70-H-0_healthy_belt_400rpm,research
8666,-0.052618207,0.006772258,70-H-0_healthy_belt_400rpm,research
8667,0.005506792999999996,0.005678258,70-H-0_healthy_belt_400rpm,research
8668,0.033007792999999994,0.035053258,70-H-0_healthy_belt_400rpm,research
8669,0.009881792999999996,-0.007915742,70-H-0_healthy_belt_400rpm,research
8670,0.016444793,-0.006665742,70-H-0_healthy_belt_400rpm,research
8671,0.000507792999999996,0.010053258,70-H-0_healthy_belt_400rpm,research
8672,-0.04699220700000001,-0.019008742000000002,70-H-0_healthy_belt_400rpm,research
8673,0.00019479299999999866,-0.027758742,70-H-0_healthy_belt_400rpm,research
8674,0.0008197929999999957,-0.009789742,70-H-0_healthy_belt_400rpm,research
8675,-0.11855520700000001,-0.009321742000000001,70-H-0_healthy_belt_400rpm,research
8676,0.012069792999999995,0.018647258,70-H-0_healthy_belt_400rpm,research
8677,0.016132793,0.043491258,70-H-0_healthy_belt_400rpm,research
8678,-0.006992207000000004,0.003022258,70-H-0_healthy_belt_400rpm,research
8679,0.05456979299999999,0.0022412580000000003,70-H-0_healthy_belt_400rpm,research
8680,0.011757792999999996,-0.001508742,70-H-0_healthy_belt_400rpm,research
8681,-0.035118207,0.033803258,70-H-0_healthy_belt_400rpm,research
8682,-0.005117207000000004,0.013178258000000002,70-H-0_healthy_belt_400rpm,research
8683,0.049881792999999994,0.012241258000000001,70-H-0_healthy_belt_400rpm,research
8684,0.041757792999999994,-0.043227742,70-H-0_healthy_belt_400rpm,research
8685,0.000507792999999996,-0.020883742,70-H-0_healthy_belt_400rpm,research
8686,-0.029180207000000003,0.006616258,70-H-0_healthy_belt_400rpm,research
8687,-0.0004302070000000019,-0.028383742,70-H-0_healthy_belt_400rpm,research
8688,-0.023867207,-0.00010274199999999942,70-H-0_healthy_belt_400rpm,research
8689,0.031757793,-0.041664742,70-H-0_healthy_belt_400rpm,research
8690,-0.0010552070000000024,-0.035883742,70-H-0_healthy_belt_400rpm,research
8691,0.003007792999999998,0.026147258,70-H-0_healthy_belt_400rpm,research
8692,0.012381792999999999,-0.021977742,70-H-0_healthy_belt_400rpm,research
8693,0.004256792999999998,-0.034789742,70-H-0_healthy_belt_400rpm,research
8694,-0.057930207000000004,0.013491257999999999,70-H-0_healthy_belt_400rpm,research
8695,0.027381792999999995,0.039741258,70-H-0_healthy_belt_400rpm,research
8696,0.052069793,-0.036352742,70-H-0_healthy_belt_400rpm,research
8697,0.009569792999999997,-0.004633742,70-H-0_healthy_belt_400rpm,research
8698,-0.019493207000000002,-0.00010274199999999942,70-H-0_healthy_belt_400rpm,research
8699,0.005194792999999996,-0.051352742,70-H-0_healthy_belt_400rpm,research
8700,0.022382792999999998,-0.050571742,70-H-0_healthy_belt_400rpm,research
8701,0.0036327929999999953,-0.045415742,70-H-0_healthy_belt_400rpm,research
8702,0.003007792999999998,-0.016508742,70-H-0_healthy_belt_400rpm,research
8703,-0.042618207000000005,0.0039602579999999995,70-H-0_healthy_belt_400rpm,research
8704,0.024882793,0.019741258,70-H-0_healthy_belt_400rpm,research
8705,0.025819792999999994,-0.009789742,70-H-0_healthy_belt_400rpm,research
8706,0.019569792999999995,-0.028852742,70-H-0_healthy_belt_400rpm,research
8707,-0.009493207000000004,0.0038032580000000003,70-H-0_healthy_belt_400rpm,research
8708,0.028944792999999996,-0.012758742,70-H-0_healthy_belt_400rpm,research
8709,-0.020743207000000003,-0.017602741999999998,70-H-0_healthy_belt_400rpm,research
8710,0.001756792999999996,0.036928258,70-H-0_healthy_belt_400rpm,research
8711,-0.012305207000000002,0.010366258,70-H-0_healthy_belt_400rpm,research
8712,0.062069793,-0.021508742,70-H-0_healthy_belt_400rpm,research
8713,0.039257793,0.008491258,70-H-0_healthy_belt_400rpm,research
8714,-0.023555207,-0.048071742,70-H-0_healthy_belt_400rpm,research
8715,-0.013867207000000003,0.000834258,70-H-0_healthy_belt_400rpm,research
8716,0.05581979299999999,-0.048227742,70-H-0_healthy_belt_400rpm,research
8717,-0.0007422070000000017,-0.018383742,70-H-0_healthy_belt_400rpm,research
8718,-0.032617207,0.004428258000000001,70-H-0_healthy_belt_400rpm,research
8719,-0.016055207000000002,-0.009321742000000001,70-H-0_healthy_belt_400rpm,research
8720,-0.042930207,0.0031782579999999998,70-H-0_healthy_belt_400rpm,research
8721,-0.001680207000000003,-0.002602742,70-H-0_healthy_belt_400rpm,research
8722,-0.033243207000000004,0.048803258,70-H-0_healthy_belt_400rpm,research
8723,0.003007792999999998,-0.021352742,70-H-0_healthy_belt_400rpm,research
8724,0.021756792999999996,-0.045571742,70-H-0_healthy_belt_400rpm,research
8725,0.026757792999999995,0.037553258,70-H-0_healthy_belt_400rpm,research
8726,-0.004492207000000003,0.013959257999999999,70-H-0_healthy_belt_400rpm,research
8727,-0.04699220700000001,-0.030571742,70-H-0_healthy_belt_400rpm,research
8728,-0.060430207,5.325800000000047e-05,70-H-0_healthy_belt_400rpm,research
8729,0.052694793000000004,-0.051039742,70-H-0_healthy_belt_400rpm,research
8730,0.021756792999999996,0.052241258,70-H-0_healthy_belt_400rpm,research
8731,-0.025430207000000003,0.053178258,70-H-0_healthy_belt_400rpm,research
8732,-0.03793020700000001,-0.009165742000000001,70-H-0_healthy_belt_400rpm,research
8733,-0.114492207,0.004272258000000001,70-H-0_healthy_belt_400rpm,research
8734,0.006757792999999998,0.0033342580000000005,70-H-0_healthy_belt_400rpm,research
8735,-0.011367207000000004,-0.026352742,70-H-0_healthy_belt_400rpm,research
8736,-0.016992207000000002,0.014897258,70-H-0_healthy_belt_400rpm,research
8737,0.036756792999999996,0.011460258000000001,70-H-0_healthy_belt_400rpm,research
8738,0.027381792999999995,-0.040102742,70-H-0_healthy_belt_400rpm,research
8739,-0.036367207,0.038491258,70-H-0_healthy_belt_400rpm,research
8740,-0.015430207000000003,0.009585258000000001,70-H-0_healthy_belt_400rpm,research
8741,0.007069792999999998,-0.004321742,70-H-0_healthy_belt_400rpm,research
8742,0.021131792999999996,-0.007289742,70-H-0_healthy_belt_400rpm,research
8743,-0.021055207000000003,0.015522258,70-H-0_healthy_belt_400rpm,research
8744,-0.010430207000000004,0.020678258,70-H-0_healthy_belt_400rpm,research
8745,0.025194793,-0.004008742,70-H-0_healthy_belt_400rpm,research
8746,0.016757793,-0.038540742,70-H-0_healthy_belt_400rpm,research
8747,-0.018555207000000004,0.040522258,70-H-0_healthy_belt_400rpm,research
8748,-0.029180207000000003,0.002866258,70-H-0_healthy_belt_400rpm,research
8749,-0.009805207000000003,-0.036821742,70-H-0_healthy_belt_400rpm,research
8750,0.025194793,-0.016196742,70-H-0_healthy_belt_400rpm,research
8751,-0.017305207000000003,0.031147257999999997,70-H-0_healthy_belt_400rpm,research
8752,0.0014447929999999963,-0.0019777419999999998,70-H-0_healthy_belt_400rpm,research
8753,-0.012930207000000003,-0.034321742,70-H-0_healthy_belt_400rpm,research
8754,-0.007930207000000003,0.011460258000000001,70-H-0_healthy_belt_400rpm,research
8755,-0.041368207000000004,0.031459258,70-H-0_healthy_belt_400rpm,research
8756,-0.013867207000000003,-0.020102742,70-H-0_healthy_belt_400rpm,research
8757,0.035506792999999995,-0.018696742000000002,70-H-0_healthy_belt_400rpm,research
8758,0.016132793,-0.023539742,70-H-0_healthy_belt_400rpm,research
8759,0.0008197929999999957,-0.0005717419999999996,70-H-0_healthy_belt_400rpm,research
8760,-0.052618207,0.033647258,70-H-0_healthy_belt_400rpm,research
8761,-0.004492207000000003,-0.009946742,70-H-0_healthy_belt_400rpm,research
8762,-0.027930207000000006,-0.023539742,70-H-0_healthy_belt_400rpm,research
8763,0.018007792999999994,0.003022258,70-H-0_healthy_belt_400rpm,research
8764,-0.014493207000000003,0.08599125799999999,70-H-0_healthy_belt_400rpm,research
8765,0.024257793,-0.011821742,70-H-0_healthy_belt_400rpm,research
8766,-0.015430207000000003,0.056459258,70-H-0_healthy_belt_400rpm,research
8767,0.035506792999999995,0.057397258,70-H-0_healthy_belt_400rpm,research
8768,-0.024180207000000002,-0.020883742,70-H-0_healthy_belt_400rpm,research
8769,-0.015430207000000003,-0.054165742,70-H-0_healthy_belt_400rpm,research
8770,-0.021680207000000003,0.019272258,70-H-0_healthy_belt_400rpm,research
8771,0.050819793,0.009116258,70-H-0_healthy_belt_400rpm,research
8772,0.023007793,-0.039946742,70-H-0_healthy_belt_400rpm,research
8773,0.017382792999999994,5.325800000000047e-05,70-H-0_healthy_belt_400rpm,research
8774,-0.040430207,-0.009008742,70-H-0_healthy_belt_400rpm,research
8775,0.073007793,0.016616258000000002,70-H-0_healthy_belt_400rpm,research
8776,-0.094180207,0.024897258,70-H-0_healthy_belt_400rpm,research
8777,-0.023243207000000002,-0.0002587420000000002,70-H-0_healthy_belt_400rpm,research
8778,0.011757792999999996,0.016303258,70-H-0_healthy_belt_400rpm,research
8779,0.021131792999999996,0.010834258,70-H-0_healthy_belt_400rpm,research
8780,-0.0029302070000000024,0.012241258000000001,70-H-0_healthy_belt_400rpm,research
8781,0.038319793,-0.0021337419999999997,70-H-0_healthy_belt_400rpm,research
8782,0.066756793,-0.023227742,70-H-0_healthy_belt_400rpm,research
8783,-0.018555207000000004,0.024272258,70-H-0_healthy_belt_400rpm,research
8784,-0.056367207,0.0013032579999999998,70-H-0_healthy_belt_400rpm,research
8785,0.035506792999999995,-0.006508742,70-H-0_healthy_belt_400rpm,research
8786,0.021444792999999997,0.007710257999999999,70-H-0_healthy_belt_400rpm,research
8787,-0.008867207000000004,-0.037602742,70-H-0_healthy_belt_400rpm,research
8788,-0.028242207000000005,0.000991258,70-H-0_healthy_belt_400rpm,research
8789,0.004256792999999998,0.040991258,70-H-0_healthy_belt_400rpm,research
8790,-0.0010552070000000024,-0.016039742,70-H-0_healthy_belt_400rpm,research
8791,0.021444792999999997,-0.022446742,70-H-0_healthy_belt_400rpm,research
8792,-0.010743207000000003,-0.005571741999999999,70-H-0_healthy_belt_400rpm,research
8793,-0.031992207,-0.013071741999999999,70-H-0_healthy_belt_400rpm,research
8794,-0.013867207000000003,-0.009321742000000001,70-H-0_healthy_belt_400rpm,research
8795,-0.012618207000000003,0.0034912580000000006,70-H-0_healthy_belt_400rpm,research
8796,-0.035118207,0.054116258,70-H-0_healthy_belt_400rpm,research
8797,0.068006793,-0.087446742,70-H-0_healthy_belt_400rpm,research
8798,0.006444792999999997,0.017241258,70-H-0_healthy_belt_400rpm,research
8799,-0.018555207000000004,0.020678258,70-H-0_healthy_belt_400rpm,research
8800,-0.036993207,-0.025102742,70-H-0_healthy_belt_400rpm,research
8801,-0.035118207,0.012553258000000001,70-H-0_healthy_belt_400rpm,research
8802,0.069257793,-0.007758742,70-H-0_healthy_belt_400rpm,research
8803,0.012381792999999999,-0.025727742,70-H-0_healthy_belt_400rpm,research
8804,-0.011992207000000003,0.023022258,70-H-0_healthy_belt_400rpm,research
8805,0.002069792999999997,-0.013383742,70-H-0_healthy_belt_400rpm,research
8806,-0.019805207000000002,0.0039602579999999995,70-H-0_healthy_belt_400rpm,research
8807,-0.03730520700000001,0.034428258,70-H-0_healthy_belt_400rpm,research
8808,0.051131792999999995,-0.014946741999999999,70-H-0_healthy_belt_400rpm,research
8809,-0.006055207000000003,0.040678258,70-H-0_healthy_belt_400rpm,research
8810,-0.005743207000000004,0.058335257999999994,70-H-0_healthy_belt_400rpm,research
8811,0.103944793,-0.003383742,70-H-0_healthy_belt_400rpm,research
8812,-0.0041802070000000035,0.0034912580000000006,70-H-0_healthy_belt_400rpm,research
8813,-0.0007422070000000017,0.015678258,70-H-0_healthy_belt_400rpm,research
8814,0.042694792999999995,-0.016821742,70-H-0_healthy_belt_400rpm,research
8815,-0.015430207000000003,-0.027133742,70-H-0_healthy_belt_400rpm,research
8816,0.022382792999999998,-0.002758742,70-H-0_healthy_belt_400rpm,research
8817,0.029256792999999996,-0.004008742,70-H-0_healthy_belt_400rpm,research
8818,0.032382793,-0.026352742,70-H-0_healthy_belt_400rpm,research
8819,-0.003555207000000003,0.010366258,70-H-0_healthy_belt_400rpm,research
8820,-0.053242207,0.010210258,70-H-0_healthy_belt_400rpm,research
8821,-0.052618207,-0.010415741999999999,70-H-0_healthy_belt_400rpm,research
8822,0.000507792999999996,0.008022258,70-H-0_healthy_belt_400rpm,research
8823,0.007069792999999998,-0.010415741999999999,70-H-0_healthy_belt_400rpm,research
8824,0.036756792999999996,-0.020883742,70-H-0_healthy_belt_400rpm,research
8825,-0.027930207000000006,0.09021025799999999,70-H-0_healthy_belt_400rpm,research
8826,0.010507792999999998,-0.033383742,70-H-0_healthy_belt_400rpm,research
8827,0.049881792999999994,0.006616258,70-H-0_healthy_belt_400rpm,research
8828,-0.026992207000000004,0.004741258,70-H-0_healthy_belt_400rpm,research
8829,-0.070430207,0.024741258,70-H-0_healthy_belt_400rpm,research
8830,0.04613279299999999,-0.105102742,70-H-0_healthy_belt_400rpm,research
8831,0.027381792999999995,-0.047602741999999997,70-H-0_healthy_belt_400rpm,research
8832,0.041444792999999994,0.054428258,70-H-0_healthy_belt_400rpm,research
8833,-0.027930207000000006,0.029116258,70-H-0_healthy_belt_400rpm,research
8834,-0.025743207000000004,0.021303258,70-H-0_healthy_belt_400rpm,research
8835,0.079569793,-0.054165742,70-H-0_healthy_belt_400rpm,research
8836,-0.006680207000000002,0.007553258,70-H-0_healthy_belt_400rpm,research
8837,-0.071680207,0.039897258,70-H-0_healthy_belt_400rpm,research
8838,-0.033243207000000004,-0.004321742,70-H-0_healthy_belt_400rpm,research
8839,0.059569792999999996,0.033959258,70-H-0_healthy_belt_400rpm,research
8840,-0.003242207000000002,0.017397258,70-H-0_healthy_belt_400rpm,research
8841,0.041444792999999994,-0.023696742,70-H-0_healthy_belt_400rpm,research
8842,0.023632793,0.020835258,70-H-0_healthy_belt_400rpm,research
8843,0.020506792999999995,-0.034321742,70-H-0_healthy_belt_400rpm,research
8844,-0.029493207,0.0003662580000000004,70-H-0_healthy_belt_400rpm,research
8845,-0.024180207000000002,-0.030727742,70-H-0_healthy_belt_400rpm,research
8846,-0.018867207000000004,-0.023539742,70-H-0_healthy_belt_400rpm,research
8847,0.04550779299999999,-0.014946741999999999,70-H-0_healthy_belt_400rpm,research
8848,0.010819792999999998,0.024428258,70-H-0_healthy_belt_400rpm,research
8849,-0.070117207,0.0016162579999999998,70-H-0_healthy_belt_400rpm,research
8850,0.018007792999999994,-0.017758742,70-H-0_healthy_belt_400rpm,research
8851,0.050506792999999994,0.015210258,70-H-0_healthy_belt_400rpm,research
8852,0.004881792999999995,0.015522258,70-H-0_healthy_belt_400rpm,research
8853,0.009569792999999997,0.011616258,70-H-0_healthy_belt_400rpm,research
8854,-0.007305207000000003,-0.017446742,70-H-0_healthy_belt_400rpm,research
8855,0.056757793,0.002397258,70-H-0_healthy_belt_400rpm,research
8856,-0.018555207000000004,0.018178258,70-H-0_healthy_belt_400rpm,research
8857,-0.029805207000000004,0.045678258,70-H-0_healthy_belt_400rpm,research
8858,-0.010117207000000003,-0.006977742,70-H-0_healthy_belt_400rpm,research
8859,-0.005430207000000003,-0.030571742,70-H-0_healthy_belt_400rpm,research
8860,-0.036055207000000006,0.022241258,70-H-0_healthy_belt_400rpm,research
8861,0.021756792999999996,0.000834258,70-H-0_healthy_belt_400rpm,research
8862,0.005506792999999996,-0.005571741999999999,70-H-0_healthy_belt_400rpm,research
8863,0.038007793,-0.039008742,70-H-0_healthy_belt_400rpm,research
8864,-0.019180207000000005,0.025522258,70-H-0_healthy_belt_400rpm,research
8865,-0.044492207000000006,-0.012133742,70-H-0_healthy_belt_400rpm,research
8866,-0.050118207000000005,0.032397258,70-H-0_healthy_belt_400rpm,research
8867,0.015819793,-0.027133742,70-H-0_healthy_belt_400rpm,research
8868,0.025819792999999994,0.0020852580000000004,70-H-0_healthy_belt_400rpm,research
8869,-0.005117207000000004,0.035678258,70-H-0_healthy_belt_400rpm,research
8870,0.018631792999999994,0.033334258,70-H-0_healthy_belt_400rpm,research
8871,0.023007793,0.046928258,70-H-0_healthy_belt_400rpm,research
8872,0.009881792999999996,0.017709258,70-H-0_healthy_belt_400rpm,research
8873,0.009256792999999996,0.028335258000000002,70-H-0_healthy_belt_400rpm,research
8874,-0.054492207,-0.008227742,70-H-0_healthy_belt_400rpm,research
8875,-0.020743207000000003,0.040678258,70-H-0_healthy_belt_400rpm,research
8876,0.027381792999999995,-0.006040742,70-H-0_healthy_belt_400rpm,research
8877,-0.014805207000000003,-0.035727742,70-H-0_healthy_belt_400rpm,research
8878,-0.007618207000000004,-0.015258742,70-H-0_healthy_belt_400rpm,research
8879,0.016444793,0.010834258,70-H-0_healthy_belt_400rpm,research
8880,0.004256792999999998,-0.008696742,70-H-0_healthy_belt_400rpm,research
8881,-0.015430207000000003,-0.018227741999999998,70-H-0_healthy_belt_400rpm,research
8882,-0.020430207000000002,0.018334258,70-H-0_healthy_belt_400rpm,research
8883,0.075507793,0.005678258,70-H-0_healthy_belt_400rpm,research
8884,0.027694792999999995,-0.029008742,70-H-0_healthy_belt_400rpm,research
8885,-0.03793020700000001,0.021460258,70-H-0_healthy_belt_400rpm,research
8886,0.041757792999999994,0.020522258,70-H-0_healthy_belt_400rpm,research
8887,0.025819792999999994,-0.021665741999999998,70-H-0_healthy_belt_400rpm,research
8888,0.010507792999999998,-0.020415742,70-H-0_healthy_belt_400rpm,research
8889,-0.051055207000000005,0.019116258,70-H-0_healthy_belt_400rpm,research
8890,0.039257793,0.022084258,70-H-0_healthy_belt_400rpm,research
8891,0.015194792999999998,0.007397258,70-H-0_healthy_belt_400rpm,research
8892,-0.0010552070000000024,-0.030258741999999998,70-H-0_healthy_belt_400rpm,research
8893,-0.012618207000000003,0.0006782580000000002,70-H-0_healthy_belt_400rpm,research
8894,-0.004805207000000002,-0.028696742,70-H-0_healthy_belt_400rpm,research
8895,0.026757792999999995,-0.047290742,70-H-0_healthy_belt_400rpm,research
8896,0.029256792999999996,-0.020415742,70-H-0_healthy_belt_400rpm,research
8897,-0.017618207000000004,0.034741258,70-H-0_healthy_belt_400rpm,research
8898,-0.024805207000000003,0.037866258,70-H-0_healthy_belt_400rpm,research
8899,0.051131792999999995,-0.028540742,70-H-0_healthy_belt_400rpm,research
8900,0.064881793,-0.059321742,70-H-0_healthy_belt_400rpm,research
8901,-0.021992207000000003,-0.012602742,70-H-0_healthy_belt_400rpm,research
8902,0.0036327929999999953,-0.001665742,70-H-0_healthy_belt_400rpm,research
8903,0.038632793,-0.014321742,70-H-0_healthy_belt_400rpm,research
8904,-0.009493207000000004,-0.015414742,70-H-0_healthy_belt_400rpm,research
8905,-0.06636820700000001,0.035053258,70-H-0_healthy_belt_400rpm,research
8906,0.0061317929999999965,-0.007602742,70-H-0_healthy_belt_400rpm,research
8907,0.038007793,0.002866258,70-H-0_healthy_belt_400rpm,research
8908,-0.016055207000000002,0.028178257999999998,70-H-0_healthy_belt_400rpm,research
8909,-0.012618207000000003,0.008022258,70-H-0_healthy_belt_400rpm,research
8910,0.007694792999999998,0.036147258,70-H-0_healthy_belt_400rpm,research
8911,-0.0038672070000000027,-0.074633742,70-H-0_healthy_belt_400rpm,research
8912,0.010194792999999997,-0.198852742,70-H-0_healthy_belt_400rpm,research
8913,0.05519479299999999,-0.0021337419999999997,70-H-0_healthy_belt_400rpm,research
8914,0.024257793,-0.00010274199999999942,70-H-0_healthy_belt_400rpm,research
8915,-0.018867207000000004,0.012241258000000001,70-H-0_healthy_belt_400rpm,research
8916,0.005819792999999997,-0.017290741999999998,70-H-0_healthy_belt_400rpm,research
8917,-0.004805207000000002,0.005835257999999999,70-H-0_healthy_belt_400rpm,research
8918,-0.023243207000000002,0.010991258,70-H-0_healthy_belt_400rpm,research
8919,0.028319792999999996,0.006303258000000001,70-H-0_healthy_belt_400rpm,research
8920,-0.0038672070000000027,-0.020571742,70-H-0_healthy_belt_400rpm,research
8921,-0.035743207,-0.057914742,70-H-0_healthy_belt_400rpm,research
8922,0.011757792999999996,0.0036472580000000004,70-H-0_healthy_belt_400rpm,research
8923,0.019569792999999995,-0.064321742,70-H-0_healthy_belt_400rpm,research
8924,-0.035118207,0.0013032579999999998,70-H-0_healthy_belt_400rpm,research
8925,-0.008555207000000002,0.024272258,70-H-0_healthy_belt_400rpm,research
8926,-0.016992207000000002,-0.021665741999999998,70-H-0_healthy_belt_400rpm,research
8927,-0.040742207,0.005209258,70-H-0_healthy_belt_400rpm,research
8928,0.043007792999999996,0.005835257999999999,70-H-0_healthy_belt_400rpm,research
8929,-0.027305207000000005,-0.044321742,70-H-0_healthy_belt_400rpm,research
8930,-0.033868207000000004,0.034584258,70-H-0_healthy_belt_400rpm,research
8931,-0.012305207000000002,-0.036508742,70-H-0_healthy_belt_400rpm,research
8932,-0.033555207000000004,0.06395925799999999,70-H-0_healthy_belt_400rpm,research
8933,0.038007793,0.048803258,70-H-0_healthy_belt_400rpm,research
8934,-0.009180207000000003,0.045991258,70-H-0_healthy_belt_400rpm,research
8935,0.040194793,-0.0011967419999999998,70-H-0_healthy_belt_400rpm,research
8936,0.058007793,-0.019789742,70-H-0_healthy_belt_400rpm,research
8937,-0.00011720700000000459,0.029272258000000002,70-H-0_healthy_belt_400rpm,research
8938,-0.023555207,0.026303258,70-H-0_healthy_belt_400rpm,research
8939,0.009881792999999996,0.017553258,70-H-0_healthy_belt_400rpm,research
8940,-0.018867207000000004,-0.001508742,70-H-0_healthy_belt_400rpm,research
8941,0.014257792999999998,-0.012133742,70-H-0_healthy_belt_400rpm,research
8942,0.042694792999999995,0.018959258,70-H-0_healthy_belt_400rpm,research
8943,0.030507793,-0.00041474200000000006,70-H-0_healthy_belt_400rpm,research
8944,0.003319792999999998,-0.0010397419999999997,70-H-0_healthy_belt_400rpm,research
8945,-0.025430207000000003,0.024428258,70-H-0_healthy_belt_400rpm,research
8946,0.005819792999999997,-0.002758742,70-H-0_healthy_belt_400rpm,research
8947,0.010194792999999997,0.047085258,70-H-0_healthy_belt_400rpm,research
8948,-0.012618207000000003,-0.031508742,70-H-0_healthy_belt_400rpm,research
8949,0.059569792999999996,0.011303258,70-H-0_healthy_belt_400rpm,research
8950,-0.044180207,0.08052225800000001,70-H-0_healthy_belt_400rpm,research
8951,-0.031055207,-0.012446742,70-H-0_healthy_belt_400rpm,research
8952,0.07144479299999999,-0.033852742,70-H-0_healthy_belt_400rpm,research
8953,0.022694792999999998,-0.011040742,70-H-0_healthy_belt_400rpm,research
8954,0.029882792999999998,0.028178257999999998,70-H-0_healthy_belt_400rpm,research
8955,-0.020117207,0.025210258,70-H-0_healthy_belt_400rpm,research
8956,-0.004805207000000002,-0.027602742,70-H-0_healthy_belt_400rpm,research
8957,-0.012618207000000003,0.006772258,70-H-0_healthy_belt_400rpm,research
8958,0.035506792999999995,0.041928258,70-H-0_healthy_belt_400rpm,research
8959,-0.023243207000000002,0.008647258,70-H-0_healthy_belt_400rpm,research
8960,-0.035118207,0.0038032580000000003,70-H-0_healthy_belt_400rpm,research
8961,0.06894479299999999,0.007866258000000001,70-H-0_healthy_belt_400rpm,research
8962,0.002069792999999997,0.026928258000000004,70-H-0_healthy_belt_400rpm,research
8963,0.0008197929999999957,0.000991258,70-H-0_healthy_belt_400rpm,research
8964,0.017382792999999994,0.0017722580000000005,70-H-0_healthy_belt_400rpm,research
8965,0.022069792999999997,-0.015258742,70-H-0_healthy_belt_400rpm,research
8966,-0.014180207000000004,-0.07478974199999999,70-H-0_healthy_belt_400rpm,research
8967,-0.072930207,0.017397258,70-H-0_healthy_belt_400rpm,research
8968,0.027069792999999995,-0.09229074200000001,70-H-0_healthy_belt_400rpm,research
8969,-0.016680207000000002,-0.026196742,70-H-0_healthy_belt_400rpm,research
8970,0.026757792999999995,-0.035727742,70-H-0_healthy_belt_400rpm,research
8971,-0.03855520700000001,0.013803257999999999,70-H-0_healthy_belt_400rpm,research
8972,-0.082305207,-0.024946742,70-H-0_healthy_belt_400rpm,research
8973,0.029882792999999998,-0.016665741999999997,70-H-0_healthy_belt_400rpm,research
8974,-0.0010552070000000024,-0.006196742,70-H-0_healthy_belt_400rpm,research
8975,-0.041055207,0.023803258,70-H-0_healthy_belt_400rpm,research
8976,0.017382792999999994,0.032084258,70-H-0_healthy_belt_400rpm,research
8977,-0.03730520700000001,0.023335258,70-H-0_healthy_belt_400rpm,research
8978,-0.010117207000000003,0.027553257999999997,70-H-0_healthy_belt_400rpm,research
8979,-0.007930207000000003,0.0016162579999999998,70-H-0_healthy_belt_400rpm,research
8980,0.013631792999999996,-0.005414742,70-H-0_healthy_belt_400rpm,research
8981,0.045194793,0.019741258,70-H-0_healthy_belt_400rpm,research
8982,-0.018242207000000003,0.010522258,70-H-0_healthy_belt_400rpm,research
8983,-0.04574320700000001,0.008335258,70-H-0_healthy_belt_400rpm,research
8984,0.007382792999999999,-0.007133742,70-H-0_healthy_belt_400rpm,research
8985,0.028631792999999996,0.019428258,70-H-0_healthy_belt_400rpm,research
8986,-0.026055207000000004,-0.018383742,70-H-0_healthy_belt_400rpm,research
8987,-0.041680207000000004,0.028022258,70-H-0_healthy_belt_400rpm,research
8988,0.008944792999999996,-0.019477742,70-H-0_healthy_belt_400rpm,research
8989,0.031757793,-0.014321742,70-H-0_healthy_belt_400rpm,research
8990,-0.029180207000000003,0.007866258000000001,70-H-0_healthy_belt_400rpm,research
8991,-0.032617207,0.0020852580000000004,70-H-0_healthy_belt_400rpm,research
8992,0.012694792999999996,-0.018852742,70-H-0_healthy_belt_400rpm,research
8993,-0.013242207000000002,0.041616258,70-H-0_healthy_belt_400rpm,research
8994,-0.021368207000000004,-0.028227742,70-H-0_healthy_belt_400rpm,research
8995,-0.050118207000000005,0.026616258,70-H-0_healthy_belt_400rpm,research
8996,0.116444793,0.015366258,70-H-0_healthy_belt_400rpm,research
8997,0.018631792999999994,0.0003662580000000004,70-H-0_healthy_belt_400rpm,research
8998,-0.010743207000000003,0.006772258,70-H-0_healthy_belt_400rpm,research
8999,-0.031680207,0.0017722580000000005,70-H-0_healthy_belt_400rpm,research
9000,-0.014493207000000003,-0.023696742,70-H-0_healthy_belt_400rpm,research
9001,0.021756792999999996,-0.031352742,70-H-0_healthy_belt_400rpm,research
9002,0.0011327929999999965,0.054116258,70-H-0_healthy_belt_400rpm,research
9003,-0.081992207,0.041616258,70-H-0_healthy_belt_400rpm,research
9004,0.027069792999999995,-0.049789742,70-H-0_healthy_belt_400rpm,research
9005,-0.027305207000000005,0.006928258,70-H-0_healthy_belt_400rpm,research
9006,-0.014493207000000003,0.007241258,70-H-0_healthy_belt_400rpm,research
9007,0.036444792999999996,-0.013696742,70-H-0_healthy_belt_400rpm,research
9008,-0.014805207000000003,-0.005414742,70-H-0_healthy_belt_400rpm,research
9009,0.028944792999999996,-0.026352742,70-H-0_healthy_belt_400rpm,research
9010,-0.047305207,0.024272258,70-H-0_healthy_belt_400rpm,research
9011,-0.026680207000000004,0.0002102580000000005,70-H-0_healthy_belt_400rpm,research
9012,0.014257792999999998,-0.009165742000000001,70-H-0_healthy_belt_400rpm,research
9013,0.027694792999999995,-0.004165742,70-H-0_healthy_belt_400rpm,research
9014,-0.055742207,-0.048227742,70-H-0_healthy_belt_400rpm,research
9015,0.008319792999999995,0.024428258,70-H-0_healthy_belt_400rpm,research
9016,-0.029805207000000004,-0.011040742,70-H-0_healthy_belt_400rpm,research
9017,-0.016055207000000002,0.0017722580000000005,70-H-0_healthy_belt_400rpm,research
9018,0.026444792999999994,-0.035102742,70-H-0_healthy_belt_400rpm,research
9019,-0.0023052070000000036,0.007710257999999999,70-H-0_healthy_belt_400rpm,research
9020,-0.015743207000000002,-0.006665742,70-H-0_healthy_belt_400rpm,research
9021,0.003319792999999998,0.037553258,70-H-0_healthy_belt_400rpm,research
9022,0.0026947929999999974,0.009272258,70-H-0_healthy_belt_400rpm,research
9023,-0.020117207,-0.041352742,70-H-0_healthy_belt_400rpm,research
9024,0.064569793,-0.024477742,70-H-0_healthy_belt_400rpm,research
9025,-0.017305207000000003,-0.006665742,70-H-0_healthy_belt_400rpm,research
9026,-0.03730520700000001,-0.016508742,70-H-0_healthy_belt_400rpm,research
9027,-0.006992207000000004,0.021147258,70-H-0_healthy_belt_400rpm,research
9028,-0.029805207000000004,0.009116258,70-H-0_healthy_belt_400rpm,research
9029,0.013944792999999997,0.0020852580000000004,70-H-0_healthy_belt_400rpm,research
9030,0.049569793,-0.013071741999999999,70-H-0_healthy_belt_400rpm,research
9031,-0.031055207,0.032397258,70-H-0_healthy_belt_400rpm,research
9032,0.019881792999999995,0.005991257999999999,70-H-0_healthy_belt_400rpm,research
9033,0.008632792999999996,-0.026352742,70-H-0_healthy_belt_400rpm,research
9034,0.012069792999999995,-0.004477742,70-H-0_healthy_belt_400rpm,research
9035,-0.010743207000000003,0.0053662580000000005,70-H-0_healthy_belt_400rpm,research
9036,-0.0019932070000000038,-0.018540742,70-H-0_healthy_belt_400rpm,research
9037,0.06050779299999999,-0.031196742,70-H-0_healthy_belt_400rpm,research
9038,-0.035118207,0.040053258,70-H-0_healthy_belt_400rpm,research
9039,-0.018242207000000003,-0.021508742,70-H-0_healthy_belt_400rpm,research
9040,0.047694793,-0.032290742,70-H-0_healthy_belt_400rpm,research
9041,0.008632792999999996,0.035210258,70-H-0_healthy_belt_400rpm,research
9042,-0.036680207000000006,0.030366258,70-H-0_healthy_belt_400rpm,research
9043,-0.033868207000000004,-0.038852742,70-H-0_healthy_belt_400rpm,research
9044,0.014882792999999998,0.003022258,70-H-0_healthy_belt_400rpm,research
9045,-0.0019932070000000038,0.027241257999999997,70-H-0_healthy_belt_400rpm,research
9046,-0.023243207000000002,-0.008696742,70-H-0_healthy_belt_400rpm,research
9047,0.019256792999999994,-0.0051027419999999995,70-H-0_healthy_belt_400rpm,research
9048,-0.022305207000000004,-0.011508741999999999,70-H-0_healthy_belt_400rpm,research
9049,0.047694793,-0.011508741999999999,70-H-0_healthy_belt_400rpm,research
9050,-0.00011720700000000459,0.019428258,70-H-0_healthy_belt_400rpm,research
9051,-0.040430207,0.021303258,70-H-0_healthy_belt_400rpm,research
9052,0.037694793,0.036772258,70-H-0_healthy_belt_400rpm,research
9053,0.021756792999999996,-0.024008742,70-H-0_healthy_belt_400rpm,research
9054,-0.121055207,0.036147258,70-H-0_healthy_belt_400rpm,research
9055,0.007382792999999999,0.0013032579999999998,70-H-0_healthy_belt_400rpm,research
9056,0.051756792999999995,0.012866257999999998,70-H-0_healthy_belt_400rpm,research
9057,0.038944793,0.008959258,70-H-0_healthy_belt_400rpm,research
9058,0.006444792999999997,-0.008383742,70-H-0_healthy_belt_400rpm,research
9059,-0.029805207000000004,0.005835257999999999,70-H-0_healthy_belt_400rpm,research
9060,0.012694792999999996,-0.025727742,70-H-0_healthy_belt_400rpm,research
9061,-0.011992207000000003,-0.008071742,70-H-0_healthy_belt_400rpm,research
9062,0.005194792999999996,0.015053258,70-H-0_healthy_belt_400rpm,research
9063,-0.014493207000000003,-0.051352742,70-H-0_healthy_belt_400rpm,research
9064,-0.030118207,0.003022258,70-H-0_healthy_belt_400rpm,research
9065,0.040507793,-0.002758742,70-H-0_healthy_belt_400rpm,research
9066,-0.010117207000000003,0.043803258,70-H-0_healthy_belt_400rpm,research
9067,-0.014493207000000003,0.002553258,70-H-0_healthy_belt_400rpm,research
9068,0.021131792999999996,-0.073071742,70-H-0_healthy_belt_400rpm,research
9069,0.005194792999999996,0.015991258,70-H-0_healthy_belt_400rpm,research
9070,-0.008867207000000004,0.032084258,70-H-0_healthy_belt_400rpm,research
9071,-0.018867207000000004,-0.020102742,70-H-0_healthy_belt_400rpm,research
9072,0.05519479299999999,-0.09463374199999999,70-H-0_healthy_belt_400rpm,research
9073,0.020819792999999996,-0.047915742,70-H-0_healthy_belt_400rpm,research
9074,0.021444792999999997,0.038491258,70-H-0_healthy_belt_400rpm,research
9075,-0.013555207000000003,-0.054790741999999996,70-H-0_healthy_belt_400rpm,research
9076,-0.026368207000000005,0.022553258,70-H-0_healthy_belt_400rpm,research
9077,0.04738179299999999,-0.028852742,70-H-0_healthy_belt_400rpm,research
9078,0.028631792999999996,-0.004321742,70-H-0_healthy_belt_400rpm,research
9079,-0.04574320700000001,0.033491258,70-H-0_healthy_belt_400rpm,research
9080,0.003007792999999998,0.015991258,70-H-0_healthy_belt_400rpm,research
9081,0.021131792999999996,0.004741258,70-H-0_healthy_belt_400rpm,research
9082,-0.023555207,-0.031039742,70-H-0_healthy_belt_400rpm,research
9083,-0.033555207000000004,0.049897258,70-H-0_healthy_belt_400rpm,research
9084,0.003007792999999998,0.0034912580000000006,70-H-0_healthy_belt_400rpm,research
9085,0.014882792999999998,-0.06650874200000001,70-H-0_healthy_belt_400rpm,research
9086,0.054882793,0.004272258000000001,70-H-0_healthy_belt_400rpm,research
9087,0.006757792999999998,0.043178258,70-H-0_healthy_belt_400rpm,research
9088,-0.043555207,-0.016196742,70-H-0_healthy_belt_400rpm,research
9089,0.018007792999999994,-0.008540742,70-H-0_healthy_belt_400rpm,research
9090,0.032694793,-0.016821742,70-H-0_healthy_belt_400rpm,research
9091,0.0039447929999999985,-0.004477742,70-H-0_healthy_belt_400rpm,research
9092,-0.04699220700000001,0.023491258,70-H-0_healthy_belt_400rpm,research
9093,0.051444793,-0.004633742,70-H-0_healthy_belt_400rpm,research
9094,0.025819792999999994,0.013022258000000002,70-H-0_healthy_belt_400rpm,research
9095,-0.024805207000000003,-0.011352741999999999,70-H-0_healthy_belt_400rpm,research
9096,-0.007618207000000004,0.017709258,70-H-0_healthy_belt_400rpm,research
9097,0.017694793,-0.040414742,70-H-0_healthy_belt_400rpm,research
9098,0.043007792999999996,0.029428258,70-H-0_healthy_belt_400rpm,research
9099,-0.018867207000000004,0.027241257999999997,70-H-0_healthy_belt_400rpm,research
9100,-0.014493207000000003,0.031147257999999997,70-H-0_healthy_belt_400rpm,research
9101,0.028631792999999996,0.017709258,70-H-0_healthy_belt_400rpm,research
9102,0.034256792999999994,-0.07228974199999999,70-H-0_healthy_belt_400rpm,research
9103,-0.04574320700000001,0.039116258,70-H-0_healthy_belt_400rpm,research
9104,0.036131792999999995,-0.001821742,70-H-0_healthy_belt_400rpm,research
9105,0.011444792999999998,0.044585258,70-H-0_healthy_belt_400rpm,research
9106,0.011132792999999998,-0.035883742,70-H-0_healthy_belt_400rpm,research
9107,-0.016055207000000002,0.039116258,70-H-0_healthy_belt_400rpm,research
9108,-0.037618207,0.038960258,70-H-0_healthy_belt_400rpm,research
9109,-0.024805207000000003,0.06817825799999999,70-H-0_healthy_belt_400rpm,research
9110,0.030819792999999998,0.017553258,70-H-0_healthy_belt_400rpm,research
9111,-0.015743207000000002,-0.029165742,70-H-0_healthy_belt_400rpm,research
9112,-0.04699220700000001,0.043178258,70-H-0_healthy_belt_400rpm,research
9113,0.005194792999999996,0.031459258,70-H-0_healthy_belt_400rpm,research
9114,0.06425679299999999,-0.024790742,70-H-0_healthy_belt_400rpm,research
9115,-0.023243207000000002,0.054741258,70-H-0_healthy_belt_400rpm,research
9116,-0.0004302070000000019,0.0005222580000000003,70-H-0_healthy_belt_400rpm,research
9117,-0.018555207000000004,-0.027602742,70-H-0_healthy_belt_400rpm,research
9118,-0.033243207000000004,0.020053258,70-H-0_healthy_belt_400rpm,research
9119,-0.0013672070000000022,0.010366258,70-H-0_healthy_belt_400rpm,research
9120,-0.007305207000000003,-0.026508742,70-H-0_healthy_belt_400rpm,research
9121,-0.019180207000000005,0.007553258,70-H-0_healthy_belt_400rpm,research
9122,0.004881792999999995,0.043022258,70-H-0_healthy_belt_400rpm,research
9123,0.031757793,-0.006508742,70-H-0_healthy_belt_400rpm,research
9124,0.008319792999999995,0.014584258,70-H-0_healthy_belt_400rpm,research
9125,0.0039447929999999985,-0.013071741999999999,70-H-0_healthy_belt_400rpm,research
9126,0.021444792999999997,-0.015571742,70-H-0_healthy_belt_400rpm,research
9127,-0.007305207000000003,0.043022258,70-H-0_healthy_belt_400rpm,research
9128,0.0014447929999999963,-0.011508741999999999,70-H-0_healthy_belt_400rpm,research
9129,-0.003555207000000003,0.038335258,70-H-0_healthy_belt_400rpm,research
9130,0.022694792999999998,0.0006782580000000002,70-H-0_healthy_belt_400rpm,research
9131,0.005819792999999997,0.008959258,70-H-0_healthy_belt_400rpm,research
9132,-0.012618207000000003,0.0020852580000000004,70-H-0_healthy_belt_400rpm,research
9133,-0.011992207000000003,0.051147258,70-H-0_healthy_belt_400rpm,research
9134,0.021444792999999997,-0.054477742,70-H-0_healthy_belt_400rpm,research
9135,0.067381793,0.024585258,70-H-0_healthy_belt_400rpm,research
9136,-0.024493207000000003,0.003022258,70-H-0_healthy_belt_400rpm,research
9137,-0.011680207000000003,0.031303258,70-H-0_healthy_belt_400rpm,research
9138,-0.019493207000000002,-0.029165742,70-H-0_healthy_belt_400rpm,research
9139,0.008007792999999996,0.051460258,70-H-0_healthy_belt_400rpm,research
9140,0.035506792999999995,0.038803258,70-H-0_healthy_belt_400rpm,research
9141,0.015194792999999998,-0.014164742,70-H-0_healthy_belt_400rpm,research
9142,0.028006792999999995,0.031928258,70-H-0_healthy_belt_400rpm,research
9143,0.044256792999999996,0.022397258,70-H-0_healthy_belt_400rpm,research
9144,-0.007930207000000003,-0.0051027419999999995,70-H-0_healthy_belt_400rpm,research
9145,-0.0013672070000000022,-0.009633742,70-H-0_healthy_belt_400rpm,research
9146,0.015819793,0.023803258,70-H-0_healthy_belt_400rpm,research
9147,-0.006992207000000004,0.007866258000000001,70-H-0_healthy_belt_400rpm,research
9148,-0.012618207000000003,0.019428258,70-H-0_healthy_belt_400rpm,research
9149,0.008632792999999996,0.024741258,70-H-0_healthy_belt_400rpm,research
9150,0.031132793,-0.018540742,70-H-0_healthy_belt_400rpm,research
9151,-0.024805207000000003,0.021147258,70-H-0_healthy_belt_400rpm,research
9152,-0.027305207000000005,0.023022258,70-H-0_healthy_belt_400rpm,research
9153,0.004881792999999995,0.030053258,70-H-0_healthy_belt_400rpm,research
9154,-0.0029302070000000024,-0.005883742,70-H-0_healthy_belt_400rpm,research
9155,-0.04574320700000001,0.040366258,70-H-0_healthy_belt_400rpm,research
9156,-0.008242207000000003,0.014741258,70-H-0_healthy_belt_400rpm,research
9157,-0.032305207,0.014897258,70-H-0_healthy_belt_400rpm,research
9158,0.048319793,-0.006977742,70-H-0_healthy_belt_400rpm,research
9159,-0.015117207000000004,0.030053258,70-H-0_healthy_belt_400rpm,research
9160,-0.038243207,-0.027602742,70-H-0_healthy_belt_400rpm,research
9161,0.018319792999999994,-0.005727742,70-H-0_healthy_belt_400rpm,research
9162,0.043007792999999996,0.005522258,70-H-0_healthy_belt_400rpm,research
9163,-0.0026182070000000026,-0.043696742,70-H-0_healthy_belt_400rpm,research
9164,0.0008197929999999957,0.015053258,70-H-0_healthy_belt_400rpm,research
9165,-0.030743207,0.028647258000000002,70-H-0_healthy_belt_400rpm,research
9166,0.014569792999999998,-0.011196741999999999,70-H-0_healthy_belt_400rpm,research
9167,0.023944793,0.027710258,70-H-0_healthy_belt_400rpm,research
9168,-0.013867207000000003,-0.006040742,70-H-0_healthy_belt_400rpm,research
9169,0.030194792999999998,-0.00010274199999999942,70-H-0_healthy_belt_400rpm,research
9170,0.009569792999999997,-0.004946742,70-H-0_healthy_belt_400rpm,research
9171,-0.007930207000000003,-0.049477742,70-H-0_healthy_belt_400rpm,research
9172,-0.064805207,0.07427225800000001,70-H-0_healthy_belt_400rpm,research
9173,0.018007792999999994,-0.028071742,70-H-0_healthy_belt_400rpm,research
9174,0.068319793,0.034897258,70-H-0_healthy_belt_400rpm,research
9175,-0.06261720700000001,-0.004008742,70-H-0_healthy_belt_400rpm,research
9176,0.0061317929999999965,-0.006977742,70-H-0_healthy_belt_400rpm,research
9177,-0.06980520700000001,-0.008696742,70-H-0_healthy_belt_400rpm,research
9178,0.065819793,-0.016508742,70-H-0_healthy_belt_400rpm,research
9179,0.033944792999999994,-0.083071742,70-H-0_healthy_belt_400rpm,research
9180,-0.007305207000000003,0.025991258,70-H-0_healthy_belt_400rpm,research
9181,-0.0041802070000000035,-0.0011967419999999998,70-H-0_healthy_belt_400rpm,research
9182,-0.030743207,-0.002602742,70-H-0_healthy_belt_400rpm,research
9183,-0.013555207000000003,0.036147258,70-H-0_healthy_belt_400rpm,research
9184,0.039882793,-0.028696742,70-H-0_healthy_belt_400rpm,research
9185,-0.025117207000000003,0.020678258,70-H-0_healthy_belt_400rpm,research
9186,0.037381792999999996,-0.017602741999999998,70-H-0_healthy_belt_400rpm,research
9187,0.019881792999999995,0.047866258,70-H-0_healthy_belt_400rpm,research
9188,-0.026992207000000004,0.010678258,70-H-0_healthy_belt_400rpm,research
9189,0.004256792999999998,0.000991258,70-H-0_healthy_belt_400rpm,research
9190,0.013319792999999996,-0.012446742,70-H-0_healthy_belt_400rpm,research
9191,-0.0026182070000000026,-0.011040742,70-H-0_healthy_belt_400rpm,research
9192,-0.028555207000000003,0.030210257999999997,70-H-0_healthy_belt_400rpm,research
9193,-0.013867207000000003,-0.003696742,70-H-0_healthy_belt_400rpm,research
9194,0.028319792999999996,-0.062290742,70-H-0_healthy_belt_400rpm,research
9195,0.044569792999999996,-0.009789742,70-H-0_healthy_belt_400rpm,research
9196,-0.021680207000000003,-0.014164742,70-H-0_healthy_belt_400rpm,research
9197,-0.04511820700000001,0.035835258,70-H-0_healthy_belt_400rpm,research
9198,0.011132792999999998,0.0020852580000000004,70-H-0_healthy_belt_400rpm,research
9199,0.035506792999999995,0.044741258,70-H-0_healthy_belt_400rpm,research
9200,-0.013555207000000003,0.011616258,70-H-0_healthy_belt_400rpm,research
9201,0.0011327929999999965,-0.025102742,70-H-0_healthy_belt_400rpm,research
9202,0.042382792999999995,0.007866258000000001,70-H-0_healthy_belt_400rpm,research
9203,0.0039447929999999985,0.034584258,70-H-0_healthy_belt_400rpm,research
9204,0.016444793,0.035835258,70-H-0_healthy_belt_400rpm,research
9205,-0.064493207,0.013959257999999999,70-H-0_healthy_belt_400rpm,research
9206,0.031757793,-0.025727742,70-H-0_healthy_belt_400rpm,research
9207,0.051444793,-0.039321742,70-H-0_healthy_belt_400rpm,research
9208,-0.018867207000000004,0.056303258,70-H-0_healthy_belt_400rpm,research
9209,-0.004492207000000003,-0.023696742,70-H-0_healthy_belt_400rpm,research
9210,-0.022618207,0.017397258,70-H-0_healthy_belt_400rpm,research
9211,0.0039447929999999985,-0.009321742000000001,70-H-0_healthy_belt_400rpm,research
9212,0.060819793,-0.008696742,70-H-0_healthy_belt_400rpm,research
9213,-0.060743207,0.061147258,70-H-0_healthy_belt_400rpm,research
9214,0.007694792999999998,0.004272258000000001,70-H-0_healthy_belt_400rpm,research
9215,0.034569792999999994,0.018491258,70-H-0_healthy_belt_400rpm,research
9216,-0.0023052070000000036,-0.013852742,70-H-0_healthy_belt_400rpm,research
9217,0.025819792999999994,-0.004946742,70-H-0_healthy_belt_400rpm,research
9218,0.009256792999999996,-0.032602742000000004,70-H-0_healthy_belt_400rpm,research
9219,0.032694793,-0.008383742,70-H-0_healthy_belt_400rpm,research
9220,0.006444792999999997,0.024897258,70-H-0_healthy_belt_400rpm,research
9221,0.00019479299999999866,-0.042758742,70-H-0_healthy_belt_400rpm,research
9222,-0.026992207000000004,0.008959258,70-H-0_healthy_belt_400rpm,research
9223,0.088007793,0.006147258000000001,70-H-0_healthy_belt_400rpm,research
9224,0.040194793,-0.024321742,70-H-0_healthy_belt_400rpm,research
9225,-0.036367207,0.018491258,70-H-0_healthy_belt_400rpm,research
9226,0.026444792999999994,-0.016508742,70-H-0_healthy_belt_400rpm,research
9227,0.026132792999999994,-0.005727742,70-H-0_healthy_belt_400rpm,research
9228,-0.035430207000000005,0.051147258,70-H-0_healthy_belt_400rpm,research
9229,0.028006792999999995,-0.033383742,70-H-0_healthy_belt_400rpm,research
9230,-0.021055207000000003,-0.017602741999999998,70-H-0_healthy_belt_400rpm,research
9231,0.002069792999999997,-0.006508742,70-H-0_healthy_belt_400rpm,research
9232,-0.010117207000000003,0.033803258,70-H-0_healthy_belt_400rpm,research
9233,-0.017618207000000004,0.023178258,70-H-0_healthy_belt_400rpm,research
9234,0.029882792999999998,-0.021196742,70-H-0_healthy_belt_400rpm,research
9235,0.028006792999999995,0.018491258,70-H-0_healthy_belt_400rpm,research
9236,-0.028867207000000002,0.013803257999999999,70-H-0_healthy_belt_400rpm,research
9237,-0.003555207000000003,-0.017758742,70-H-0_healthy_belt_400rpm,research
9238,-0.027930207000000006,-0.002602742,70-H-0_healthy_belt_400rpm,research
9239,0.044256792999999996,-0.029321742,70-H-0_healthy_belt_400rpm,research
9240,0.030819792999999998,0.007241258,70-H-0_healthy_belt_400rpm,research
9241,-0.020117207,0.0002102580000000005,70-H-0_healthy_belt_400rpm,research
9242,0.003319792999999998,0.063491258,70-H-0_healthy_belt_400rpm,research
9243,0.04925679299999999,-0.005414742,70-H-0_healthy_belt_400rpm,research
9244,0.037069793,0.031772258,70-H-0_healthy_belt_400rpm,research
9245,-0.004492207000000003,0.004116257999999999,70-H-0_healthy_belt_400rpm,research
9246,0.060819793,-0.029008742,70-H-0_healthy_belt_400rpm,research
9247,0.038319793,0.025834258,70-H-0_healthy_belt_400rpm,research
9248,-0.0019932070000000038,0.0034912580000000006,70-H-0_healthy_belt_400rpm,research
9249,0.002069792999999997,-0.041196742,70-H-0_healthy_belt_400rpm,research
9250,0.023944793,-0.017133742,70-H-0_healthy_belt_400rpm,research
9251,0.014569792999999998,0.018647258,70-H-0_healthy_belt_400rpm,research
9252,0.036444792999999996,0.013335258,70-H-0_healthy_belt_400rpm,research
9253,-0.019180207000000005,-0.024633742,70-H-0_healthy_belt_400rpm,research
9254,0.003319792999999998,0.008335258,70-H-0_healthy_belt_400rpm,research
9255,-0.010743207000000003,0.011928258,70-H-0_healthy_belt_400rpm,research
9256,0.041132792999999994,-0.034789742,70-H-0_healthy_belt_400rpm,research
9257,0.032069793,0.039897258,70-H-0_healthy_belt_400rpm,research
9258,-0.0063682070000000025,0.035053258,70-H-0_healthy_belt_400rpm,research
9259,0.032069793,-0.041821742,70-H-0_healthy_belt_400rpm,research
9260,-0.023243207000000002,0.010366258,70-H-0_healthy_belt_400rpm,research
9261,-0.022618207,0.009741258000000001,70-H-0_healthy_belt_400rpm,research
9262,0.060819793,-0.006352742,70-H-0_healthy_belt_400rpm,research
9263,0.028631792999999996,-0.011508741999999999,70-H-0_healthy_belt_400rpm,research
9264,-0.038867207,0.005522258,70-H-0_healthy_belt_400rpm,research
9265,-0.028867207000000002,0.002397258,70-H-0_healthy_belt_400rpm,research
9266,0.014882792999999998,-0.047758742,70-H-0_healthy_belt_400rpm,research
9267,-0.031992207,0.0031782579999999998,70-H-0_healthy_belt_400rpm,research
9268,0.036756792999999996,-0.010883742,70-H-0_healthy_belt_400rpm,research
9269,-0.010117207000000003,-0.004789742,70-H-0_healthy_belt_400rpm,research
9270,-0.010430207000000004,-0.0010397419999999997,70-H-0_healthy_belt_400rpm,research
9271,0.031132793,0.010210258,70-H-0_healthy_belt_400rpm,research
9272,0.005506792999999996,-0.005571741999999999,70-H-0_healthy_belt_400rpm,research
9273,-0.038867207,-0.004633742,70-H-0_healthy_belt_400rpm,research
9274,-0.056367207,0.004428258000000001,70-H-0_healthy_belt_400rpm,research
9275,0.020194792999999996,0.010991258,70-H-0_healthy_belt_400rpm,research
9276,0.090194793,-0.030258741999999998,70-H-0_healthy_belt_400rpm,research
9277,-0.021992207000000003,-0.032446742,70-H-0_healthy_belt_400rpm,research
9278,-0.017618207000000004,-0.0021337419999999997,70-H-0_healthy_belt_400rpm,research
9279,0.078944793,-0.023696742,70-H-0_healthy_belt_400rpm,research
9280,-0.005430207000000003,-0.022446742,70-H-0_healthy_belt_400rpm,research
9281,-0.059493207000000006,0.052241258,70-H-0_healthy_belt_400rpm,research
9282,-0.086367207,-0.008540742,70-H-0_healthy_belt_400rpm,research
9283,-0.016992207000000002,-0.036040742,70-H-0_healthy_belt_400rpm,research
9284,-0.0038672070000000027,0.018491258,70-H-0_healthy_belt_400rpm,research
9285,-0.004805207000000002,-0.031039742,70-H-0_healthy_belt_400rpm,research
9286,0.001756792999999996,0.058178258000000004,70-H-0_healthy_belt_400rpm,research
9287,-0.006992207000000004,0.014272258,70-H-0_healthy_belt_400rpm,research
9288,0.010194792999999997,-0.039008742,70-H-0_healthy_belt_400rpm,research
9289,-0.019493207000000002,0.007710257999999999,70-H-0_healthy_belt_400rpm,research
9290,-0.069180207,-0.017446742,70-H-0_healthy_belt_400rpm,research
9291,0.044881792999999996,0.008647258,70-H-0_healthy_belt_400rpm,research
9292,0.063319793,-0.009008742,70-H-0_healthy_belt_400rpm,research
9293,-0.061055207,-0.009946742,70-H-0_healthy_belt_400rpm,research
9294,0.010819792999999998,-0.024165742,70-H-0_healthy_belt_400rpm,research
9295,0.026132792999999994,0.027241257999999997,70-H-0_healthy_belt_400rpm,research
9296,0.016757793,-0.028540742,70-H-0_healthy_belt_400rpm,research
9297,-0.0029302070000000024,-0.004008742,70-H-0_healthy_belt_400rpm,research
9298,-0.060743207,0.0036472580000000004,70-H-0_healthy_belt_400rpm,research
9299,0.029256792999999996,-0.017914741999999997,70-H-0_healthy_belt_400rpm,research
9300,0.032069793,0.004272258000000001,70-H-0_healthy_belt_400rpm,research
9301,0.062694793,-0.000727742,70-H-0_healthy_belt_400rpm,research
9302,-0.024493207000000003,0.005835257999999999,70-H-0_healthy_belt_400rpm,research
9303,-0.012618207000000003,-0.009633742,70-H-0_healthy_belt_400rpm,research
9304,0.018007792999999994,-0.045571742,70-H-0_healthy_belt_400rpm,research
9305,-0.03855520700000001,0.031616258,70-H-0_healthy_belt_400rpm,research
9306,-0.017930207000000004,0.064584258,70-H-0_healthy_belt_400rpm,research
9307,0.04925679299999999,-0.09463374199999999,70-H-0_healthy_belt_400rpm,research
9308,-0.020743207000000003,0.06411625800000001,70-H-0_healthy_belt_400rpm,research
9309,0.007694792999999998,0.093491258,70-H-0_healthy_belt_400rpm,research
9310,-0.036055207000000006,0.046460258,70-H-0_healthy_belt_400rpm,research
9311,-0.008242207000000003,0.0002102580000000005,70-H-0_healthy_belt_400rpm,research
9312,0.033632792999999994,-0.044633742,70-H-0_healthy_belt_400rpm,research
9313,0.019881792999999995,0.052553258,70-H-0_healthy_belt_400rpm,research
9314,-0.058555207000000005,0.036928258,70-H-0_healthy_belt_400rpm,research
9315,-0.027930207000000006,0.000991258,70-H-0_healthy_belt_400rpm,research
9316,0.058944792999999995,-0.044946742,70-H-0_healthy_belt_400rpm,research
9317,0.042694792999999995,0.034116258000000003,70-H-0_healthy_belt_400rpm,research
9318,-0.041680207000000004,0.015991258,70-H-0_healthy_belt_400rpm,research
9319,-0.022618207,-0.009946742,70-H-0_healthy_belt_400rpm,research
9320,0.005506792999999996,0.011772258,70-H-0_healthy_belt_400rpm,research
9321,-0.010117207000000003,-0.0021337419999999997,70-H-0_healthy_belt_400rpm,research
9322,-0.016368207000000003,0.009428258,70-H-0_healthy_belt_400rpm,research
9323,0.00019479299999999866,0.033491258,70-H-0_healthy_belt_400rpm,research
9324,0.023632793,-0.006508742,70-H-0_healthy_belt_400rpm,research
9325,0.004256792999999998,0.046772258,70-H-0_healthy_belt_400rpm,research
9326,-0.051680207000000006,0.013491257999999999,70-H-0_healthy_belt_400rpm,research
9327,0.013006792999999996,-0.007133742,70-H-0_healthy_belt_400rpm,research
9328,0.008632792999999996,0.016460258,70-H-0_healthy_belt_400rpm,research
9329,0.009881792999999996,0.025522258,70-H-0_healthy_belt_400rpm,research
9330,-0.0019932070000000038,0.022866258,70-H-0_healthy_belt_400rpm,research
9331,-0.020117207,-0.019477742,70-H-0_healthy_belt_400rpm,research
9332,0.06238179299999999,0.036616258,70-H-0_healthy_belt_400rpm,research
9333,-0.003242207000000002,0.015053258,70-H-0_healthy_belt_400rpm,research
9334,-0.050430207000000005,0.026303258,70-H-0_healthy_belt_400rpm,research
9335,-0.032305207,-0.000727742,70-H-0_healthy_belt_400rpm,research
9336,0.013319792999999996,0.012241258000000001,70-H-0_healthy_belt_400rpm,research
9337,0.036444792999999996,-0.006508742,70-H-0_healthy_belt_400rpm,research
9338,0.013944792999999997,0.0038032580000000003,70-H-0_healthy_belt_400rpm,research
9339,0.024569793,-0.029165742,70-H-0_healthy_belt_400rpm,research
9340,0.028006792999999995,0.042397258,70-H-0_healthy_belt_400rpm,research
9341,-0.07480520700000001,0.021303258,70-H-0_healthy_belt_400rpm,research
9342,-0.047930207,-0.026821742,70-H-0_healthy_belt_400rpm,research
9343,0.007069792999999998,0.024741258,70-H-0_healthy_belt_400rpm,research
9344,-0.0029302070000000024,0.038022258,70-H-0_healthy_belt_400rpm,research
9345,-0.004492207000000003,0.0031782579999999998,70-H-0_healthy_belt_400rpm,research
9346,-0.04699220700000001,0.058491258,70-H-0_healthy_belt_400rpm,research
9347,0.022694792999999998,0.008178258,70-H-0_healthy_belt_400rpm,research
9348,0.06175779299999999,-0.030883742,70-H-0_healthy_belt_400rpm,research
9349,0.003007792999999998,0.031928258,70-H-0_healthy_belt_400rpm,research
9350,-0.030118207,-0.002289742,70-H-0_healthy_belt_400rpm,research
9351,0.016757793,0.010834258,70-H-0_healthy_belt_400rpm,research
9352,0.037069793,-0.00010274199999999942,70-H-0_healthy_belt_400rpm,research
9353,-0.0063682070000000025,-0.009633742,70-H-0_healthy_belt_400rpm,research
9354,-0.007618207000000004,-0.003696742,70-H-0_healthy_belt_400rpm,research
9355,-0.001680207000000003,0.011616258,70-H-0_healthy_belt_400rpm,research
9356,-0.056680207,0.005209258,70-H-0_healthy_belt_400rpm,research
9357,0.012694792999999996,-0.004321742,70-H-0_healthy_belt_400rpm,research
9358,-0.034805207000000005,0.015053258,70-H-0_healthy_belt_400rpm,research
9359,-0.0038672070000000027,-0.009008742,70-H-0_healthy_belt_400rpm,research
9360,0.024882793,0.030522258000000003,70-H-0_healthy_belt_400rpm,research
9361,0.011132792999999998,0.014428258,70-H-0_healthy_belt_400rpm,research
9362,-0.025430207000000003,0.0014602579999999999,70-H-0_healthy_belt_400rpm,research
9363,0.038007793,0.0014602579999999999,70-H-0_healthy_belt_400rpm,research
9364,-0.012618207000000003,0.006616258,70-H-0_healthy_belt_400rpm,research
9365,-0.025117207000000003,0.023960258,70-H-0_healthy_belt_400rpm,research
9366,0.017069793,0.027085258,70-H-0_healthy_belt_400rpm,research
9367,0.024257793,0.004741258,70-H-0_healthy_belt_400rpm,research
9368,-0.031680207,0.025053258000000002,70-H-0_healthy_belt_400rpm,research
9369,-0.005430207000000003,0.012710257999999999,70-H-0_healthy_belt_400rpm,research
9370,-0.07105520700000001,0.029428258,70-H-0_healthy_belt_400rpm,research
9371,-0.036367207,0.004116257999999999,70-H-0_healthy_belt_400rpm,research
9372,0.044256792999999996,-0.019321742,70-H-0_healthy_belt_400rpm,research
9373,-0.020117207,-0.011977742,70-H-0_healthy_belt_400rpm,research
9374,0.009256792999999996,0.058960257999999995,70-H-0_healthy_belt_400rpm,research
9375,-0.024493207000000003,-0.004946742,70-H-0_healthy_belt_400rpm,research
9376,-0.007618207000000004,0.013803257999999999,70-H-0_healthy_belt_400rpm,research
9377,-0.020117207,-0.037133742,70-H-0_healthy_belt_400rpm,research
9378,0.028631792999999996,-0.060571742,70-H-0_healthy_belt_400rpm,research
9379,0.002069792999999997,0.010366258,70-H-0_healthy_belt_400rpm,research
9380,0.014257792999999998,0.031616258,70-H-0_healthy_belt_400rpm,research
9381,-0.024180207000000002,0.020053258,70-H-0_healthy_belt_400rpm,research
9382,0.013006792999999996,0.005209258,70-H-0_healthy_belt_400rpm,research
9383,0.051131792999999995,-0.016665741999999997,70-H-0_healthy_belt_400rpm,research
9384,-0.036993207,-0.003383742,70-H-0_healthy_belt_400rpm,research
9385,-0.055742207,0.027553257999999997,70-H-0_healthy_belt_400rpm,research
9386,-0.039180207,-0.048071742,70-H-0_healthy_belt_400rpm,research
9387,-0.037618207,0.011460258000000001,70-H-0_healthy_belt_400rpm,research
9388,0.028631792999999996,0.012085258000000001,70-H-0_healthy_belt_400rpm,research
9389,-0.022930207,-0.003383742,70-H-0_healthy_belt_400rpm,research
9390,-0.040742207,-0.018696742000000002,70-H-0_healthy_belt_400rpm,research
9391,-0.008555207000000002,-0.001508742,70-H-0_healthy_belt_400rpm,research
9392,0.06175779299999999,-0.007446741999999999,70-H-0_healthy_belt_400rpm,research
9393,0.009881792999999996,-0.008852742,70-H-0_healthy_belt_400rpm,research
9394,0.031757793,-0.016508742,70-H-0_healthy_belt_400rpm,research
9395,0.025507792999999994,-0.006040742,70-H-0_healthy_belt_400rpm,research
9396,-0.035118207,0.018647258,70-H-0_healthy_belt_400rpm,research
9397,-0.022618207,0.050991258,70-H-0_healthy_belt_400rpm,research
9398,0.030507793,0.0039602579999999995,70-H-0_healthy_belt_400rpm,research
9399,0.039569793,-0.006821742,70-H-0_healthy_belt_400rpm,research
9400,-0.009493207000000004,0.019272258,70-H-0_healthy_belt_400rpm,research
9401,-0.008555207000000002,-0.006508742,70-H-0_healthy_belt_400rpm,research
9402,-0.030430207,-0.008852742,70-H-0_healthy_belt_400rpm,research
9403,0.001756792999999996,-0.002758742,70-H-0_healthy_belt_400rpm,research
9404,-0.029180207000000003,-0.006352742,70-H-0_healthy_belt_400rpm,research
9405,-0.018867207000000004,0.0034912580000000006,70-H-0_healthy_belt_400rpm,research
9406,-0.009805207000000003,0.06833525800000001,70-H-0_healthy_belt_400rpm,research
9407,-0.020743207000000003,-0.004008742,70-H-0_healthy_belt_400rpm,research
9408,0.07988179299999999,-0.002446742,70-H-0_healthy_belt_400rpm,research
9409,-0.028242207000000005,-0.028227742,70-H-0_healthy_belt_400rpm,research
9410,-0.078867207,0.043335258,70-H-0_healthy_belt_400rpm,research
9411,0.052381792999999996,-0.013852742,70-H-0_healthy_belt_400rpm,research
9412,0.019256792999999994,-0.074321742,70-H-0_healthy_belt_400rpm,research
9413,-0.031992207,0.044116258,70-H-0_healthy_belt_400rpm,research
9414,0.003007792999999998,0.042084258,70-H-0_healthy_belt_400rpm,research
9415,0.0026947929999999974,-0.006665742,70-H-0_healthy_belt_400rpm,research
9416,0.038632793,-0.009946742,70-H-0_healthy_belt_400rpm,research
9417,0.00019479299999999866,0.020991258,70-H-0_healthy_belt_400rpm,research
9418,-0.028555207000000003,0.033647258,70-H-0_healthy_belt_400rpm,research
9419,-0.029493207,-0.013383742,70-H-0_healthy_belt_400rpm,research
9420,0.018631792999999994,0.010991258,70-H-0_healthy_belt_400rpm,research
9421,0.033007792999999994,-0.0011967419999999998,70-H-0_healthy_belt_400rpm,research
9422,0.028944792999999996,-0.014633742,70-H-0_healthy_belt_400rpm,research
9423,0.017694793,0.023491258,70-H-0_healthy_belt_400rpm,research
9424,-0.019805207000000002,-0.022133742,70-H-0_healthy_belt_400rpm,research
9425,-0.014180207000000004,-0.015571742,70-H-0_healthy_belt_400rpm,research
9426,0.014882792999999998,0.005209258,70-H-0_healthy_belt_400rpm,research
9427,-0.007930207000000003,-0.045102742,70-H-0_healthy_belt_400rpm,research
9428,0.04863179299999999,-0.036821742,70-H-0_healthy_belt_400rpm,research
9429,0.000507792999999996,0.031459258,70-H-0_healthy_belt_400rpm,research
9430,-0.064180207,0.032866258,70-H-0_healthy_belt_400rpm,research
9431,-0.008555207000000002,-0.031039742,70-H-0_healthy_belt_400rpm,research
9432,0.036131792999999995,-0.002602742,70-H-0_healthy_belt_400rpm,research
9433,-0.013555207000000003,0.027553257999999997,70-H-0_healthy_belt_400rpm,research
9434,-0.048242207,0.018491258,70-H-0_healthy_belt_400rpm,research
9435,-0.008242207000000003,0.0005222580000000003,70-H-0_healthy_belt_400rpm,research
9436,0.043007792999999996,-0.046352742,70-H-0_healthy_belt_400rpm,research
9437,0.0023827929999999976,0.014272258,70-H-0_healthy_belt_400rpm,research
9438,-0.0007422070000000017,0.016616258000000002,70-H-0_healthy_belt_400rpm,research
9439,-0.044492207000000006,-0.046040742,70-H-0_healthy_belt_400rpm,research
9440,0.066756793,-0.062915742,70-H-0_healthy_belt_400rpm,research
9441,-0.009493207000000004,0.029897258000000003,70-H-0_healthy_belt_400rpm,research
9442,-0.027305207000000005,0.030991258,70-H-0_healthy_belt_400rpm,research
9443,0.015194792999999998,0.004116257999999999,70-H-0_healthy_belt_400rpm,research
9444,0.04613279299999999,-0.036821742,70-H-0_healthy_belt_400rpm,research
9445,0.013944792999999997,0.009116258,70-H-0_healthy_belt_400rpm,research
9446,0.014569792999999998,0.035053258,70-H-0_healthy_belt_400rpm,research
9447,0.007694792999999998,0.055834258,70-H-0_healthy_belt_400rpm,research
9448,-0.047617207,-0.044633742,70-H-0_healthy_belt_400rpm,research
9449,0.027381792999999995,-0.052758742,70-H-0_healthy_belt_400rpm,research
9450,0.031132793,0.015053258,70-H-0_healthy_belt_400rpm,research
9451,0.009881792999999996,-0.003383742,70-H-0_healthy_belt_400rpm,research
9452,-0.020117207,-0.049164742,70-H-0_healthy_belt_400rpm,research
9453,0.027694792999999995,-0.031196742,70-H-0_healthy_belt_400rpm,research
9454,-0.0004302070000000019,0.011928258,70-H-0_healthy_belt_400rpm,research
9455,-0.015430207000000003,0.022866258,70-H-0_healthy_belt_400rpm,research
9456,0.016757793,-0.026040742,70-H-0_healthy_belt_400rpm,research
9457,0.023319793,-0.006352742,70-H-0_healthy_belt_400rpm,research
9458,-0.022618207,-0.016352742,70-H-0_healthy_belt_400rpm,research
9459,-0.029805207000000004,0.0034912580000000006,70-H-0_healthy_belt_400rpm,research
9460,0.014569792999999998,-0.038383742,70-H-0_healthy_belt_400rpm,research
9461,-0.026055207000000004,-0.046040742,70-H-0_healthy_belt_400rpm,research
9462,0.034569792999999994,0.025834258,70-H-0_healthy_belt_400rpm,research
9463,-0.009180207000000003,0.060366258,70-H-0_healthy_belt_400rpm,research
9464,-0.038243207,-0.013227742,70-H-0_healthy_belt_400rpm,research
9465,0.029569792999999997,0.025678258,70-H-0_healthy_belt_400rpm,research
9466,0.015819793,0.016772258,70-H-0_healthy_belt_400rpm,research
9467,-0.040430207,0.026772258,70-H-0_healthy_belt_400rpm,research
9468,-0.0026182070000000026,-0.030727742,70-H-0_healthy_belt_400rpm,research
9469,-0.007930207000000003,0.005053258,70-H-0_healthy_belt_400rpm,research
9470,-0.026992207000000004,-0.0029147419999999997,70-H-0_healthy_belt_400rpm,research
9471,0.042382792999999995,-0.0010397419999999997,70-H-0_healthy_belt_400rpm,research
9472,0.005194792999999996,5.325800000000047e-05,70-H-0_healthy_belt_400rpm,research
9473,0.0061317929999999965,-0.042289742,70-H-0_healthy_belt_400rpm,research
9474,-0.0013672070000000022,0.032866258,70-H-0_healthy_belt_400rpm,research
9475,0.0008197929999999957,0.0019282580000000004,70-H-0_healthy_belt_400rpm,research
9476,-0.006680207000000002,-0.012133742,70-H-0_healthy_belt_400rpm,research
9477,0.035819792999999996,-0.010883742,70-H-0_healthy_belt_400rpm,research
9478,0.001756792999999996,-0.027133742,70-H-0_healthy_belt_400rpm,research
9479,-0.029493207,0.002397258,70-H-0_healthy_belt_400rpm,research
9480,0.041444792999999994,-0.008071742,70-H-0_healthy_belt_400rpm,research
9481,0.001756792999999996,-0.07228974199999999,70-H-0_healthy_belt_400rpm,research
9482,-0.004805207000000002,0.048959258,70-H-0_healthy_belt_400rpm,research
9483,-0.065430207,0.040209258,70-H-0_healthy_belt_400rpm,research
9484,0.05394479299999999,-0.050571742,70-H-0_healthy_belt_400rpm,research
9485,0.024257793,-0.007758742,70-H-0_healthy_belt_400rpm,research
9486,-0.050118207000000005,0.06989725799999999,70-H-0_healthy_belt_400rpm,research
9487,-0.016992207000000002,-0.051196741999999996,70-H-0_healthy_belt_400rpm,research
9488,0.039882793,0.010991258,70-H-0_healthy_belt_400rpm,research
9489,-0.016992207000000002,0.037553258,70-H-0_healthy_belt_400rpm,research
9490,-0.003555207000000003,-0.038852742,70-H-0_healthy_belt_400rpm,research
9491,-0.015430207000000003,0.010678258,70-H-0_healthy_belt_400rpm,research
9492,-0.048555207,0.017085258,70-H-0_healthy_belt_400rpm,research
9493,0.027381792999999995,-0.004946742,70-H-0_healthy_belt_400rpm,research
9494,0.043944792999999996,-0.018383742,70-H-0_healthy_belt_400rpm,research
9495,-0.019180207000000005,0.036616258,70-H-0_healthy_belt_400rpm,research
9496,-0.016680207000000002,0.015991258,70-H-0_healthy_belt_400rpm,research
9497,0.04550779299999999,-0.028696742,70-H-0_healthy_belt_400rpm,research
9498,0.0039447929999999985,0.005209258,70-H-0_healthy_belt_400rpm,research
9499,-0.036055207000000006,-0.010727742,70-H-0_healthy_belt_400rpm,research
9500,0.013944792999999997,-0.010258742,70-H-0_healthy_belt_400rpm,research
9501,0.028944792999999996,-0.018227741999999998,70-H-0_healthy_belt_400rpm,research
9502,-0.031992207,0.036772258,70-H-0_healthy_belt_400rpm,research
9503,-0.015117207000000004,0.006303258000000001,70-H-0_healthy_belt_400rpm,research
9504,0.033632792999999994,-0.039008742,70-H-0_healthy_belt_400rpm,research
9505,-0.059805207000000006,0.005053258,70-H-0_healthy_belt_400rpm,research
9506,0.00019479299999999866,-0.022602742,70-H-0_healthy_belt_400rpm,research
9507,0.024257793,-0.019946742,70-H-0_healthy_belt_400rpm,research
9508,-0.011055207000000003,-0.022914742,70-H-0_healthy_belt_400rpm,research
9509,0.009881792999999996,0.025678258,70-H-0_healthy_belt_400rpm,research
9510,0.019881792999999995,0.009585258000000001,70-H-0_healthy_belt_400rpm,research
9511,-0.0038672070000000027,0.005209258,70-H-0_healthy_belt_400rpm,research
9512,-0.00011720700000000459,-0.021196742,70-H-0_healthy_belt_400rpm,research
9513,-0.026368207000000005,0.042084258,70-H-0_healthy_belt_400rpm,research
9514,0.028631792999999996,0.008647258,70-H-0_healthy_belt_400rpm,research
9515,-0.048555207,0.045835258,70-H-0_healthy_belt_400rpm,research
9516,0.053006792999999996,-0.0032277419999999996,70-H-0_healthy_belt_400rpm,research
9517,0.05581979299999999,-0.019165742,70-H-0_healthy_belt_400rpm,research
9518,-0.0023052070000000036,0.068022258,70-H-0_healthy_belt_400rpm,research
9519,-0.030118207,0.018647258,70-H-0_healthy_belt_400rpm,research
9520,-0.021368207000000004,-0.017602741999999998,70-H-0_healthy_belt_400rpm,research
9521,-0.024805207000000003,-0.027914742,70-H-0_healthy_belt_400rpm,research
9522,0.011132792999999998,0.011147258,70-H-0_healthy_belt_400rpm,research
9523,0.021131792999999996,0.006772258,70-H-0_healthy_belt_400rpm,research
9524,-0.0026182070000000026,-0.014321742,70-H-0_healthy_belt_400rpm,research
9525,-0.027305207000000005,-0.004477742,70-H-0_healthy_belt_400rpm,research
9526,0.00019479299999999866,-0.014321742,70-H-0_healthy_belt_400rpm,research
9527,0.032382793,0.002866258,70-H-0_healthy_belt_400rpm,research
9528,-0.047305207,0.030991258,70-H-0_healthy_belt_400rpm,research
9529,0.023944793,-0.024321742,70-H-0_healthy_belt_400rpm,research
9530,-0.029493207,0.042866258,70-H-0_healthy_belt_400rpm,research
9531,-0.018867207000000004,0.024897258,70-H-0_healthy_belt_400rpm,research
9532,-0.0010552070000000024,-0.006977742,70-H-0_healthy_belt_400rpm,research
9533,0.037069793,0.0036472580000000004,70-H-0_healthy_belt_400rpm,research
9534,0.043319792999999995,-0.001508742,70-H-0_healthy_belt_400rpm,research
9535,-0.018867207000000004,0.015522258,70-H-0_healthy_belt_400rpm,research
9536,-0.056993207000000004,-0.006196742,70-H-0_healthy_belt_400rpm,research
9537,0.022382792999999998,-0.015414742,70-H-0_healthy_belt_400rpm,research
9538,-0.0019932070000000038,-0.007446741999999999,70-H-0_healthy_belt_400rpm,research
9539,0.012694792999999996,-0.012602742,70-H-0_healthy_belt_400rpm,research
9540,-0.04699220700000001,0.035522258,70-H-0_healthy_belt_400rpm,research
9541,-0.031368207,0.033959258,70-H-0_healthy_belt_400rpm,research
9542,0.007069792999999998,-0.042289742,70-H-0_healthy_belt_400rpm,research
9543,0.003319792999999998,0.018334258,70-H-0_healthy_belt_400rpm,research
9544,-0.006992207000000004,-0.018227741999999998,70-H-0_healthy_belt_400rpm,research
9545,-0.011992207000000003,-0.0021337419999999997,70-H-0_healthy_belt_400rpm,research
9546,0.052381792999999996,-0.004165742,70-H-0_healthy_belt_400rpm,research
9547,-0.133242207,-0.049477742,70-H-0_healthy_belt_400rpm,research
9548,-0.079805207,0.033647258,70-H-0_healthy_belt_400rpm,research
9549,0.04925679299999999,-0.049321742,70-H-0_healthy_belt_400rpm,research
9550,-0.0007422070000000017,0.0019282580000000004,70-H-0_healthy_belt_400rpm,research
9551,0.056132793,-0.028540742,70-H-0_healthy_belt_400rpm,research
9552,-0.017618207000000004,0.031928258,70-H-0_healthy_belt_400rpm,research
9553,-0.098242207,-0.014321742,70-H-0_healthy_belt_400rpm,research
9554,0.037381792999999996,-0.030258741999999998,70-H-0_healthy_belt_400rpm,research
9555,0.013944792999999997,-0.014321742,70-H-0_healthy_belt_400rpm,research
9556,-0.028555207000000003,0.021772258,70-H-0_healthy_belt_400rpm,research
9557,0.013319792999999996,-0.021352742,70-H-0_healthy_belt_400rpm,research
9558,-0.027305207000000005,-0.026508742,70-H-0_healthy_belt_400rpm,research
9559,0.013319792999999996,0.002710258,70-H-0_healthy_belt_400rpm,research
9560,0.034256792999999994,0.016147258,70-H-0_healthy_belt_400rpm,research
9561,0.014569792999999998,-0.026664741999999998,70-H-0_healthy_belt_400rpm,research
9562,0.033944792999999994,0.004585258,70-H-0_healthy_belt_400rpm,research
9563,-0.009180207000000003,0.011303258,70-H-0_healthy_belt_400rpm,research
9564,-0.044492207000000006,-0.004321742,70-H-0_healthy_belt_400rpm,research
9565,-0.028242207000000005,-0.006665742,70-H-0_healthy_belt_400rpm,research
9566,0.007694792999999998,-0.035571742,70-H-0_healthy_belt_400rpm,research
9567,0.018319792999999994,-0.015571742,70-H-0_healthy_belt_400rpm,research
9568,-0.023867207,0.0002102580000000005,70-H-0_healthy_belt_400rpm,research
9569,-0.017305207000000003,-0.011196741999999999,70-H-0_healthy_belt_400rpm,research
9570,0.005819792999999997,-0.048696742,70-H-0_healthy_belt_400rpm,research
9571,0.004256792999999998,0.011460258000000001,70-H-0_healthy_belt_400rpm,research
9572,0.008944792999999996,-0.012915742,70-H-0_healthy_belt_400rpm,research
9573,0.011444792999999998,-0.024946742,70-H-0_healthy_belt_400rpm,research
9574,0.024882793,0.050209258,70-H-0_healthy_belt_400rpm,research
9575,-0.020117207,-0.005571741999999999,70-H-0_healthy_belt_400rpm,research
9576,-0.029493207,-0.008696742,70-H-0_healthy_belt_400rpm,research
9577,0.017694793,0.004741258,70-H-0_healthy_belt_400rpm,research
9578,0.016132793,-0.009789742,70-H-0_healthy_belt_400rpm,research
9579,0.012069792999999995,-0.006977742,70-H-0_healthy_belt_400rpm,research
9580,-0.061992207,-0.004008742,70-H-0_healthy_belt_400rpm,research
9581,-0.037618207,-0.018696742000000002,70-H-0_healthy_belt_400rpm,research
9582,0.019569792999999995,-0.004946742,70-H-0_healthy_belt_400rpm,research
9583,0.006444792999999997,0.005678258,70-H-0_healthy_belt_400rpm,research
9584,-0.070430207,0.063334258,70-H-0_healthy_belt_400rpm,research
9585,-0.005430207000000003,-0.019321742,70-H-0_healthy_belt_400rpm,research
9586,0.013631792999999996,-0.010571741999999999,70-H-0_healthy_belt_400rpm,research
9587,0.0023827929999999976,0.011303258,70-H-0_healthy_belt_400rpm,research
9588,0.058944792999999995,-0.031977742,70-H-0_healthy_belt_400rpm,research
9589,-0.057930207000000004,-0.016039742,70-H-0_healthy_belt_400rpm,research
9590,-0.013867207000000003,-0.015414742,70-H-0_healthy_belt_400rpm,research
9591,-0.043243207000000006,0.036303258,70-H-0_healthy_belt_400rpm,research
9592,-0.030743207,0.001147258,70-H-0_healthy_belt_400rpm,research
9593,0.028631792999999996,-0.019008742000000002,70-H-0_healthy_belt_400rpm,research
9594,-0.00011720700000000459,0.002553258,70-H-0_healthy_belt_400rpm,research
9595,-0.023867207,-0.025883742,70-H-0_healthy_belt_400rpm,research
9596,0.014882792999999998,-0.016352742,70-H-0_healthy_belt_400rpm,research
9597,-0.018867207000000004,-0.020727742,70-H-0_healthy_belt_400rpm,research
9598,-0.019493207000000002,0.007866258000000001,70-H-0_healthy_belt_400rpm,research
9599,-0.017305207000000003,0.004116257999999999,70-H-0_healthy_belt_400rpm,research
9600,-0.009493207000000004,-0.0010397419999999997,70-H-0_healthy_belt_400rpm,research
9601,-0.0038672070000000027,0.043335258,70-H-0_healthy_belt_400rpm,research
9602,0.031757793,-0.024165742,70-H-0_healthy_belt_400rpm,research
9603,0.025507792999999994,0.016928258,70-H-0_healthy_belt_400rpm,research
9604,-0.031055207,-0.006665742,70-H-0_healthy_belt_400rpm,research
9605,-0.012618207000000003,0.024272258,70-H-0_healthy_belt_400rpm,research
9606,0.020506792999999995,0.022553258,70-H-0_healthy_belt_400rpm,research
9607,0.007694792999999998,-0.006508742,70-H-0_healthy_belt_400rpm,research
9608,-0.023243207000000002,0.025678258,70-H-0_healthy_belt_400rpm,research
9609,-0.060743207,0.035366258,70-H-0_healthy_belt_400rpm,research
9610,-0.008555207000000002,-0.024790742,70-H-0_healthy_belt_400rpm,research
9611,0.009569792999999997,0.023491258,70-H-0_healthy_belt_400rpm,research
9612,0.008319792999999995,0.026147258,70-H-0_healthy_belt_400rpm,research
9613,0.014257792999999998,-0.0051027419999999995,70-H-0_healthy_belt_400rpm,research
9614,-0.048555207,0.027553257999999997,70-H-0_healthy_belt_400rpm,research
9615,0.027381792999999995,-0.033071742,70-H-0_healthy_belt_400rpm,research
9616,0.014882792999999998,-0.0005717419999999996,70-H-0_healthy_belt_400rpm,research
9617,-0.008555207000000002,-0.022602742,70-H-0_healthy_belt_400rpm,research
9618,0.036444792999999996,0.000991258,70-H-0_healthy_belt_400rpm,research
9619,0.0036327929999999953,0.019741258,70-H-0_healthy_belt_400rpm,research
9620,-0.0007422070000000017,0.037241258,70-H-0_healthy_belt_400rpm,research
9621,-0.060743207,0.002553258,70-H-0_healthy_belt_400rpm,research
9622,0.031757793,-0.0032277419999999996,70-H-0_healthy_belt_400rpm,research
9623,0.0014447929999999963,0.037085258,70-H-0_healthy_belt_400rpm,research
9624,0.017694793,-0.030571742,70-H-0_healthy_belt_400rpm,research
9625,-0.020743207000000003,0.011616258,70-H-0_healthy_belt_400rpm,research
9626,-0.024493207000000003,-0.016039742,70-H-0_healthy_belt_400rpm,research
9627,0.019569792999999995,-0.010415741999999999,70-H-0_healthy_belt_400rpm,research
9628,0.037381792999999996,-0.015414742,70-H-0_healthy_belt_400rpm,research
9629,-0.022618207,-0.047602741999999997,70-H-0_healthy_belt_400rpm,research
9630,-0.028242207000000005,-0.060571742,70-H-0_healthy_belt_400rpm,research
9631,0.011757792999999996,-0.011508741999999999,70-H-0_healthy_belt_400rpm,research
9632,-0.0063682070000000025,-0.001508742,70-H-0_healthy_belt_400rpm,research
9633,-0.014493207000000003,0.012241258000000001,70-H-0_healthy_belt_400rpm,research
9634,0.021444792999999997,-0.006352742,70-H-0_healthy_belt_400rpm,research
9635,-0.009180207000000003,-0.002602742,70-H-0_healthy_belt_400rpm,research
9636,0.0023827929999999976,-0.001665742,70-H-0_healthy_belt_400rpm,research
9637,-0.021992207000000003,0.007241258,70-H-0_healthy_belt_400rpm,research
9638,0.042382792999999995,-0.06635274199999999,70-H-0_healthy_belt_400rpm,research
9639,0.04613279299999999,0.002710258,70-H-0_healthy_belt_400rpm,research
9640,-0.024805207000000003,0.044897258,70-H-0_healthy_belt_400rpm,research
9641,-0.032617207,0.037553258,70-H-0_healthy_belt_400rpm,research
9642,0.045819793,-0.038071742,70-H-0_healthy_belt_400rpm,research
9643,-0.0010552070000000024,-0.003383742,70-H-0_healthy_belt_400rpm,research
9644,0.005194792999999996,-0.064477742,70-H-0_healthy_belt_400rpm,research
9645,-0.014493207000000003,0.016616258000000002,70-H-0_healthy_belt_400rpm,research
9646,-0.014493207000000003,-0.009789742,70-H-0_healthy_belt_400rpm,research
9647,-0.014805207000000003,-0.006977742,70-H-0_healthy_belt_400rpm,research
9648,-0.017618207000000004,0.043335258,70-H-0_healthy_belt_400rpm,research
9649,-0.07949220700000001,0.031616258,70-H-0_healthy_belt_400rpm,research
9650,0.014569792999999998,0.0013032579999999998,70-H-0_healthy_belt_400rpm,research
9651,0.022382792999999998,-0.044008741999999997,70-H-0_healthy_belt_400rpm,research
9652,0.033944792999999994,-0.037602742,70-H-0_healthy_belt_400rpm,research
9653,-0.030430207,0.014584258,70-H-0_healthy_belt_400rpm,research
9654,-0.102617207,0.019741258,70-H-0_healthy_belt_400rpm,research
9655,0.079569793,0.002397258,70-H-0_healthy_belt_400rpm,research
9656,0.008632792999999996,0.009897258,70-H-0_healthy_belt_400rpm,research
9657,-0.011992207000000003,0.035053258,70-H-0_healthy_belt_400rpm,research
9658,-0.056367207,-0.046821742,70-H-0_healthy_belt_400rpm,research
9659,-0.009493207000000004,0.025522258,70-H-0_healthy_belt_400rpm,research
9660,-0.029180207000000003,0.017553258,70-H-0_healthy_belt_400rpm,research
9661,0.035819792999999996,-0.010727742,70-H-0_healthy_belt_400rpm,research
9662,-0.0010552070000000024,0.043960258,70-H-0_healthy_belt_400rpm,research
9663,-0.005743207000000004,-0.018071742000000002,70-H-0_healthy_belt_400rpm,research
9664,0.007382792999999999,-0.024790742,70-H-0_healthy_belt_400rpm,research
9665,0.000507792999999996,0.030678258,70-H-0_healthy_belt_400rpm,research
9666,-0.011055207000000003,-0.015883742,70-H-0_healthy_belt_400rpm,research
9667,-0.003242207000000002,-0.018227741999999998,70-H-0_healthy_belt_400rpm,research
9668,0.072382793,-0.001665742,70-H-0_healthy_belt_400rpm,research
9669,0.0039447929999999985,-0.043696742,70-H-0_healthy_belt_400rpm,research
9670,-0.028867207000000002,0.002397258,70-H-0_healthy_belt_400rpm,research
9671,-0.033868207000000004,-0.024008742,70-H-0_healthy_belt_400rpm,research
9672,0.028944792999999996,-0.058539742,70-H-0_healthy_belt_400rpm,research
9673,-0.025743207000000004,0.018178258,70-H-0_healthy_belt_400rpm,research
9674,0.012069792999999995,0.113178258,70-H-0_healthy_belt_400rpm,research
9675,-0.010743207000000003,-0.011977742,70-H-0_healthy_belt_400rpm,research
9676,0.010194792999999997,0.019585258,70-H-0_healthy_belt_400rpm,research
9677,0.068006793,-0.0011967419999999998,70-H-0_healthy_belt_400rpm,research
9678,-0.021055207000000003,-0.018071742000000002,70-H-0_healthy_belt_400rpm,research
9679,-0.027930207000000006,-0.015102742,70-H-0_healthy_belt_400rpm,research
9680,0.028319792999999996,0.0013032579999999998,70-H-0_healthy_belt_400rpm,research
9681,-0.0023052070000000036,-0.012133742,70-H-0_healthy_belt_400rpm,research
9682,-0.012618207000000003,-0.005727742,70-H-0_healthy_belt_400rpm,research
9683,0.0039447929999999985,-0.042446742,70-H-0_healthy_belt_400rpm,research
9684,0.011444792999999998,0.020991258,70-H-0_healthy_belt_400rpm,research
9685,0.013944792999999997,-0.036977742,70-H-0_healthy_belt_400rpm,research
9686,-0.008867207000000004,-0.014477742,70-H-0_healthy_belt_400rpm,research
9687,0.009256792999999996,0.060366258,70-H-0_healthy_belt_400rpm,research
9688,0.031757793,-0.032915742,70-H-0_healthy_belt_400rpm,research
9689,0.049881792999999994,0.034741258,70-H-0_healthy_belt_400rpm,research
9690,-0.0029302070000000024,0.029585258000000003,70-H-0_healthy_belt_400rpm,research
9691,0.005194792999999996,-0.006821742,70-H-0_healthy_belt_400rpm,research
9692,0.013319792999999996,-0.046821742,70-H-0_healthy_belt_400rpm,research
9693,-0.011367207000000004,0.033491258,70-H-0_healthy_belt_400rpm,research
9694,-0.004492207000000003,0.023178258,70-H-0_healthy_belt_400rpm,research
9695,0.047694793,-0.045258742,70-H-0_healthy_belt_400rpm,research
9696,0.016444793,0.017397258,70-H-0_healthy_belt_400rpm,research
9697,-0.0023052070000000036,0.008959258,70-H-0_healthy_belt_400rpm,research
9698,0.029256792999999996,0.005522258,70-H-0_healthy_belt_400rpm,research
9699,-0.046368207,0.016772258,70-H-0_healthy_belt_400rpm,research
9700,-0.006992207000000004,-0.021508742,70-H-0_healthy_belt_400rpm,research
9701,-0.007618207000000004,0.019428258,70-H-0_healthy_belt_400rpm,research
9702,0.017069793,0.030522258000000003,70-H-0_healthy_belt_400rpm,research
9703,-0.005743207000000004,-0.0010397419999999997,70-H-0_healthy_belt_400rpm,research
9704,-0.023243207000000002,-0.001508742,70-H-0_healthy_belt_400rpm,research
9705,0.040819793,0.0034912580000000006,70-H-0_healthy_belt_400rpm,research
9706,-0.031992207,0.045522258,70-H-0_healthy_belt_400rpm,research
9707,0.011757792999999996,-0.033696742,70-H-0_healthy_belt_400rpm,research
9708,-0.003555207000000003,0.0036472580000000004,70-H-0_healthy_belt_400rpm,research
9709,-0.016055207000000002,-0.006665742,70-H-0_healthy_belt_400rpm,research
9710,-0.012930207000000003,0.043178258,70-H-0_healthy_belt_400rpm,research
9711,0.012694792999999996,0.009897258,70-H-0_healthy_belt_400rpm,research
9712,-0.014493207000000003,-0.033383742,70-H-0_healthy_belt_400rpm,research
9713,0.042694792999999995,-0.007446741999999999,70-H-0_healthy_belt_400rpm,research
9714,0.010194792999999997,-0.033071742,70-H-0_healthy_belt_400rpm,research
9715,-0.052618207,-0.00041474200000000006,70-H-0_healthy_belt_400rpm,research
9716,-0.004805207000000002,-0.022758742,70-H-0_healthy_belt_400rpm,research
9717,0.013631792999999996,-0.032290742,70-H-0_healthy_belt_400rpm,research
9718,0.028944792999999996,-0.010102742,70-H-0_healthy_belt_400rpm,research
9719,0.016132793,0.040834258,70-H-0_healthy_belt_400rpm,research
9720,0.013944792999999997,-0.071664742,70-H-0_healthy_belt_400rpm,research
9721,-0.009493207000000004,0.038178258,70-H-0_healthy_belt_400rpm,research
9722,0.030819792999999998,0.014584258,70-H-0_healthy_belt_400rpm,research
9723,0.008007792999999996,-0.023852742,70-H-0_healthy_belt_400rpm,research
9724,-0.022305207000000004,0.019428258,70-H-0_healthy_belt_400rpm,research
9725,0.040194793,0.012866257999999998,70-H-0_healthy_belt_400rpm,research
9726,-0.032617207,-0.003696742,70-H-0_healthy_belt_400rpm,research
9727,-0.056367207,-0.020727742,70-H-0_healthy_belt_400rpm,research
9728,-0.001680207000000003,0.004116257999999999,70-H-0_healthy_belt_400rpm,research
9729,0.009569792999999997,-0.019008742000000002,70-H-0_healthy_belt_400rpm,research
9730,-0.0007422070000000017,0.044116258,70-H-0_healthy_belt_400rpm,research
9731,0.025507792999999994,0.008959258,70-H-0_healthy_belt_400rpm,research
9732,0.011444792999999998,-0.032915742,70-H-0_healthy_belt_400rpm,research
9733,0.001756792999999996,-0.0030717419999999997,70-H-0_healthy_belt_400rpm,research
9734,0.052069793,0.023335258,70-H-0_healthy_belt_400rpm,research
9735,0.011757792999999996,-0.019321742,70-H-0_healthy_belt_400rpm,research
9736,-0.026680207000000004,0.010053258,70-H-0_healthy_belt_400rpm,research
9737,-0.0007422070000000017,-0.025102742,70-H-0_healthy_belt_400rpm,research
9738,-0.031992207,-0.016977742,70-H-0_healthy_belt_400rpm,research
9739,0.013944792999999997,0.023022258,70-H-0_healthy_belt_400rpm,research
9740,0.020506792999999995,0.062241258,70-H-0_healthy_belt_400rpm,research
9741,-0.033243207000000004,-0.032133742,70-H-0_healthy_belt_400rpm,research
9742,-0.034805207000000005,-0.0019777419999999998,70-H-0_healthy_belt_400rpm,research
9743,-0.017930207000000004,-0.028696742,70-H-0_healthy_belt_400rpm,research
9744,-0.061368207,-0.013071741999999999,70-H-0_healthy_belt_400rpm,research
9745,-0.020743207000000003,-0.012446742,70-H-0_healthy_belt_400rpm,research
9746,0.008319792999999995,-0.040258742,70-H-0_healthy_belt_400rpm,research
9747,0.056132793,-0.023227742,70-H-0_healthy_belt_400rpm,research
9748,0.011444792999999998,0.025522258,70-H-0_healthy_belt_400rpm,research
9749,-0.006992207000000004,0.031303258,70-H-0_healthy_belt_400rpm,research
9750,0.037381792999999996,0.015053258,70-H-0_healthy_belt_400rpm,research
9751,-0.044805207,0.016928258,70-H-0_healthy_belt_400rpm,research
9752,-0.041993207000000005,0.020522258,70-H-0_healthy_belt_400rpm,research
9753,0.045194793,-0.015727742,70-H-0_healthy_belt_400rpm,research
9754,-0.0010552070000000024,-0.041508742,70-H-0_healthy_belt_400rpm,research
9755,-0.010117207000000003,0.012866257999999998,70-H-0_healthy_belt_400rpm,research
9756,-0.001680207000000003,0.017397258,70-H-0_healthy_belt_400rpm,research
9757,0.025194793,0.004272258000000001,70-H-0_healthy_belt_400rpm,research
9758,0.06113279299999999,-0.016196742,70-H-0_healthy_belt_400rpm,research
9759,0.0039447929999999985,0.011460258000000001,70-H-0_healthy_belt_400rpm,research
9760,-0.056993207000000004,0.082085258,70-H-0_healthy_belt_400rpm,research
9761,-0.029180207000000003,-0.052915742,70-H-0_healthy_belt_400rpm,research
9762,0.038632793,-0.008227742,70-H-0_healthy_belt_400rpm,research
9763,-0.014805207000000003,0.0016162579999999998,70-H-0_healthy_belt_400rpm,research
9764,0.048944793,-0.005414742,70-H-0_healthy_belt_400rpm,research
9765,0.015507792999999999,-0.018227741999999998,70-H-0_healthy_belt_400rpm,research
9766,-0.033555207000000004,-0.013383742,70-H-0_healthy_belt_400rpm,research
9767,0.010194792999999997,0.006616258,70-H-0_healthy_belt_400rpm,research
9768,-0.001680207000000003,0.0017722580000000005,70-H-0_healthy_belt_400rpm,research
9769,0.015194792999999998,-0.019633742,70-H-0_healthy_belt_400rpm,research
9770,0.091132793,0.003022258,70-H-0_healthy_belt_400rpm,research
9771,0.011757792999999996,0.052866258,70-H-0_healthy_belt_400rpm,research
9772,-0.048868207000000004,0.011928258,70-H-0_healthy_belt_400rpm,research
9773,0.026444792999999994,0.0002102580000000005,70-H-0_healthy_belt_400rpm,research
9774,-0.010430207000000004,0.0070842579999999995,70-H-0_healthy_belt_400rpm,research
9775,-0.039180207,-0.017602741999999998,70-H-0_healthy_belt_400rpm,research
9776,0.006757792999999998,0.036772258,70-H-0_healthy_belt_400rpm,research
9777,0.0036327929999999953,0.010053258,70-H-0_healthy_belt_400rpm,research
9778,0.047694793,-0.036508742,70-H-0_healthy_belt_400rpm,research
9779,0.010819792999999998,0.046616258,70-H-0_healthy_belt_400rpm,research
9780,-0.007618207000000004,0.012553258000000001,70-H-0_healthy_belt_400rpm,research
9781,-0.024493207000000003,0.012085258000000001,70-H-0_healthy_belt_400rpm,research
9782,0.07144479299999999,-0.016508742,70-H-0_healthy_belt_400rpm,research
9783,-0.031680207,0.058960257999999995,70-H-0_healthy_belt_400rpm,research
9784,0.020194792999999996,0.004116257999999999,70-H-0_healthy_belt_400rpm,research
9785,0.014882792999999998,-0.002758742,70-H-0_healthy_belt_400rpm,research
9786,0.06300779299999999,-0.006821742,70-H-0_healthy_belt_400rpm,research
9787,0.0039447929999999985,-0.011821742,70-H-0_healthy_belt_400rpm,research
9788,-0.032305207,0.032709258,70-H-0_healthy_belt_400rpm,research
9789,-0.07105520700000001,0.059584257999999994,70-H-0_healthy_belt_400rpm,research
9790,0.042382792999999995,-0.001821742,70-H-0_healthy_belt_400rpm,research
9791,0.057694792999999994,-0.041977742,70-H-0_healthy_belt_400rpm,research
9792,-0.03793020700000001,0.007553258,70-H-0_healthy_belt_400rpm,research
9793,0.009256792999999996,0.0002102580000000005,70-H-0_healthy_belt_400rpm,research
9794,-0.005117207000000004,-0.048383742,70-H-0_healthy_belt_400rpm,research
9795,0.06894479299999999,-0.032602742000000004,70-H-0_healthy_belt_400rpm,research
9796,-0.014805207000000003,0.010522258,70-H-0_healthy_belt_400rpm,research
9797,-0.081367207,-0.035883742,70-H-0_healthy_belt_400rpm,research
9798,0.004256792999999998,0.023647258,70-H-0_healthy_belt_400rpm,research
9799,0.051444793,-0.008696742,70-H-0_healthy_belt_400rpm,research
9800,-0.011680207000000003,-0.036040742,70-H-0_healthy_belt_400rpm,research
9801,0.012381792999999999,0.036928258,70-H-0_healthy_belt_400rpm,research
9802,0.033007792999999994,-0.009008742,70-H-0_healthy_belt_400rpm,research
9803,-0.012618207000000003,-0.07103974199999999,70-H-0_healthy_belt_400rpm,research
9804,-0.0029302070000000024,-0.015102742,70-H-0_healthy_belt_400rpm,research
9805,-0.051993207,0.030678258,70-H-0_healthy_belt_400rpm,research
9806,0.033007792999999994,-0.034477742,70-H-0_healthy_belt_400rpm,research
9807,-0.009805207000000003,-0.024946742,70-H-0_healthy_belt_400rpm,research
9808,-0.024805207000000003,0.027241257999999997,70-H-0_healthy_belt_400rpm,research
9809,-0.023243207000000002,0.004585258,70-H-0_healthy_belt_400rpm,research
9810,0.042069792999999994,-0.034477742,70-H-0_healthy_belt_400rpm,research
9811,-0.011680207000000003,0.024272258,70-H-0_healthy_belt_400rpm,research
9812,-0.042305207000000004,0.050678258,70-H-0_healthy_belt_400rpm,research
9813,0.028631792999999996,0.006459258000000001,70-H-0_healthy_belt_400rpm,research
9814,0.044256792999999996,-0.004165742,70-H-0_healthy_belt_400rpm,research
9815,-0.029805207000000004,0.017085258,70-H-0_healthy_belt_400rpm,research
9816,-0.025117207000000003,0.022084258,70-H-0_healthy_belt_400rpm,research
9817,0.0061317929999999965,-0.009946742,70-H-0_healthy_belt_400rpm,research
9818,0.018319792999999994,-0.032290742,70-H-0_healthy_belt_400rpm,research
9819,-0.005743207000000004,-0.004477742,70-H-0_healthy_belt_400rpm,research
9820,-0.0004302070000000019,-0.012915742,70-H-0_healthy_belt_400rpm,research
9821,-0.038243207,0.026147258,70-H-0_healthy_belt_400rpm,research
9822,-0.016055207000000002,0.035678258,70-H-0_healthy_belt_400rpm,research
9823,-0.020430207000000002,-0.116821742,70-H-0_healthy_belt_400rpm,research
9824,0.059569792999999996,0.0070842579999999995,70-H-0_healthy_belt_400rpm,research
9825,-0.119180207,0.070522258,70-H-0_healthy_belt_400rpm,research
9826,0.010507792999999998,-0.040883742,70-H-0_healthy_belt_400rpm,research
9827,0.021756792999999996,-0.032602742000000004,70-H-0_healthy_belt_400rpm,research
9828,-0.06636820700000001,0.065991258,70-H-0_healthy_belt_400rpm,research
9829,-0.021368207000000004,-0.027602742,70-H-0_healthy_belt_400rpm,research
9830,0.07081979299999999,-0.016352742,70-H-0_healthy_belt_400rpm,research
9831,-0.017930207000000004,0.043803258,70-H-0_healthy_belt_400rpm,research
9832,-0.018867207000000004,-0.015883742,70-H-0_healthy_belt_400rpm,research
9833,-0.012618207000000003,0.023491258,70-H-0_healthy_belt_400rpm,research
9834,-0.038867207,-0.011977742,70-H-0_healthy_belt_400rpm,research
9835,-0.022930207,-0.030258741999999998,70-H-0_healthy_belt_400rpm,research
9836,0.014569792999999998,-0.014790741999999999,70-H-0_healthy_belt_400rpm,research
9837,-0.061368207,0.011147258,70-H-0_healthy_belt_400rpm,research
9838,-0.03793020700000001,0.012085258000000001,70-H-0_healthy_belt_400rpm,research
9839,0.0008197929999999957,-0.011196741999999999,70-H-0_healthy_belt_400rpm,research
9840,-0.027618207000000002,-0.005414742,70-H-0_healthy_belt_400rpm,research
9841,-0.014805207000000003,-0.006196742,70-H-0_healthy_belt_400rpm,research
9842,0.027381792999999995,0.007553258,70-H-0_healthy_belt_400rpm,research
9843,0.004569792999999996,0.009741258000000001,70-H-0_healthy_belt_400rpm,research
9844,-0.036367207,0.006772258,70-H-0_healthy_belt_400rpm,research
9845,0.024569793,0.008491258,70-H-0_healthy_belt_400rpm,research
9846,0.042382792999999995,0.004741258,70-H-0_healthy_belt_400rpm,research
9847,-0.017305207000000003,0.013178258000000002,70-H-0_healthy_belt_400rpm,research
9848,-0.019493207000000002,0.019116258,70-H-0_healthy_belt_400rpm,research
9849,-0.010117207000000003,-0.049321742,70-H-0_healthy_belt_400rpm,research
9850,0.009256792999999996,-0.024946742,70-H-0_healthy_belt_400rpm,research
9851,-0.0026182070000000026,0.014584258,70-H-0_healthy_belt_400rpm,research
9852,0.009569792999999997,-0.024008742,70-H-0_healthy_belt_400rpm,research
9853,-0.040742207,-0.000727742,70-H-0_healthy_belt_400rpm,research
9854,-0.051680207000000006,-0.036040742,70-H-0_healthy_belt_400rpm,research
9855,-0.051680207000000006,0.009585258000000001,70-H-0_healthy_belt_400rpm,research
9856,0.034256792999999994,0.016147258,70-H-0_healthy_belt_400rpm,research
9857,0.008944792999999996,0.053491258,70-H-0_healthy_belt_400rpm,research
9858,0.093319793,-0.010727742,70-H-0_healthy_belt_400rpm,research
9859,0.051444793,-0.027133742,70-H-0_healthy_belt_400rpm,research
9860,-0.041680207000000004,-0.006508742,70-H-0_healthy_belt_400rpm,research
9861,-0.051055207000000005,-0.017758742,70-H-0_healthy_belt_400rpm,research
9862,0.027694792999999995,-0.005414742,70-H-0_healthy_belt_400rpm,research
9863,-0.036367207,-0.005414742,70-H-0_healthy_belt_400rpm,research
9864,-0.052930207,0.012553258000000001,70-H-0_healthy_belt_400rpm,research
9865,-0.015743207000000002,-0.001821742,70-H-0_healthy_belt_400rpm,research
9866,-0.020117207,-0.042758742,70-H-0_healthy_belt_400rpm,research
9867,0.005819792999999997,-0.005414742,70-H-0_healthy_belt_400rpm,research
9868,0.026132792999999994,-0.026664741999999998,70-H-0_healthy_belt_400rpm,research
9869,-0.0010552070000000024,-0.009008742,70-H-0_healthy_belt_400rpm,research
9870,-0.016680207000000002,0.050366258,70-H-0_healthy_belt_400rpm,research
9871,0.039569793,-0.004633742,70-H-0_healthy_belt_400rpm,research
9872,0.004881792999999995,0.0014602579999999999,70-H-0_healthy_belt_400rpm,research
9873,0.013006792999999996,0.025522258,70-H-0_healthy_belt_400rpm,research
9874,0.016132793,0.008491258,70-H-0_healthy_belt_400rpm,research
9875,-0.014493207000000003,0.0016162579999999998,70-H-0_healthy_belt_400rpm,research
9876,-0.014180207000000004,-0.007133742,70-H-0_healthy_belt_400rpm,research
9877,-0.0013672070000000022,-0.009946742,70-H-0_healthy_belt_400rpm,research
9878,0.0039447929999999985,-0.026664741999999998,70-H-0_healthy_belt_400rpm,research
9879,0.018631792999999994,-0.024790742,70-H-0_healthy_belt_400rpm,research
9880,-0.018242207000000003,-0.005258742,70-H-0_healthy_belt_400rpm,research
9881,-0.0063682070000000025,0.016460258,70-H-0_healthy_belt_400rpm,research
9882,-0.017930207000000004,0.005678258,70-H-0_healthy_belt_400rpm,research
9883,0.013944792999999997,-0.065883742,70-H-0_healthy_belt_400rpm,research
9884,-0.028242207000000005,0.002710258,70-H-0_healthy_belt_400rpm,research
9885,-0.0063682070000000025,0.039272258,70-H-0_healthy_belt_400rpm,research
9886,-0.026368207000000005,0.016616258000000002,70-H-0_healthy_belt_400rpm,research
9887,-0.003555207000000003,-0.0005717419999999996,70-H-0_healthy_belt_400rpm,research
9888,0.016757793,-0.001665742,70-H-0_healthy_belt_400rpm,research
9889,-0.010117207000000003,-0.06682174199999999,70-H-0_healthy_belt_400rpm,research
9890,-0.052930207,0.017397258,70-H-0_healthy_belt_400rpm,research
9891,0.039257793,-0.050102742,70-H-0_healthy_belt_400rpm,research
9892,0.011444792999999998,0.042553258000000004,70-H-0_healthy_belt_400rpm,research
9893,-0.011992207000000003,0.004897258,70-H-0_healthy_belt_400rpm,research
9894,-0.016368207000000003,-0.014946741999999999,70-H-0_healthy_belt_400rpm,research
9895,-0.026055207000000004,-0.052133742,70-H-0_healthy_belt_400rpm,research
9896,0.04800679299999999,-0.020102742,70-H-0_healthy_belt_400rpm,research
9897,-0.027618207000000002,-0.074164742,70-H-0_healthy_belt_400rpm,research
9898,-0.051055207000000005,0.047085258,70-H-0_healthy_belt_400rpm,research
9899,-0.015743207000000002,-0.007758742,70-H-0_healthy_belt_400rpm,research
9900,0.004569792999999996,-0.045727742,70-H-0_healthy_belt_400rpm,research
9901,-0.018242207000000003,0.026928258000000004,70-H-0_healthy_belt_400rpm,research
9902,0.014569792999999998,0.038803258,70-H-0_healthy_belt_400rpm,research
9903,0.013631792999999996,-0.009477742,70-H-0_healthy_belt_400rpm,research
9904,0.008319792999999995,0.0034912580000000006,70-H-0_healthy_belt_400rpm,research
9905,-0.026368207000000005,0.005835257999999999,70-H-0_healthy_belt_400rpm,research
9906,-0.024805207000000003,0.011616258,70-H-0_healthy_belt_400rpm,research
9907,0.031132793,-0.031508742,70-H-0_healthy_belt_400rpm,research
9908,0.012694792999999996,0.001147258,70-H-0_healthy_belt_400rpm,research
9909,-0.016680207000000002,-0.038071742,70-H-0_healthy_belt_400rpm,research
9910,-0.0023052070000000036,-0.011196741999999999,70-H-0_healthy_belt_400rpm,research
9911,-0.048555207,-0.009633742,70-H-0_healthy_belt_400rpm,research
9912,0.007069792999999998,-0.040102742,70-H-0_healthy_belt_400rpm,research
9913,-0.005117207000000004,0.031616258,70-H-0_healthy_belt_400rpm,research
9914,-0.039805207,0.030991258,70-H-0_healthy_belt_400rpm,research
9915,-0.006992207000000004,-0.002758742,70-H-0_healthy_belt_400rpm,research
9916,0.025507792999999994,0.041772258,70-H-0_healthy_belt_400rpm,research
9917,-0.012305207000000002,0.013335258,70-H-0_healthy_belt_400rpm,research
9918,-0.041993207000000005,0.024272258,70-H-0_healthy_belt_400rpm,research
9919,0.06425679299999999,-0.028071742,70-H-0_healthy_belt_400rpm,research
9920,0.0061317929999999965,-0.003540742,70-H-0_healthy_belt_400rpm,research
9921,-0.018867207000000004,-0.011977742,70-H-0_healthy_belt_400rpm,research
9922,-0.012618207000000003,-0.016821742,70-H-0_healthy_belt_400rpm,research
9923,-0.032305207,-0.037133742,70-H-0_healthy_belt_400rpm,research
9924,0.016444793,0.045522258,70-H-0_healthy_belt_400rpm,research
9925,0.038007793,0.0036472580000000004,70-H-0_healthy_belt_400rpm,research
9926,-0.035743207,0.114116258,70-H-0_healthy_belt_400rpm,research
9927,-0.035118207,-0.014633742,70-H-0_healthy_belt_400rpm,research
9928,0.05519479299999999,-0.020571742,70-H-0_healthy_belt_400rpm,research
9929,-0.0004302070000000019,-0.011352741999999999,70-H-0_healthy_belt_400rpm,research
9930,0.023319793,-0.052602742,70-H-0_healthy_belt_400rpm,research
9931,-0.033868207000000004,0.003022258,70-H-0_healthy_belt_400rpm,research
9932,0.033632792999999994,-0.009008742,70-H-0_healthy_belt_400rpm,research
9933,-0.012305207000000002,0.020522258,70-H-0_healthy_belt_400rpm,research
9934,-0.052305207000000006,0.009741258000000001,70-H-0_healthy_belt_400rpm,research
9935,0.023007793,-0.021821741999999998,70-H-0_healthy_belt_400rpm,research
9936,0.007069792999999998,0.013178258000000002,70-H-0_healthy_belt_400rpm,research
9937,-0.0063682070000000025,-0.000727742,70-H-0_healthy_belt_400rpm,research
9938,-0.018555207000000004,0.027241257999999997,70-H-0_healthy_belt_400rpm,research
9939,-0.012305207000000002,-0.007289742,70-H-0_healthy_belt_400rpm,research
9940,-0.0013672070000000022,0.013178258000000002,70-H-0_healthy_belt_400rpm,research
9941,0.011757792999999996,0.050522258,70-H-0_healthy_belt_400rpm,research
9942,0.017694793,0.022553258,70-H-0_healthy_belt_400rpm,research
9943,-0.040742207,0.024585258,70-H-0_healthy_belt_400rpm,research
9944,0.041132792999999994,-0.034789742,70-H-0_healthy_belt_400rpm,research
9945,-0.022305207000000004,-0.013696742,70-H-0_healthy_belt_400rpm,research
9946,-0.015117207000000004,-0.006040742,70-H-0_healthy_belt_400rpm,research
9947,0.04925679299999999,-0.0011967419999999998,70-H-0_healthy_belt_400rpm,research
9948,-0.006055207000000003,0.015366258,70-H-0_healthy_belt_400rpm,research
9949,-0.024805207000000003,0.0031782579999999998,70-H-0_healthy_belt_400rpm,research
9950,-0.011992207000000003,0.038335258,70-H-0_healthy_belt_400rpm,research
9951,-0.030430207,0.039428258,70-H-0_healthy_belt_400rpm,research
9952,0.045194793,-0.018383742,70-H-0_healthy_belt_400rpm,research
9953,0.014882792999999998,0.013803257999999999,70-H-0_healthy_belt_400rpm,research
9954,-0.022618207,0.020678258,70-H-0_healthy_belt_400rpm,research
9955,0.047694793,0.046460258,70-H-0_healthy_belt_400rpm,research
9956,-0.020117207,-0.001665742,70-H-0_healthy_belt_400rpm,research
9957,0.066444793,-0.025571742,70-H-0_healthy_belt_400rpm,research
9958,0.011444792999999998,0.023647258,70-H-0_healthy_belt_400rpm,research
9959,0.023007793,0.008491258,70-H-0_healthy_belt_400rpm,research
9960,-0.008242207000000003,0.007553258,70-H-0_healthy_belt_400rpm,research
9961,0.005819792999999997,0.034116258000000003,70-H-0_healthy_belt_400rpm,research
9962,0.021756792999999996,-0.057446742,70-H-0_healthy_belt_400rpm,research
9963,0.0036327929999999953,0.0053662580000000005,70-H-0_healthy_belt_400rpm,research
9964,0.016132793,0.0053662580000000005,70-H-0_healthy_belt_400rpm,research
9965,-0.021368207000000004,0.006147258000000001,70-H-0_healthy_belt_400rpm,research
9966,-0.036055207000000006,-0.037290742,70-H-0_healthy_belt_400rpm,research
9967,0.041132792999999994,-0.010883742,70-H-0_healthy_belt_400rpm,research
9968,-0.018555207000000004,-0.024477742,70-H-0_healthy_belt_400rpm,research
9969,-0.053242207,0.030210257999999997,70-H-0_healthy_belt_400rpm,research
9970,0.023319793,0.013491257999999999,70-H-0_healthy_belt_400rpm,research
9971,-0.003555207000000003,-0.006821742,70-H-0_healthy_belt_400rpm,research
9972,-0.019180207000000005,0.006772258,70-H-0_healthy_belt_400rpm,research
9973,0.032694793,0.020991258,70-H-0_healthy_belt_400rpm,research
9974,0.028319792999999996,-0.015571742,70-H-0_healthy_belt_400rpm,research
9975,-0.0013672070000000022,0.009428258,70-H-0_healthy_belt_400rpm,research
9976,0.027694792999999995,-0.013696742,70-H-0_healthy_belt_400rpm,research
9977,-0.027305207000000005,0.004585258,70-H-0_healthy_belt_400rpm,research
9978,0.005819792999999997,0.020835258,70-H-0_healthy_belt_400rpm,research
9979,0.028319792999999996,0.018334258,70-H-0_healthy_belt_400rpm,research
9980,0.056132793,-0.042914742,70-H-0_healthy_belt_400rpm,research
9981,0.025819792999999994,-0.019633742,70-H-0_healthy_belt_400rpm,research
9982,-0.012930207000000003,0.015210258,70-H-0_healthy_belt_400rpm,research
9983,-0.042930207,-0.006196742,70-H-0_healthy_belt_400rpm,research
9984,0.001756792999999996,0.009897258,70-H-0_healthy_belt_400rpm,research
9985,0.016757793,-0.014164742,70-H-0_healthy_belt_400rpm,research
9986,-0.00011720700000000459,-0.037602742,70-H-0_healthy_belt_400rpm,research
9987,-0.049493207000000004,0.048334258,70-H-0_healthy_belt_400rpm,research
9988,0.000507792999999996,0.015678258,70-H-0_healthy_belt_400rpm,research
9989,0.00019479299999999866,0.0005222580000000003,70-H-0_healthy_belt_400rpm,research
9990,0.007069792999999998,-0.023696742,70-H-0_healthy_belt_400rpm,research
9991,-0.043867207000000005,-0.017290741999999998,70-H-0_healthy_belt_400rpm,research
9992,0.012381792999999999,0.025366258,70-H-0_healthy_belt_400rpm,research
9993,-0.005430207000000003,-0.020883742,70-H-0_healthy_belt_400rpm,research
9994,-0.013867207000000003,0.026303258,70-H-0_healthy_belt_400rpm,research
9995,-0.0004302070000000019,-0.073383742,70-H-0_healthy_belt_400rpm,research
9996,0.018319792999999994,-0.007133742,70-H-0_healthy_belt_400rpm,research
9997,0.008007792999999996,0.006928258,70-H-0_healthy_belt_400rpm,research
9998,0.005194792999999996,-0.038852742,70-H-0_healthy_belt_400rpm,research
9999,-0.026992207000000004,0.052085258,70-H-0_healthy_belt_400rpm,research
